name,sku,barcode,regular_price,stock,height_cm,color,status
Тестовий світильник 1,QA-00001,48200000001,3699,0,50,сірий,draft
Тестовий світильник 2,QA-00002,48200000002,4199,1,75,чорний,draft
Тестовий світильник 3,QA-00003,48200000003,4699,2,100,зелений,draft
Тестовий світильник 4,QA-00004,48200000004,5199,3,50,сірий,draft
Тестовий світильник 5,QA-00005,48200000005,5699,4,75,чорний,draft
Тестовий світильник 6,QA-00006,48200000006,3699,5,100,зелений,draft
Тестовий світильник 7,QA-00007,48200000007,4199,6,50,сірий,draft
Тестовий світильник 8,QA-00008,48200000008,4699,7,75,чорний,draft
Тестовий світильник 9,QA-00009,48200000009,5199,8,100,зелений,draft
Тестовий світильник 10,QA-00010,48200000010,5699,9,50,сірий,draft
Тестовий світильник 11,QA-00011,48200000011,3699,10,75,чорний,draft
Тестовий світильник 12,QA-00012,48200000012,4199,11,100,зелений,draft
Тестовий світильник 13,QA-00013,48200000013,4699,12,50,сірий,draft
Тестовий світильник 14,QA-00014,48200000014,5199,13,75,чорний,draft
Тестовий світильник 15,QA-00015,48200000015,5699,14,100,зелений,draft
Тестовий світильник 16,QA-00016,48200000016,3699,15,50,сірий,draft
Тестовий світильник 17,QA-00017,48200000017,4199,16,75,чорний,draft
Тестовий світильник 18,QA-00018,48200000018,4699,17,100,зелений,draft
Тестовий світильник 19,QA-00019,48200000019,5199,18,50,сірий,draft
Тестовий світильник 20,QA-00020,48200000020,5699,19,75,чорний,draft
Тестовий світильник 21,QA-00021,48200000021,3699,0,100,зелений,draft
Тестовий світильник 22,QA-00022,48200000022,4199,1,50,сірий,draft
Тестовий світильник 23,QA-00023,48200000023,4699,2,75,чорний,draft
Тестовий світильник 24,QA-00024,48200000024,5199,3,100,зелений,draft
Тестовий світильник 25,QA-00025,48200000025,5699,4,50,сірий,draft
Тестовий світильник 26,QA-00026,48200000026,3699,5,75,чорний,draft
Тестовий світильник 27,QA-00027,48200000027,4199,6,100,зелений,draft
Тестовий світильник 28,QA-00028,48200000028,4699,7,50,сірий,draft
Тестовий світильник 29,QA-00029,48200000029,5199,8,75,чорний,draft
Тестовий світильник 30,QA-00030,48200000030,5699,9,100,зелений,draft
Тестовий світильник 31,QA-00031,48200000031,3699,10,50,сірий,draft
Тестовий світильник 32,QA-00032,48200000032,4199,11,75,чорний,draft
Тестовий світильник 33,QA-00033,48200000033,4699,12,100,зелений,draft
Тестовий світильник 34,QA-00034,48200000034,5199,13,50,сірий,draft
Тестовий світильник 35,QA-00035,48200000035,5699,14,75,чорний,draft
Тестовий світильник 36,QA-00036,48200000036,3699,15,100,зелений,draft
Тестовий світильник 37,QA-00037,48200000037,4199,16,50,сірий,draft
Тестовий світильник 38,QA-00038,48200000038,4699,17,75,чорний,draft
Тестовий світильник 39,QA-00039,48200000039,5199,18,100,зелений,draft
Тестовий світильник 40,QA-00040,48200000040,5699,19,50,сірий,draft
Тестовий світильник 41,QA-00041,48200000041,3699,0,75,чорний,draft
Тестовий світильник 42,QA-00042,48200000042,4199,1,100,зелений,draft
Тестовий світильник 43,QA-00043,48200000043,4699,2,50,сірий,draft
Тестовий світильник 44,QA-00044,48200000044,5199,3,75,чорний,draft
Тестовий світильник 45,QA-00045,48200000045,5699,4,100,зелений,draft
Тестовий світильник 46,QA-00046,48200000046,3699,5,50,сірий,draft
Тестовий світильник 47,QA-00047,48200000047,4199,6,75,чорний,draft
Тестовий світильник 48,QA-00048,48200000048,4699,7,100,зелений,draft
Тестовий світильник 49,QA-00049,48200000049,5199,8,50,сірий,draft
Тестовий світильник 50,QA-00050,48200000050,5699,9,75,чорний,draft
Тестовий світильник 51,QA-00051,48200000051,3699,10,100,зелений,draft
Тестовий світильник 52,QA-00052,48200000052,4199,11,50,сірий,draft
Тестовий світильник 53,QA-00053,48200000053,4699,12,75,чорний,draft
Тестовий світильник 54,QA-00054,48200000054,5199,13,100,зелений,draft
Тестовий світильник 55,QA-00055,48200000055,5699,14,50,сірий,draft
Тестовий світильник 56,QA-00056,48200000056,3699,15,75,чорний,draft
Тестовий світильник 57,QA-00057,48200000057,4199,16,100,зелений,draft
Тестовий світильник 58,QA-00058,48200000058,4699,17,50,сірий,draft
Тестовий світильник 59,QA-00059,48200000059,5199,18,75,чорний,draft
Тестовий світильник 60,QA-00060,48200000060,5699,19,100,зелений,draft
Тестовий світильник 61,QA-00061,48200000061,3699,0,50,сірий,draft
Тестовий світильник 62,QA-00062,48200000062,4199,1,75,чорний,draft
Тестовий світильник 63,QA-00063,48200000063,4699,2,100,зелений,draft
Тестовий світильник 64,QA-00064,48200000064,5199,3,50,сірий,draft
Тестовий світильник 65,QA-00065,48200000065,5699,4,75,чорний,draft
Тестовий світильник 66,QA-00066,48200000066,3699,5,100,зелений,draft
Тестовий світильник 67,QA-00067,48200000067,4199,6,50,сірий,draft
Тестовий світильник 68,QA-00068,48200000068,4699,7,75,чорний,draft
Тестовий світильник 69,QA-00069,48200000069,5199,8,100,зелений,draft
Тестовий світильник 70,QA-00070,48200000070,5699,9,50,сірий,draft
Тестовий світильник 71,QA-00071,48200000071,3699,10,75,чорний,draft
Тестовий світильник 72,QA-00072,48200000072,4199,11,100,зелений,draft
Тестовий світильник 73,QA-00073,48200000073,4699,12,50,сірий,draft
Тестовий світильник 74,QA-00074,48200000074,5199,13,75,чорний,draft
Тестовий світильник 75,QA-00075,48200000075,5699,14,100,зелений,draft
Тестовий світильник 76,QA-00076,48200000076,3699,15,50,сірий,draft
Тестовий світильник 77,QA-00077,48200000077,4199,16,75,чорний,draft
Тестовий світильник 78,QA-00078,48200000078,4699,17,100,зелений,draft
Тестовий світильник 79,QA-00079,48200000079,5199,18,50,сірий,draft
Тестовий світильник 80,QA-00080,48200000080,5699,19,75,чорний,draft
Тестовий світильник 81,QA-00081,48200000081,3699,0,100,зелений,draft
Тестовий світильник 82,QA-00082,48200000082,4199,1,50,сірий,draft
Тестовий світильник 83,QA-00083,48200000083,4699,2,75,чорний,draft
Тестовий світильник 84,QA-00084,48200000084,5199,3,100,зелений,draft
Тестовий світильник 85,QA-00085,48200000085,5699,4,50,сірий,draft
Тестовий світильник 86,QA-00086,48200000086,3699,5,75,чорний,draft
Тестовий світильник 87,QA-00087,48200000087,4199,6,100,зелений,draft
Тестовий світильник 88,QA-00088,48200000088,4699,7,50,сірий,draft
Тестовий світильник 89,QA-00089,48200000089,5199,8,75,чорний,draft
Тестовий світильник 90,QA-00090,48200000090,5699,9,100,зелений,draft
Тестовий світильник 91,QA-00091,48200000091,3699,10,50,сірий,draft
Тестовий світильник 92,QA-00092,48200000092,4199,11,75,чорний,draft
Тестовий світильник 93,QA-00093,48200000093,4699,12,100,зелений,draft
Тестовий світильник 94,QA-00094,48200000094,5199,13,50,сірий,draft
Тестовий світильник 95,QA-00095,48200000095,5699,14,75,чорний,draft
Тестовий світильник 96,QA-00096,48200000096,3699,15,100,зелений,draft
Тестовий світильник 97,QA-00097,48200000097,4199,16,50,сірий,draft
Тестовий світильник 98,QA-00098,48200000098,4699,17,75,чорний,draft
Тестовий світильник 99,QA-00099,48200000099,5199,18,100,зелений,draft
Тестовий світильник 100,QA-00100,48200000100,5699,19,50,сірий,draft
Тестовий світильник 101,QA-00101,48200000101,3699,0,75,чорний,draft
Тестовий світильник 102,QA-00102,48200000102,4199,1,100,зелений,draft
Тестовий світильник 103,QA-00103,48200000103,4699,2,50,сірий,draft
Тестовий світильник 104,QA-00104,48200000104,5199,3,75,чорний,draft
Тестовий світильник 105,QA-00105,48200000105,5699,4,100,зелений,draft
Тестовий світильник 106,QA-00106,48200000106,3699,5,50,сірий,draft
Тестовий світильник 107,QA-00107,48200000107,4199,6,75,чорний,draft
Тестовий світильник 108,QA-00108,48200000108,4699,7,100,зелений,draft
Тестовий світильник 109,QA-00109,48200000109,5199,8,50,сірий,draft
Тестовий світильник 110,QA-00110,48200000110,5699,9,75,чорний,draft
Тестовий світильник 111,QA-00111,48200000111,3699,10,100,зелений,draft
Тестовий світильник 112,QA-00112,48200000112,4199,11,50,сірий,draft
Тестовий світильник 113,QA-00113,48200000113,4699,12,75,чорний,draft
Тестовий світильник 114,QA-00114,48200000114,5199,13,100,зелений,draft
Тестовий світильник 115,QA-00115,48200000115,5699,14,50,сірий,draft
Тестовий світильник 116,QA-00116,48200000116,3699,15,75,чорний,draft
Тестовий світильник 117,QA-00117,48200000117,4199,16,100,зелений,draft
Тестовий світильник 118,QA-00118,48200000118,4699,17,50,сірий,draft
Тестовий світильник 119,QA-00119,48200000119,5199,18,75,чорний,draft
Тестовий світильник 120,QA-00120,48200000120,5699,19,100,зелений,draft
Тестовий світильник 121,QA-00121,48200000121,3699,0,50,сірий,draft
Тестовий світильник 122,QA-00122,48200000122,4199,1,75,чорний,draft
Тестовий світильник 123,QA-00123,48200000123,4699,2,100,зелений,draft
Тестовий світильник 124,QA-00124,48200000124,5199,3,50,сірий,draft
Тестовий світильник 125,QA-00125,48200000125,5699,4,75,чорний,draft
Тестовий світильник 126,QA-00126,48200000126,3699,5,100,зелений,draft
Тестовий світильник 127,QA-00127,48200000127,4199,6,50,сірий,draft
Тестовий світильник 128,QA-00128,48200000128,4699,7,75,чорний,draft
Тестовий світильник 129,QA-00129,48200000129,5199,8,100,зелений,draft
Тестовий світильник 130,QA-00130,48200000130,5699,9,50,сірий,draft
Тестовий світильник 131,QA-00131,48200000131,3699,10,75,чорний,draft
Тестовий світильник 132,QA-00132,48200000132,4199,11,100,зелений,draft
Тестовий світильник 133,QA-00133,48200000133,4699,12,50,сірий,draft
Тестовий світильник 134,QA-00134,48200000134,5199,13,75,чорний,draft
Тестовий світильник 135,QA-00135,48200000135,5699,14,100,зелений,draft
Тестовий світильник 136,QA-00136,48200000136,3699,15,50,сірий,draft
Тестовий світильник 137,QA-00137,48200000137,4199,16,75,чорний,draft
Тестовий світильник 138,QA-00138,48200000138,4699,17,100,зелений,draft
Тестовий світильник 139,QA-00139,48200000139,5199,18,50,сірий,draft
Тестовий світильник 140,QA-00140,48200000140,5699,19,75,чорний,draft
Тестовий світильник 141,QA-00141,48200000141,3699,0,100,зелений,draft
Тестовий світильник 142,QA-00142,48200000142,4199,1,50,сірий,draft
Тестовий світильник 143,QA-00143,48200000143,4699,2,75,чорний,draft
Тестовий світильник 144,QA-00144,48200000144,5199,3,100,зелений,draft
Тестовий світильник 145,QA-00145,48200000145,5699,4,50,сірий,draft
Тестовий світильник 146,QA-00146,48200000146,3699,5,75,чорний,draft
Тестовий світильник 147,QA-00147,48200000147,4199,6,100,зелений,draft
Тестовий світильник 148,QA-00148,48200000148,4699,7,50,сірий,draft
Тестовий світильник 149,QA-00149,48200000149,5199,8,75,чорний,draft
Тестовий світильник 150,QA-00150,48200000150,5699,9,100,зелений,draft
Тестовий світильник 151,QA-00151,48200000151,3699,10,50,сірий,draft
Тестовий світильник 152,QA-00152,48200000152,4199,11,75,чорний,draft
Тестовий світильник 153,QA-00153,48200000153,4699,12,100,зелений,draft
Тестовий світильник 154,QA-00154,48200000154,5199,13,50,сірий,draft
Тестовий світильник 155,QA-00155,48200000155,5699,14,75,чорний,draft
Тестовий світильник 156,QA-00156,48200000156,3699,15,100,зелений,draft
Тестовий світильник 157,QA-00157,48200000157,4199,16,50,сірий,draft
Тестовий світильник 158,QA-00158,48200000158,4699,17,75,чорний,draft
Тестовий світильник 159,QA-00159,48200000159,5199,18,100,зелений,draft
Тестовий світильник 160,QA-00160,48200000160,5699,19,50,сірий,draft
Тестовий світильник 161,QA-00161,48200000161,3699,0,75,чорний,draft
Тестовий світильник 162,QA-00162,48200000162,4199,1,100,зелений,draft
Тестовий світильник 163,QA-00163,48200000163,4699,2,50,сірий,draft
Тестовий світильник 164,QA-00164,48200000164,5199,3,75,чорний,draft
Тестовий світильник 165,QA-00165,48200000165,5699,4,100,зелений,draft
Тестовий світильник 166,QA-00166,48200000166,3699,5,50,сірий,draft
Тестовий світильник 167,QA-00167,48200000167,4199,6,75,чорний,draft
Тестовий світильник 168,QA-00168,48200000168,4699,7,100,зелений,draft
Тестовий світильник 169,QA-00169,48200000169,5199,8,50,сірий,draft
Тестовий світильник 170,QA-00170,48200000170,5699,9,75,чорний,draft
Тестовий світильник 171,QA-00171,48200000171,3699,10,100,зелений,draft
Тестовий світильник 172,QA-00172,48200000172,4199,11,50,сірий,draft
Тестовий світильник 173,QA-00173,48200000173,4699,12,75,чорний,draft
Тестовий світильник 174,QA-00174,48200000174,5199,13,100,зелений,draft
Тестовий світильник 175,QA-00175,48200000175,5699,14,50,сірий,draft
Тестовий світильник 176,QA-00176,48200000176,3699,15,75,чорний,draft
Тестовий світильник 177,QA-00177,48200000177,4199,16,100,зелений,draft
Тестовий світильник 178,QA-00178,48200000178,4699,17,50,сірий,draft
Тестовий світильник 179,QA-00179,48200000179,5199,18,75,чорний,draft
Тестовий світильник 180,QA-00180,48200000180,5699,19,100,зелений,draft
Тестовий світильник 181,QA-00181,48200000181,3699,0,50,сірий,draft
Тестовий світильник 182,QA-00182,48200000182,4199,1,75,чорний,draft
Тестовий світильник 183,QA-00183,48200000183,4699,2,100,зелений,draft
Тестовий світильник 184,QA-00184,48200000184,5199,3,50,сірий,draft
Тестовий світильник 185,QA-00185,48200000185,5699,4,75,чорний,draft
Тестовий світильник 186,QA-00186,48200000186,3699,5,100,зелений,draft
Тестовий світильник 187,QA-00187,48200000187,4199,6,50,сірий,draft
Тестовий світильник 188,QA-00188,48200000188,4699,7,75,чорний,draft
Тестовий світильник 189,QA-00189,48200000189,5199,8,100,зелений,draft
Тестовий світильник 190,QA-00190,48200000190,5699,9,50,сірий,draft
Тестовий світильник 191,QA-00191,48200000191,3699,10,75,чорний,draft
Тестовий світильник 192,QA-00192,48200000192,4199,11,100,зелений,draft
Тестовий світильник 193,QA-00193,48200000193,4699,12,50,сірий,draft
Тестовий світильник 194,QA-00194,48200000194,5199,13,75,чорний,draft
Тестовий світильник 195,QA-00195,48200000195,5699,14,100,зелений,draft
Тестовий світильник 196,QA-00196,48200000196,3699,15,50,сірий,draft
Тестовий світильник 197,QA-00197,48200000197,4199,16,75,чорний,draft
Тестовий світильник 198,QA-00198,48200000198,4699,17,100,зелений,draft
Тестовий світильник 199,QA-00199,48200000199,5199,18,50,сірий,draft
Тестовий світильник 200,QA-00200,48200000200,5699,19,75,чорний,draft
Тестовий світильник 201,QA-00201,48200000201,3699,0,100,зелений,draft
Тестовий світильник 202,QA-00202,48200000202,4199,1,50,сірий,draft
Тестовий світильник 203,QA-00203,48200000203,4699,2,75,чорний,draft
Тестовий світильник 204,QA-00204,48200000204,5199,3,100,зелений,draft
Тестовий світильник 205,QA-00205,48200000205,5699,4,50,сірий,draft
Тестовий світильник 206,QA-00206,48200000206,3699,5,75,чорний,draft
Тестовий світильник 207,QA-00207,48200000207,4199,6,100,зелений,draft
Тестовий світильник 208,QA-00208,48200000208,4699,7,50,сірий,draft
Тестовий світильник 209,QA-00209,48200000209,5199,8,75,чорний,draft
Тестовий світильник 210,QA-00210,48200000210,5699,9,100,зелений,draft
Тестовий світильник 211,QA-00211,48200000211,3699,10,50,сірий,draft
Тестовий світильник 212,QA-00212,48200000212,4199,11,75,чорний,draft
Тестовий світильник 213,QA-00213,48200000213,4699,12,100,зелений,draft
Тестовий світильник 214,QA-00214,48200000214,5199,13,50,сірий,draft
Тестовий світильник 215,QA-00215,48200000215,5699,14,75,чорний,draft
Тестовий світильник 216,QA-00216,48200000216,3699,15,100,зелений,draft
Тестовий світильник 217,QA-00217,48200000217,4199,16,50,сірий,draft
Тестовий світильник 218,QA-00218,48200000218,4699,17,75,чорний,draft
Тестовий світильник 219,QA-00219,48200000219,5199,18,100,зелений,draft
Тестовий світильник 220,QA-00220,48200000220,5699,19,50,сірий,draft
Тестовий світильник 221,QA-00221,48200000221,3699,0,75,чорний,draft
Тестовий світильник 222,QA-00222,48200000222,4199,1,100,зелений,draft
Тестовий світильник 223,QA-00223,48200000223,4699,2,50,сірий,draft
Тестовий світильник 224,QA-00224,48200000224,5199,3,75,чорний,draft
Тестовий світильник 225,QA-00225,48200000225,5699,4,100,зелений,draft
Тестовий світильник 226,QA-00226,48200000226,3699,5,50,сірий,draft
Тестовий світильник 227,QA-00227,48200000227,4199,6,75,чорний,draft
Тестовий світильник 228,QA-00228,48200000228,4699,7,100,зелений,draft
Тестовий світильник 229,QA-00229,48200000229,5199,8,50,сірий,draft
Тестовий світильник 230,QA-00230,48200000230,5699,9,75,чорний,draft
Тестовий світильник 231,QA-00231,48200000231,3699,10,100,зелений,draft
Тестовий світильник 232,QA-00232,48200000232,4199,11,50,сірий,draft
Тестовий світильник 233,QA-00233,48200000233,4699,12,75,чорний,draft
Тестовий світильник 234,QA-00234,48200000234,5199,13,100,зелений,draft
Тестовий світильник 235,QA-00235,48200000235,5699,14,50,сірий,draft
Тестовий світильник 236,QA-00236,48200000236,3699,15,75,чорний,draft
Тестовий світильник 237,QA-00237,48200000237,4199,16,100,зелений,draft
Тестовий світильник 238,QA-00238,48200000238,4699,17,50,сірий,draft
Тестовий світильник 239,QA-00239,48200000239,5199,18,75,чорний,draft
Тестовий світильник 240,QA-00240,48200000240,5699,19,100,зелений,draft
Тестовий світильник 241,QA-00241,48200000241,3699,0,50,сірий,draft
Тестовий світильник 242,QA-00242,48200000242,4199,1,75,чорний,draft
Тестовий світильник 243,QA-00243,48200000243,4699,2,100,зелений,draft
Тестовий світильник 244,QA-00244,48200000244,5199,3,50,сірий,draft
Тестовий світильник 245,QA-00245,48200000245,5699,4,75,чорний,draft
Тестовий світильник 246,QA-00246,48200000246,3699,5,100,зелений,draft
Тестовий світильник 247,QA-00247,48200000247,4199,6,50,сірий,draft
Тестовий світильник 248,QA-00248,48200000248,4699,7,75,чорний,draft
Тестовий світильник 249,QA-00249,48200000249,5199,8,100,зелений,draft
Тестовий світильник 250,QA-00250,48200000250,5699,9,50,сірий,draft
Тестовий світильник 251,QA-00251,48200000251,3699,10,75,чорний,draft
Тестовий світильник 252,QA-00252,48200000252,4199,11,100,зелений,draft
Тестовий світильник 253,QA-00253,48200000253,4699,12,50,сірий,draft
Тестовий світильник 254,QA-00254,48200000254,5199,13,75,чорний,draft
Тестовий світильник 255,QA-00255,48200000255,5699,14,100,зелений,draft
Тестовий світильник 256,QA-00256,48200000256,3699,15,50,сірий,draft
Тестовий світильник 257,QA-00257,48200000257,4199,16,75,чорний,draft
Тестовий світильник 258,QA-00258,48200000258,4699,17,100,зелений,draft
Тестовий світильник 259,QA-00259,48200000259,5199,18,50,сірий,draft
Тестовий світильник 260,QA-00260,48200000260,5699,19,75,чорний,draft
Тестовий світильник 261,QA-00261,48200000261,3699,0,100,зелений,draft
Тестовий світильник 262,QA-00262,48200000262,4199,1,50,сірий,draft
Тестовий світильник 263,QA-00263,48200000263,4699,2,75,чорний,draft
Тестовий світильник 264,QA-00264,48200000264,5199,3,100,зелений,draft
Тестовий світильник 265,QA-00265,48200000265,5699,4,50,сірий,draft
Тестовий світильник 266,QA-00266,48200000266,3699,5,75,чорний,draft
Тестовий світильник 267,QA-00267,48200000267,4199,6,100,зелений,draft
Тестовий світильник 268,QA-00268,48200000268,4699,7,50,сірий,draft
Тестовий світильник 269,QA-00269,48200000269,5199,8,75,чорний,draft
Тестовий світильник 270,QA-00270,48200000270,5699,9,100,зелений,draft
Тестовий світильник 271,QA-00271,48200000271,3699,10,50,сірий,draft
Тестовий світильник 272,QA-00272,48200000272,4199,11,75,чорний,draft
Тестовий світильник 273,QA-00273,48200000273,4699,12,100,зелений,draft
Тестовий світильник 274,QA-00274,48200000274,5199,13,50,сірий,draft
Тестовий світильник 275,QA-00275,48200000275,5699,14,75,чорний,draft
Тестовий світильник 276,QA-00276,48200000276,3699,15,100,зелений,draft
Тестовий світильник 277,QA-00277,48200000277,4199,16,50,сірий,draft
Тестовий світильник 278,QA-00278,48200000278,4699,17,75,чорний,draft
Тестовий світильник 279,QA-00279,48200000279,5199,18,100,зелений,draft
Тестовий світильник 280,QA-00280,48200000280,5699,19,50,сірий,draft
Тестовий світильник 281,QA-00281,48200000281,3699,0,75,чорний,draft
Тестовий світильник 282,QA-00282,48200000282,4199,1,100,зелений,draft
Тестовий світильник 283,QA-00283,48200000283,4699,2,50,сірий,draft
Тестовий світильник 284,QA-00284,48200000284,5199,3,75,чорний,draft
Тестовий світильник 285,QA-00285,48200000285,5699,4,100,зелений,draft
Тестовий світильник 286,QA-00286,48200000286,3699,5,50,сірий,draft
Тестовий світильник 287,QA-00287,48200000287,4199,6,75,чорний,draft
Тестовий світильник 288,QA-00288,48200000288,4699,7,100,зелений,draft
Тестовий світильник 289,QA-00289,48200000289,5199,8,50,сірий,draft
Тестовий світильник 290,QA-00290,48200000290,5699,9,75,чорний,draft
Тестовий світильник 291,QA-00291,48200000291,3699,10,100,зелений,draft
Тестовий світильник 292,QA-00292,48200000292,4199,11,50,сірий,draft
Тестовий світильник 293,QA-00293,48200000293,4699,12,75,чорний,draft
Тестовий світильник 294,QA-00294,48200000294,5199,13,100,зелений,draft
Тестовий світильник 295,QA-00295,48200000295,5699,14,50,сірий,draft
Тестовий світильник 296,QA-00296,48200000296,3699,15,75,чорний,draft
Тестовий світильник 297,QA-00297,48200000297,4199,16,100,зелений,draft
Тестовий світильник 298,QA-00298,48200000298,4699,17,50,сірий,draft
Тестовий світильник 299,QA-00299,48200000299,5199,18,75,чорний,draft
Тестовий світильник 300,QA-00300,48200000300,5699,19,100,зелений,draft
Тестовий світильник 301,QA-00301,48200000301,3699,0,50,сірий,draft
Тестовий світильник 302,QA-00302,48200000302,4199,1,75,чорний,draft
Тестовий світильник 303,QA-00303,48200000303,4699,2,100,зелений,draft
Тестовий світильник 304,QA-00304,48200000304,5199,3,50,сірий,draft
Тестовий світильник 305,QA-00305,48200000305,5699,4,75,чорний,draft
Тестовий світильник 306,QA-00306,48200000306,3699,5,100,зелений,draft
Тестовий світильник 307,QA-00307,48200000307,4199,6,50,сірий,draft
Тестовий світильник 308,QA-00308,48200000308,4699,7,75,чорний,draft
Тестовий світильник 309,QA-00309,48200000309,5199,8,100,зелений,draft
Тестовий світильник 310,QA-00310,48200000310,5699,9,50,сірий,draft
Тестовий світильник 311,QA-00311,48200000311,3699,10,75,чорний,draft
Тестовий світильник 312,QA-00312,48200000312,4199,11,100,зелений,draft
Тестовий світильник 313,QA-00313,48200000313,4699,12,50,сірий,draft
Тестовий світильник 314,QA-00314,48200000314,5199,13,75,чорний,draft
Тестовий світильник 315,QA-00315,48200000315,5699,14,100,зелений,draft
Тестовий світильник 316,QA-00316,48200000316,3699,15,50,сірий,draft
Тестовий світильник 317,QA-00317,48200000317,4199,16,75,чорний,draft
Тестовий світильник 318,QA-00318,48200000318,4699,17,100,зелений,draft
Тестовий світильник 319,QA-00319,48200000319,5199,18,50,сірий,draft
Тестовий світильник 320,QA-00320,48200000320,5699,19,75,чорний,draft
Тестовий світильник 321,QA-00321,48200000321,3699,0,100,зелений,draft
Тестовий світильник 322,QA-00322,48200000322,4199,1,50,сірий,draft
Тестовий світильник 323,QA-00323,48200000323,4699,2,75,чорний,draft
Тестовий світильник 324,QA-00324,48200000324,5199,3,100,зелений,draft
Тестовий світильник 325,QA-00325,48200000325,5699,4,50,сірий,draft
Тестовий світильник 326,QA-00326,48200000326,3699,5,75,чорний,draft
Тестовий світильник 327,QA-00327,48200000327,4199,6,100,зелений,draft
Тестовий світильник 328,QA-00328,48200000328,4699,7,50,сірий,draft
Тестовий світильник 329,QA-00329,48200000329,5199,8,75,чорний,draft
Тестовий світильник 330,QA-00330,48200000330,5699,9,100,зелений,draft
Тестовий світильник 331,QA-00331,48200000331,3699,10,50,сірий,draft
Тестовий світильник 332,QA-00332,48200000332,4199,11,75,чорний,draft
Тестовий світильник 333,QA-00333,48200000333,4699,12,100,зелений,draft
Тестовий світильник 334,QA-00334,48200000334,5199,13,50,сірий,draft
Тестовий світильник 335,QA-00335,48200000335,5699,14,75,чорний,draft
Тестовий світильник 336,QA-00336,48200000336,3699,15,100,зелений,draft
Тестовий світильник 337,QA-00337,48200000337,4199,16,50,сірий,draft
Тестовий світильник 338,QA-00338,48200000338,4699,17,75,чорний,draft
Тестовий світильник 339,QA-00339,48200000339,5199,18,100,зелений,draft
Тестовий світильник 340,QA-00340,48200000340,5699,19,50,сірий,draft
Тестовий світильник 341,QA-00341,48200000341,3699,0,75,чорний,draft
Тестовий світильник 342,QA-00342,48200000342,4199,1,100,зелений,draft
Тестовий світильник 343,QA-00343,48200000343,4699,2,50,сірий,draft
Тестовий світильник 344,QA-00344,48200000344,5199,3,75,чорний,draft
Тестовий світильник 345,QA-00345,48200000345,5699,4,100,зелений,draft
Тестовий світильник 346,QA-00346,48200000346,3699,5,50,сірий,draft
Тестовий світильник 347,QA-00347,48200000347,4199,6,75,чорний,draft
Тестовий світильник 348,QA-00348,48200000348,4699,7,100,зелений,draft
Тестовий світильник 349,QA-00349,48200000349,5199,8,50,сірий,draft
Тестовий світильник 350,QA-00350,48200000350,5699,9,75,чорний,draft
Тестовий світильник 351,QA-00351,48200000351,3699,10,100,зелений,draft
Тестовий світильник 352,QA-00352,48200000352,4199,11,50,сірий,draft
Тестовий світильник 353,QA-00353,48200000353,4699,12,75,чорний,draft
Тестовий світильник 354,QA-00354,48200000354,5199,13,100,зелений,draft
Тестовий світильник 355,QA-00355,48200000355,5699,14,50,сірий,draft
Тестовий світильник 356,QA-00356,48200000356,3699,15,75,чорний,draft
Тестовий світильник 357,QA-00357,48200000357,4199,16,100,зелений,draft
Тестовий світильник 358,QA-00358,48200000358,4699,17,50,сірий,draft
Тестовий світильник 359,QA-00359,48200000359,5199,18,75,чорний,draft
Тестовий світильник 360,QA-00360,48200000360,5699,19,100,зелений,draft
Тестовий світильник 361,QA-00361,48200000361,3699,0,50,сірий,draft
Тестовий світильник 362,QA-00362,48200000362,4199,1,75,чорний,draft
Тестовий світильник 363,QA-00363,48200000363,4699,2,100,зелений,draft
Тестовий світильник 364,QA-00364,48200000364,5199,3,50,сірий,draft
Тестовий світильник 365,QA-00365,48200000365,5699,4,75,чорний,draft
Тестовий світильник 366,QA-00366,48200000366,3699,5,100,зелений,draft
Тестовий світильник 367,QA-00367,48200000367,4199,6,50,сірий,draft
Тестовий світильник 368,QA-00368,48200000368,4699,7,75,чорний,draft
Тестовий світильник 369,QA-00369,48200000369,5199,8,100,зелений,draft
Тестовий світильник 370,QA-00370,48200000370,5699,9,50,сірий,draft
Тестовий світильник 371,QA-00371,48200000371,3699,10,75,чорний,draft
Тестовий світильник 372,QA-00372,48200000372,4199,11,100,зелений,draft
Тестовий світильник 373,QA-00373,48200000373,4699,12,50,сірий,draft
Тестовий світильник 374,QA-00374,48200000374,5199,13,75,чорний,draft
Тестовий світильник 375,QA-00375,48200000375,5699,14,100,зелений,draft
Тестовий світильник 376,QA-00376,48200000376,3699,15,50,сірий,draft
Тестовий світильник 377,QA-00377,48200000377,4199,16,75,чорний,draft
Тестовий світильник 378,QA-00378,48200000378,4699,17,100,зелений,draft
Тестовий світильник 379,QA-00379,48200000379,5199,18,50,сірий,draft
Тестовий світильник 380,QA-00380,48200000380,5699,19,75,чорний,draft
Тестовий світильник 381,QA-00381,48200000381,3699,0,100,зелений,draft
Тестовий світильник 382,QA-00382,48200000382,4199,1,50,сірий,draft
Тестовий світильник 383,QA-00383,48200000383,4699,2,75,чорний,draft
Тестовий світильник 384,QA-00384,48200000384,5199,3,100,зелений,draft
Тестовий світильник 385,QA-00385,48200000385,5699,4,50,сірий,draft
Тестовий світильник 386,QA-00386,48200000386,3699,5,75,чорний,draft
Тестовий світильник 387,QA-00387,48200000387,4199,6,100,зелений,draft
Тестовий світильник 388,QA-00388,48200000388,4699,7,50,сірий,draft
Тестовий світильник 389,QA-00389,48200000389,5199,8,75,чорний,draft
Тестовий світильник 390,QA-00390,48200000390,5699,9,100,зелений,draft
Тестовий світильник 391,QA-00391,48200000391,3699,10,50,сірий,draft
Тестовий світильник 392,QA-00392,48200000392,4199,11,75,чорний,draft
Тестовий світильник 393,QA-00393,48200000393,4699,12,100,зелений,draft
Тестовий світильник 394,QA-00394,48200000394,5199,13,50,сірий,draft
Тестовий світильник 395,QA-00395,48200000395,5699,14,75,чорний,draft
Тестовий світильник 396,QA-00396,48200000396,3699,15,100,зелений,draft
Тестовий світильник 397,QA-00397,48200000397,4199,16,50,сірий,draft
Тестовий світильник 398,QA-00398,48200000398,4699,17,75,чорний,draft
Тестовий світильник 399,QA-00399,48200000399,5199,18,100,зелений,draft
Тестовий світильник 400,QA-00400,48200000400,5699,19,50,сірий,draft
Тестовий світильник 401,QA-00401,48200000401,3699,0,75,чорний,draft
Тестовий світильник 402,QA-00402,48200000402,4199,1,100,зелений,draft
Тестовий світильник 403,QA-00403,48200000403,4699,2,50,сірий,draft
Тестовий світильник 404,QA-00404,48200000404,5199,3,75,чорний,draft
Тестовий світильник 405,QA-00405,48200000405,5699,4,100,зелений,draft
Тестовий світильник 406,QA-00406,48200000406,3699,5,50,сірий,draft
Тестовий світильник 407,QA-00407,48200000407,4199,6,75,чорний,draft
Тестовий світильник 408,QA-00408,48200000408,4699,7,100,зелений,draft
Тестовий світильник 409,QA-00409,48200000409,5199,8,50,сірий,draft
Тестовий світильник 410,QA-00410,48200000410,5699,9,75,чорний,draft
Тестовий світильник 411,QA-00411,48200000411,3699,10,100,зелений,draft
Тестовий світильник 412,QA-00412,48200000412,4199,11,50,сірий,draft
Тестовий світильник 413,QA-00413,48200000413,4699,12,75,чорний,draft
Тестовий світильник 414,QA-00414,48200000414,5199,13,100,зелений,draft
Тестовий світильник 415,QA-00415,48200000415,5699,14,50,сірий,draft
Тестовий світильник 416,QA-00416,48200000416,3699,15,75,чорний,draft
Тестовий світильник 417,QA-00417,48200000417,4199,16,100,зелений,draft
Тестовий світильник 418,QA-00418,48200000418,4699,17,50,сірий,draft
Тестовий світильник 419,QA-00419,48200000419,5199,18,75,чорний,draft
Тестовий світильник 420,QA-00420,48200000420,5699,19,100,зелений,draft
Тестовий світильник 421,QA-00421,48200000421,3699,0,50,сірий,draft
Тестовий світильник 422,QA-00422,48200000422,4199,1,75,чорний,draft
Тестовий світильник 423,QA-00423,48200000423,4699,2,100,зелений,draft
Тестовий світильник 424,QA-00424,48200000424,5199,3,50,сірий,draft
Тестовий світильник 425,QA-00425,48200000425,5699,4,75,чорний,draft
Тестовий світильник 426,QA-00426,48200000426,3699,5,100,зелений,draft
Тестовий світильник 427,QA-00427,48200000427,4199,6,50,сірий,draft
Тестовий світильник 428,QA-00428,48200000428,4699,7,75,чорний,draft
Тестовий світильник 429,QA-00429,48200000429,5199,8,100,зелений,draft
Тестовий світильник 430,QA-00430,48200000430,5699,9,50,сірий,draft
Тестовий світильник 431,QA-00431,48200000431,3699,10,75,чорний,draft
Тестовий світильник 432,QA-00432,48200000432,4199,11,100,зелений,draft
Тестовий світильник 433,QA-00433,48200000433,4699,12,50,сірий,draft
Тестовий світильник 434,QA-00434,48200000434,5199,13,75,чорний,draft
Тестовий світильник 435,QA-00435,48200000435,5699,14,100,зелений,draft
Тестовий світильник 436,QA-00436,48200000436,3699,15,50,сірий,draft
Тестовий світильник 437,QA-00437,48200000437,4199,16,75,чорний,draft
Тестовий світильник 438,QA-00438,48200000438,4699,17,100,зелений,draft
Тестовий світильник 439,QA-00439,48200000439,5199,18,50,сірий,draft
Тестовий світильник 440,QA-00440,48200000440,5699,19,75,чорний,draft
Тестовий світильник 441,QA-00441,48200000441,3699,0,100,зелений,draft
Тестовий світильник 442,QA-00442,48200000442,4199,1,50,сірий,draft
Тестовий світильник 443,QA-00443,48200000443,4699,2,75,чорний,draft
Тестовий світильник 444,QA-00444,48200000444,5199,3,100,зелений,draft
Тестовий світильник 445,QA-00445,48200000445,5699,4,50,сірий,draft
Тестовий світильник 446,QA-00446,48200000446,3699,5,75,чорний,draft
Тестовий світильник 447,QA-00447,48200000447,4199,6,100,зелений,draft
Тестовий світильник 448,QA-00448,48200000448,4699,7,50,сірий,draft
Тестовий світильник 449,QA-00449,48200000449,5199,8,75,чорний,draft
Тестовий світильник 450,QA-00450,48200000450,5699,9,100,зелений,draft
Тестовий світильник 451,QA-00451,48200000451,3699,10,50,сірий,draft
Тестовий світильник 452,QA-00452,48200000452,4199,11,75,чорний,draft
Тестовий світильник 453,QA-00453,48200000453,4699,12,100,зелений,draft
Тестовий світильник 454,QA-00454,48200000454,5199,13,50,сірий,draft
Тестовий світильник 455,QA-00455,48200000455,5699,14,75,чорний,draft
Тестовий світильник 456,QA-00456,48200000456,3699,15,100,зелений,draft
Тестовий світильник 457,QA-00457,48200000457,4199,16,50,сірий,draft
Тестовий світильник 458,QA-00458,48200000458,4699,17,75,чорний,draft
Тестовий світильник 459,QA-00459,48200000459,5199,18,100,зелений,draft
Тестовий світильник 460,QA-00460,48200000460,5699,19,50,сірий,draft
Тестовий світильник 461,QA-00461,48200000461,3699,0,75,чорний,draft
Тестовий світильник 462,QA-00462,48200000462,4199,1,100,зелений,draft
Тестовий світильник 463,QA-00463,48200000463,4699,2,50,сірий,draft
Тестовий світильник 464,QA-00464,48200000464,5199,3,75,чорний,draft
Тестовий світильник 465,QA-00465,48200000465,5699,4,100,зелений,draft
Тестовий світильник 466,QA-00466,48200000466,3699,5,50,сірий,draft
Тестовий світильник 467,QA-00467,48200000467,4199,6,75,чорний,draft
Тестовий світильник 468,QA-00468,48200000468,4699,7,100,зелений,draft
Тестовий світильник 469,QA-00469,48200000469,5199,8,50,сірий,draft
Тестовий світильник 470,QA-00470,48200000470,5699,9,75,чорний,draft
Тестовий світильник 471,QA-00471,48200000471,3699,10,100,зелений,draft
Тестовий світильник 472,QA-00472,48200000472,4199,11,50,сірий,draft
Тестовий світильник 473,QA-00473,48200000473,4699,12,75,чорний,draft
Тестовий світильник 474,QA-00474,48200000474,5199,13,100,зелений,draft
Тестовий світильник 475,QA-00475,48200000475,5699,14,50,сірий,draft
Тестовий світильник 476,QA-00476,48200000476,3699,15,75,чорний,draft
Тестовий світильник 477,QA-00477,48200000477,4199,16,100,зелений,draft
Тестовий світильник 478,QA-00478,48200000478,4699,17,50,сірий,draft
Тестовий світильник 479,QA-00479,48200000479,5199,18,75,чорний,draft
Тестовий світильник 480,QA-00480,48200000480,5699,19,100,зелений,draft
Тестовий світильник 481,QA-00481,48200000481,3699,0,50,сірий,draft
Тестовий світильник 482,QA-00482,48200000482,4199,1,75,чорний,draft
Тестовий світильник 483,QA-00483,48200000483,4699,2,100,зелений,draft
Тестовий світильник 484,QA-00484,48200000484,5199,3,50,сірий,draft
Тестовий світильник 485,QA-00485,48200000485,5699,4,75,чорний,draft
Тестовий світильник 486,QA-00486,48200000486,3699,5,100,зелений,draft
Тестовий світильник 487,QA-00487,48200000487,4199,6,50,сірий,draft
Тестовий світильник 488,QA-00488,48200000488,4699,7,75,чорний,draft
Тестовий світильник 489,QA-00489,48200000489,5199,8,100,зелений,draft
Тестовий світильник 490,QA-00490,48200000490,5699,9,50,сірий,draft
Тестовий світильник 491,QA-00491,48200000491,3699,10,75,чорний,draft
Тестовий світильник 492,QA-00492,48200000492,4199,11,100,зелений,draft
Тестовий світильник 493,QA-00493,48200000493,4699,12,50,сірий,draft
Тестовий світильник 494,QA-00494,48200000494,5199,13,75,чорний,draft
Тестовий світильник 495,QA-00495,48200000495,5699,14,100,зелений,draft
Тестовий світильник 496,QA-00496,48200000496,3699,15,50,сірий,draft
Тестовий світильник 497,QA-00497,48200000497,4199,16,75,чорний,draft
Тестовий світильник 498,QA-00498,48200000498,4699,17,100,зелений,draft
Тестовий світильник 499,QA-00499,48200000499,5199,18,50,сірий,draft
Тестовий світильник 500,QA-00500,48200000500,5699,19,75,чорний,draft
Тестовий світильник 501,QA-00501,48200000501,3699,0,100,зелений,draft
Тестовий світильник 502,QA-00502,48200000502,4199,1,50,сірий,draft
Тестовий світильник 503,QA-00503,48200000503,4699,2,75,чорний,draft
Тестовий світильник 504,QA-00504,48200000504,5199,3,100,зелений,draft
Тестовий світильник 505,QA-00505,48200000505,5699,4,50,сірий,draft
Тестовий світильник 506,QA-00506,48200000506,3699,5,75,чорний,draft
Тестовий світильник 507,QA-00507,48200000507,4199,6,100,зелений,draft
Тестовий світильник 508,QA-00508,48200000508,4699,7,50,сірий,draft
Тестовий світильник 509,QA-00509,48200000509,5199,8,75,чорний,draft
Тестовий світильник 510,QA-00510,48200000510,5699,9,100,зелений,draft
Тестовий світильник 511,QA-00511,48200000511,3699,10,50,сірий,draft
Тестовий світильник 512,QA-00512,48200000512,4199,11,75,чорний,draft
Тестовий світильник 513,QA-00513,48200000513,4699,12,100,зелений,draft
Тестовий світильник 514,QA-00514,48200000514,5199,13,50,сірий,draft
Тестовий світильник 515,QA-00515,48200000515,5699,14,75,чорний,draft
Тестовий світильник 516,QA-00516,48200000516,3699,15,100,зелений,draft
Тестовий світильник 517,QA-00517,48200000517,4199,16,50,сірий,draft
Тестовий світильник 518,QA-00518,48200000518,4699,17,75,чорний,draft
Тестовий світильник 519,QA-00519,48200000519,5199,18,100,зелений,draft
Тестовий світильник 520,QA-00520,48200000520,5699,19,50,сірий,draft
Тестовий світильник 521,QA-00521,48200000521,3699,0,75,чорний,draft
Тестовий світильник 522,QA-00522,48200000522,4199,1,100,зелений,draft
Тестовий світильник 523,QA-00523,48200000523,4699,2,50,сірий,draft
Тестовий світильник 524,QA-00524,48200000524,5199,3,75,чорний,draft
Тестовий світильник 525,QA-00525,48200000525,5699,4,100,зелений,draft
Тестовий світильник 526,QA-00526,48200000526,3699,5,50,сірий,draft
Тестовий світильник 527,QA-00527,48200000527,4199,6,75,чорний,draft
Тестовий світильник 528,QA-00528,48200000528,4699,7,100,зелений,draft
Тестовий світильник 529,QA-00529,48200000529,5199,8,50,сірий,draft
Тестовий світильник 530,QA-00530,48200000530,5699,9,75,чорний,draft
Тестовий світильник 531,QA-00531,48200000531,3699,10,100,зелений,draft
Тестовий світильник 532,QA-00532,48200000532,4199,11,50,сірий,draft
Тестовий світильник 533,QA-00533,48200000533,4699,12,75,чорний,draft
Тестовий світильник 534,QA-00534,48200000534,5199,13,100,зелений,draft
Тестовий світильник 535,QA-00535,48200000535,5699,14,50,сірий,draft
Тестовий світильник 536,QA-00536,48200000536,3699,15,75,чорний,draft
Тестовий світильник 537,QA-00537,48200000537,4199,16,100,зелений,draft
Тестовий світильник 538,QA-00538,48200000538,4699,17,50,сірий,draft
Тестовий світильник 539,QA-00539,48200000539,5199,18,75,чорний,draft
Тестовий світильник 540,QA-00540,48200000540,5699,19,100,зелений,draft
Тестовий світильник 541,QA-00541,48200000541,3699,0,50,сірий,draft
Тестовий світильник 542,QA-00542,48200000542,4199,1,75,чорний,draft
Тестовий світильник 543,QA-00543,48200000543,4699,2,100,зелений,draft
Тестовий світильник 544,QA-00544,48200000544,5199,3,50,сірий,draft
Тестовий світильник 545,QA-00545,48200000545,5699,4,75,чорний,draft
Тестовий світильник 546,QA-00546,48200000546,3699,5,100,зелений,draft
Тестовий світильник 547,QA-00547,48200000547,4199,6,50,сірий,draft
Тестовий світильник 548,QA-00548,48200000548,4699,7,75,чорний,draft
Тестовий світильник 549,QA-00549,48200000549,5199,8,100,зелений,draft
Тестовий світильник 550,QA-00550,48200000550,5699,9,50,сірий,draft
Тестовий світильник 551,QA-00551,48200000551,3699,10,75,чорний,draft
Тестовий світильник 552,QA-00552,48200000552,4199,11,100,зелений,draft
Тестовий світильник 553,QA-00553,48200000553,4699,12,50,сірий,draft
Тестовий світильник 554,QA-00554,48200000554,5199,13,75,чорний,draft
Тестовий світильник 555,QA-00555,48200000555,5699,14,100,зелений,draft
Тестовий світильник 556,QA-00556,48200000556,3699,15,50,сірий,draft
Тестовий світильник 557,QA-00557,48200000557,4199,16,75,чорний,draft
Тестовий світильник 558,QA-00558,48200000558,4699,17,100,зелений,draft
Тестовий світильник 559,QA-00559,48200000559,5199,18,50,сірий,draft
Тестовий світильник 560,QA-00560,48200000560,5699,19,75,чорний,draft
Тестовий світильник 561,QA-00561,48200000561,3699,0,100,зелений,draft
Тестовий світильник 562,QA-00562,48200000562,4199,1,50,сірий,draft
Тестовий світильник 563,QA-00563,48200000563,4699,2,75,чорний,draft
Тестовий світильник 564,QA-00564,48200000564,5199,3,100,зелений,draft
Тестовий світильник 565,QA-00565,48200000565,5699,4,50,сірий,draft
Тестовий світильник 566,QA-00566,48200000566,3699,5,75,чорний,draft
Тестовий світильник 567,QA-00567,48200000567,4199,6,100,зелений,draft
Тестовий світильник 568,QA-00568,48200000568,4699,7,50,сірий,draft
Тестовий світильник 569,QA-00569,48200000569,5199,8,75,чорний,draft
Тестовий світильник 570,QA-00570,48200000570,5699,9,100,зелений,draft
Тестовий світильник 571,QA-00571,48200000571,3699,10,50,сірий,draft
Тестовий світильник 572,QA-00572,48200000572,4199,11,75,чорний,draft
Тестовий світильник 573,QA-00573,48200000573,4699,12,100,зелений,draft
Тестовий світильник 574,QA-00574,48200000574,5199,13,50,сірий,draft
Тестовий світильник 575,QA-00575,48200000575,5699,14,75,чорний,draft
Тестовий світильник 576,QA-00576,48200000576,3699,15,100,зелений,draft
Тестовий світильник 577,QA-00577,48200000577,4199,16,50,сірий,draft
Тестовий світильник 578,QA-00578,48200000578,4699,17,75,чорний,draft
Тестовий світильник 579,QA-00579,48200000579,5199,18,100,зелений,draft
Тестовий світильник 580,QA-00580,48200000580,5699,19,50,сірий,draft
Тестовий світильник 581,QA-00581,48200000581,3699,0,75,чорний,draft
Тестовий світильник 582,QA-00582,48200000582,4199,1,100,зелений,draft
Тестовий світильник 583,QA-00583,48200000583,4699,2,50,сірий,draft
Тестовий світильник 584,QA-00584,48200000584,5199,3,75,чорний,draft
Тестовий світильник 585,QA-00585,48200000585,5699,4,100,зелений,draft
Тестовий світильник 586,QA-00586,48200000586,3699,5,50,сірий,draft
Тестовий світильник 587,QA-00587,48200000587,4199,6,75,чорний,draft
Тестовий світильник 588,QA-00588,48200000588,4699,7,100,зелений,draft
Тестовий світильник 589,QA-00589,48200000589,5199,8,50,сірий,draft
Тестовий світильник 590,QA-00590,48200000590,5699,9,75,чорний,draft
Тестовий світильник 591,QA-00591,48200000591,3699,10,100,зелений,draft
Тестовий світильник 592,QA-00592,48200000592,4199,11,50,сірий,draft
Тестовий світильник 593,QA-00593,48200000593,4699,12,75,чорний,draft
Тестовий світильник 594,QA-00594,48200000594,5199,13,100,зелений,draft
Тестовий світильник 595,QA-00595,48200000595,5699,14,50,сірий,draft
Тестовий світильник 596,QA-00596,48200000596,3699,15,75,чорний,draft
Тестовий світильник 597,QA-00597,48200000597,4199,16,100,зелений,draft
Тестовий світильник 598,QA-00598,48200000598,4699,17,50,сірий,draft
Тестовий світильник 599,QA-00599,48200000599,5199,18,75,чорний,draft
Тестовий світильник 600,QA-00600,48200000600,5699,19,100,зелений,draft
Тестовий світильник 601,QA-00601,48200000601,3699,0,50,сірий,draft
Тестовий світильник 602,QA-00602,48200000602,4199,1,75,чорний,draft
Тестовий світильник 603,QA-00603,48200000603,4699,2,100,зелений,draft
Тестовий світильник 604,QA-00604,48200000604,5199,3,50,сірий,draft
Тестовий світильник 605,QA-00605,48200000605,5699,4,75,чорний,draft
Тестовий світильник 606,QA-00606,48200000606,3699,5,100,зелений,draft
Тестовий світильник 607,QA-00607,48200000607,4199,6,50,сірий,draft
Тестовий світильник 608,QA-00608,48200000608,4699,7,75,чорний,draft
Тестовий світильник 609,QA-00609,48200000609,5199,8,100,зелений,draft
Тестовий світильник 610,QA-00610,48200000610,5699,9,50,сірий,draft
Тестовий світильник 611,QA-00611,48200000611,3699,10,75,чорний,draft
Тестовий світильник 612,QA-00612,48200000612,4199,11,100,зелений,draft
Тестовий світильник 613,QA-00613,48200000613,4699,12,50,сірий,draft
Тестовий світильник 614,QA-00614,48200000614,5199,13,75,чорний,draft
Тестовий світильник 615,QA-00615,48200000615,5699,14,100,зелений,draft
Тестовий світильник 616,QA-00616,48200000616,3699,15,50,сірий,draft
Тестовий світильник 617,QA-00617,48200000617,4199,16,75,чорний,draft
Тестовий світильник 618,QA-00618,48200000618,4699,17,100,зелений,draft
Тестовий світильник 619,QA-00619,48200000619,5199,18,50,сірий,draft
Тестовий світильник 620,QA-00620,48200000620,5699,19,75,чорний,draft
Тестовий світильник 621,QA-00621,48200000621,3699,0,100,зелений,draft
Тестовий світильник 622,QA-00622,48200000622,4199,1,50,сірий,draft
Тестовий світильник 623,QA-00623,48200000623,4699,2,75,чорний,draft
Тестовий світильник 624,QA-00624,48200000624,5199,3,100,зелений,draft
Тестовий світильник 625,QA-00625,48200000625,5699,4,50,сірий,draft
Тестовий світильник 626,QA-00626,48200000626,3699,5,75,чорний,draft
Тестовий світильник 627,QA-00627,48200000627,4199,6,100,зелений,draft
Тестовий світильник 628,QA-00628,48200000628,4699,7,50,сірий,draft
Тестовий світильник 629,QA-00629,48200000629,5199,8,75,чорний,draft
Тестовий світильник 630,QA-00630,48200000630,5699,9,100,зелений,draft
Тестовий світильник 631,QA-00631,48200000631,3699,10,50,сірий,draft
Тестовий світильник 632,QA-00632,48200000632,4199,11,75,чорний,draft
Тестовий світильник 633,QA-00633,48200000633,4699,12,100,зелений,draft
Тестовий світильник 634,QA-00634,48200000634,5199,13,50,сірий,draft
Тестовий світильник 635,QA-00635,48200000635,5699,14,75,чорний,draft
Тестовий світильник 636,QA-00636,48200000636,3699,15,100,зелений,draft
Тестовий світильник 637,QA-00637,48200000637,4199,16,50,сірий,draft
Тестовий світильник 638,QA-00638,48200000638,4699,17,75,чорний,draft
Тестовий світильник 639,QA-00639,48200000639,5199,18,100,зелений,draft
Тестовий світильник 640,QA-00640,48200000640,5699,19,50,сірий,draft
Тестовий світильник 641,QA-00641,48200000641,3699,0,75,чорний,draft
Тестовий світильник 642,QA-00642,48200000642,4199,1,100,зелений,draft
Тестовий світильник 643,QA-00643,48200000643,4699,2,50,сірий,draft
Тестовий світильник 644,QA-00644,48200000644,5199,3,75,чорний,draft
Тестовий світильник 645,QA-00645,48200000645,5699,4,100,зелений,draft
Тестовий світильник 646,QA-00646,48200000646,3699,5,50,сірий,draft
Тестовий світильник 647,QA-00647,48200000647,4199,6,75,чорний,draft
Тестовий світильник 648,QA-00648,48200000648,4699,7,100,зелений,draft
Тестовий світильник 649,QA-00649,48200000649,5199,8,50,сірий,draft
Тестовий світильник 650,QA-00650,48200000650,5699,9,75,чорний,draft
Тестовий світильник 651,QA-00651,48200000651,3699,10,100,зелений,draft
Тестовий світильник 652,QA-00652,48200000652,4199,11,50,сірий,draft
Тестовий світильник 653,QA-00653,48200000653,4699,12,75,чорний,draft
Тестовий світильник 654,QA-00654,48200000654,5199,13,100,зелений,draft
Тестовий світильник 655,QA-00655,48200000655,5699,14,50,сірий,draft
Тестовий світильник 656,QA-00656,48200000656,3699,15,75,чорний,draft
Тестовий світильник 657,QA-00657,48200000657,4199,16,100,зелений,draft
Тестовий світильник 658,QA-00658,48200000658,4699,17,50,сірий,draft
Тестовий світильник 659,QA-00659,48200000659,5199,18,75,чорний,draft
Тестовий світильник 660,QA-00660,48200000660,5699,19,100,зелений,draft
Тестовий світильник 661,QA-00661,48200000661,3699,0,50,сірий,draft
Тестовий світильник 662,QA-00662,48200000662,4199,1,75,чорний,draft
Тестовий світильник 663,QA-00663,48200000663,4699,2,100,зелений,draft
Тестовий світильник 664,QA-00664,48200000664,5199,3,50,сірий,draft
Тестовий світильник 665,QA-00665,48200000665,5699,4,75,чорний,draft
Тестовий світильник 666,QA-00666,48200000666,3699,5,100,зелений,draft
Тестовий світильник 667,QA-00667,48200000667,4199,6,50,сірий,draft
Тестовий світильник 668,QA-00668,48200000668,4699,7,75,чорний,draft
Тестовий світильник 669,QA-00669,48200000669,5199,8,100,зелений,draft
Тестовий світильник 670,QA-00670,48200000670,5699,9,50,сірий,draft
Тестовий світильник 671,QA-00671,48200000671,3699,10,75,чорний,draft
Тестовий світильник 672,QA-00672,48200000672,4199,11,100,зелений,draft
Тестовий світильник 673,QA-00673,48200000673,4699,12,50,сірий,draft
Тестовий світильник 674,QA-00674,48200000674,5199,13,75,чорний,draft
Тестовий світильник 675,QA-00675,48200000675,5699,14,100,зелений,draft
Тестовий світильник 676,QA-00676,48200000676,3699,15,50,сірий,draft
Тестовий світильник 677,QA-00677,48200000677,4199,16,75,чорний,draft
Тестовий світильник 678,QA-00678,48200000678,4699,17,100,зелений,draft
Тестовий світильник 679,QA-00679,48200000679,5199,18,50,сірий,draft
Тестовий світильник 680,QA-00680,48200000680,5699,19,75,чорний,draft
Тестовий світильник 681,QA-00681,48200000681,3699,0,100,зелений,draft
Тестовий світильник 682,QA-00682,48200000682,4199,1,50,сірий,draft
Тестовий світильник 683,QA-00683,48200000683,4699,2,75,чорний,draft
Тестовий світильник 684,QA-00684,48200000684,5199,3,100,зелений,draft
Тестовий світильник 685,QA-00685,48200000685,5699,4,50,сірий,draft
Тестовий світильник 686,QA-00686,48200000686,3699,5,75,чорний,draft
Тестовий світильник 687,QA-00687,48200000687,4199,6,100,зелений,draft
Тестовий світильник 688,QA-00688,48200000688,4699,7,50,сірий,draft
Тестовий світильник 689,QA-00689,48200000689,5199,8,75,чорний,draft
Тестовий світильник 690,QA-00690,48200000690,5699,9,100,зелений,draft
Тестовий світильник 691,QA-00691,48200000691,3699,10,50,сірий,draft
Тестовий світильник 692,QA-00692,48200000692,4199,11,75,чорний,draft
Тестовий світильник 693,QA-00693,48200000693,4699,12,100,зелений,draft
Тестовий світильник 694,QA-00694,48200000694,5199,13,50,сірий,draft
Тестовий світильник 695,QA-00695,48200000695,5699,14,75,чорний,draft
Тестовий світильник 696,QA-00696,48200000696,3699,15,100,зелений,draft
Тестовий світильник 697,QA-00697,48200000697,4199,16,50,сірий,draft
Тестовий світильник 698,QA-00698,48200000698,4699,17,75,чорний,draft
Тестовий світильник 699,QA-00699,48200000699,5199,18,100,зелений,draft
Тестовий світильник 700,QA-00700,48200000700,5699,19,50,сірий,draft
Тестовий світильник 701,QA-00701,48200000701,3699,0,75,чорний,draft
Тестовий світильник 702,QA-00702,48200000702,4199,1,100,зелений,draft
Тестовий світильник 703,QA-00703,48200000703,4699,2,50,сірий,draft
Тестовий світильник 704,QA-00704,48200000704,5199,3,75,чорний,draft
Тестовий світильник 705,QA-00705,48200000705,5699,4,100,зелений,draft
Тестовий світильник 706,QA-00706,48200000706,3699,5,50,сірий,draft
Тестовий світильник 707,QA-00707,48200000707,4199,6,75,чорний,draft
Тестовий світильник 708,QA-00708,48200000708,4699,7,100,зелений,draft
Тестовий світильник 709,QA-00709,48200000709,5199,8,50,сірий,draft
Тестовий світильник 710,QA-00710,48200000710,5699,9,75,чорний,draft
Тестовий світильник 711,QA-00711,48200000711,3699,10,100,зелений,draft
Тестовий світильник 712,QA-00712,48200000712,4199,11,50,сірий,draft
Тестовий світильник 713,QA-00713,48200000713,4699,12,75,чорний,draft
Тестовий світильник 714,QA-00714,48200000714,5199,13,100,зелений,draft
Тестовий світильник 715,QA-00715,48200000715,5699,14,50,сірий,draft
Тестовий світильник 716,QA-00716,48200000716,3699,15,75,чорний,draft
Тестовий світильник 717,QA-00717,48200000717,4199,16,100,зелений,draft
Тестовий світильник 718,QA-00718,48200000718,4699,17,50,сірий,draft
Тестовий світильник 719,QA-00719,48200000719,5199,18,75,чорний,draft
Тестовий світильник 720,QA-00720,48200000720,5699,19,100,зелений,draft
Тестовий світильник 721,QA-00721,48200000721,3699,0,50,сірий,draft
Тестовий світильник 722,QA-00722,48200000722,4199,1,75,чорний,draft
Тестовий світильник 723,QA-00723,48200000723,4699,2,100,зелений,draft
Тестовий світильник 724,QA-00724,48200000724,5199,3,50,сірий,draft
Тестовий світильник 725,QA-00725,48200000725,5699,4,75,чорний,draft
Тестовий світильник 726,QA-00726,48200000726,3699,5,100,зелений,draft
Тестовий світильник 727,QA-00727,48200000727,4199,6,50,сірий,draft
Тестовий світильник 728,QA-00728,48200000728,4699,7,75,чорний,draft
Тестовий світильник 729,QA-00729,48200000729,5199,8,100,зелений,draft
Тестовий світильник 730,QA-00730,48200000730,5699,9,50,сірий,draft
Тестовий світильник 731,QA-00731,48200000731,3699,10,75,чорний,draft
Тестовий світильник 732,QA-00732,48200000732,4199,11,100,зелений,draft
Тестовий світильник 733,QA-00733,48200000733,4699,12,50,сірий,draft
Тестовий світильник 734,QA-00734,48200000734,5199,13,75,чорний,draft
Тестовий світильник 735,QA-00735,48200000735,5699,14,100,зелений,draft
Тестовий світильник 736,QA-00736,48200000736,3699,15,50,сірий,draft
Тестовий світильник 737,QA-00737,48200000737,4199,16,75,чорний,draft
Тестовий світильник 738,QA-00738,48200000738,4699,17,100,зелений,draft
Тестовий світильник 739,QA-00739,48200000739,5199,18,50,сірий,draft
Тестовий світильник 740,QA-00740,48200000740,5699,19,75,чорний,draft
Тестовий світильник 741,QA-00741,48200000741,3699,0,100,зелений,draft
Тестовий світильник 742,QA-00742,48200000742,4199,1,50,сірий,draft
Тестовий світильник 743,QA-00743,48200000743,4699,2,75,чорний,draft
Тестовий світильник 744,QA-00744,48200000744,5199,3,100,зелений,draft
Тестовий світильник 745,QA-00745,48200000745,5699,4,50,сірий,draft
Тестовий світильник 746,QA-00746,48200000746,3699,5,75,чорний,draft
Тестовий світильник 747,QA-00747,48200000747,4199,6,100,зелений,draft
Тестовий світильник 748,QA-00748,48200000748,4699,7,50,сірий,draft
Тестовий світильник 749,QA-00749,48200000749,5199,8,75,чорний,draft
Тестовий світильник 750,QA-00750,48200000750,5699,9,100,зелений,draft
Тестовий світильник 751,QA-00751,48200000751,3699,10,50,сірий,draft
Тестовий світильник 752,QA-00752,48200000752,4199,11,75,чорний,draft
Тестовий світильник 753,QA-00753,48200000753,4699,12,100,зелений,draft
Тестовий світильник 754,QA-00754,48200000754,5199,13,50,сірий,draft
Тестовий світильник 755,QA-00755,48200000755,5699,14,75,чорний,draft
Тестовий світильник 756,QA-00756,48200000756,3699,15,100,зелений,draft
Тестовий світильник 757,QA-00757,48200000757,4199,16,50,сірий,draft
Тестовий світильник 758,QA-00758,48200000758,4699,17,75,чорний,draft
Тестовий світильник 759,QA-00759,48200000759,5199,18,100,зелений,draft
Тестовий світильник 760,QA-00760,48200000760,5699,19,50,сірий,draft
Тестовий світильник 761,QA-00761,48200000761,3699,0,75,чорний,draft
Тестовий світильник 762,QA-00762,48200000762,4199,1,100,зелений,draft
Тестовий світильник 763,QA-00763,48200000763,4699,2,50,сірий,draft
Тестовий світильник 764,QA-00764,48200000764,5199,3,75,чорний,draft
Тестовий світильник 765,QA-00765,48200000765,5699,4,100,зелений,draft
Тестовий світильник 766,QA-00766,48200000766,3699,5,50,сірий,draft
Тестовий світильник 767,QA-00767,48200000767,4199,6,75,чорний,draft
Тестовий світильник 768,QA-00768,48200000768,4699,7,100,зелений,draft
Тестовий світильник 769,QA-00769,48200000769,5199,8,50,сірий,draft
Тестовий світильник 770,QA-00770,48200000770,5699,9,75,чорний,draft
Тестовий світильник 771,QA-00771,48200000771,3699,10,100,зелений,draft
Тестовий світильник 772,QA-00772,48200000772,4199,11,50,сірий,draft
Тестовий світильник 773,QA-00773,48200000773,4699,12,75,чорний,draft
Тестовий світильник 774,QA-00774,48200000774,5199,13,100,зелений,draft
Тестовий світильник 775,QA-00775,48200000775,5699,14,50,сірий,draft
Тестовий світильник 776,QA-00776,48200000776,3699,15,75,чорний,draft
Тестовий світильник 777,QA-00777,48200000777,4199,16,100,зелений,draft
Тестовий світильник 778,QA-00778,48200000778,4699,17,50,сірий,draft
Тестовий світильник 779,QA-00779,48200000779,5199,18,75,чорний,draft
Тестовий світильник 780,QA-00780,48200000780,5699,19,100,зелений,draft
Тестовий світильник 781,QA-00781,48200000781,3699,0,50,сірий,draft
Тестовий світильник 782,QA-00782,48200000782,4199,1,75,чорний,draft
Тестовий світильник 783,QA-00783,48200000783,4699,2,100,зелений,draft
Тестовий світильник 784,QA-00784,48200000784,5199,3,50,сірий,draft
Тестовий світильник 785,QA-00785,48200000785,5699,4,75,чорний,draft
Тестовий світильник 786,QA-00786,48200000786,3699,5,100,зелений,draft
Тестовий світильник 787,QA-00787,48200000787,4199,6,50,сірий,draft
Тестовий світильник 788,QA-00788,48200000788,4699,7,75,чорний,draft
Тестовий світильник 789,QA-00789,48200000789,5199,8,100,зелений,draft
Тестовий світильник 790,QA-00790,48200000790,5699,9,50,сірий,draft
Тестовий світильник 791,QA-00791,48200000791,3699,10,75,чорний,draft
Тестовий світильник 792,QA-00792,48200000792,4199,11,100,зелений,draft
Тестовий світильник 793,QA-00793,48200000793,4699,12,50,сірий,draft
Тестовий світильник 794,QA-00794,48200000794,5199,13,75,чорний,draft
Тестовий світильник 795,QA-00795,48200000795,5699,14,100,зелений,draft
Тестовий світильник 796,QA-00796,48200000796,3699,15,50,сірий,draft
Тестовий світильник 797,QA-00797,48200000797,4199,16,75,чорний,draft
Тестовий світильник 798,QA-00798,48200000798,4699,17,100,зелений,draft
Тестовий світильник 799,QA-00799,48200000799,5199,18,50,сірий,draft
Тестовий світильник 800,QA-00800,48200000800,5699,19,75,чорний,draft
Тестовий світильник 801,QA-00801,48200000801,3699,0,100,зелений,draft
Тестовий світильник 802,QA-00802,48200000802,4199,1,50,сірий,draft
Тестовий світильник 803,QA-00803,48200000803,4699,2,75,чорний,draft
Тестовий світильник 804,QA-00804,48200000804,5199,3,100,зелений,draft
Тестовий світильник 805,QA-00805,48200000805,5699,4,50,сірий,draft
Тестовий світильник 806,QA-00806,48200000806,3699,5,75,чорний,draft
Тестовий світильник 807,QA-00807,48200000807,4199,6,100,зелений,draft
Тестовий світильник 808,QA-00808,48200000808,4699,7,50,сірий,draft
Тестовий світильник 809,QA-00809,48200000809,5199,8,75,чорний,draft
Тестовий світильник 810,QA-00810,48200000810,5699,9,100,зелений,draft
Тестовий світильник 811,QA-00811,48200000811,3699,10,50,сірий,draft
Тестовий світильник 812,QA-00812,48200000812,4199,11,75,чорний,draft
Тестовий світильник 813,QA-00813,48200000813,4699,12,100,зелений,draft
Тестовий світильник 814,QA-00814,48200000814,5199,13,50,сірий,draft
Тестовий світильник 815,QA-00815,48200000815,5699,14,75,чорний,draft
Тестовий світильник 816,QA-00816,48200000816,3699,15,100,зелений,draft
Тестовий світильник 817,QA-00817,48200000817,4199,16,50,сірий,draft
Тестовий світильник 818,QA-00818,48200000818,4699,17,75,чорний,draft
Тестовий світильник 819,QA-00819,48200000819,5199,18,100,зелений,draft
Тестовий світильник 820,QA-00820,48200000820,5699,19,50,сірий,draft
Тестовий світильник 821,QA-00821,48200000821,3699,0,75,чорний,draft
Тестовий світильник 822,QA-00822,48200000822,4199,1,100,зелений,draft
Тестовий світильник 823,QA-00823,48200000823,4699,2,50,сірий,draft
Тестовий світильник 824,QA-00824,48200000824,5199,3,75,чорний,draft
Тестовий світильник 825,QA-00825,48200000825,5699,4,100,зелений,draft
Тестовий світильник 826,QA-00826,48200000826,3699,5,50,сірий,draft
Тестовий світильник 827,QA-00827,48200000827,4199,6,75,чорний,draft
Тестовий світильник 828,QA-00828,48200000828,4699,7,100,зелений,draft
Тестовий світильник 829,QA-00829,48200000829,5199,8,50,сірий,draft
Тестовий світильник 830,QA-00830,48200000830,5699,9,75,чорний,draft
Тестовий світильник 831,QA-00831,48200000831,3699,10,100,зелений,draft
Тестовий світильник 832,QA-00832,48200000832,4199,11,50,сірий,draft
Тестовий світильник 833,QA-00833,48200000833,4699,12,75,чорний,draft
Тестовий світильник 834,QA-00834,48200000834,5199,13,100,зелений,draft
Тестовий світильник 835,QA-00835,48200000835,5699,14,50,сірий,draft
Тестовий світильник 836,QA-00836,48200000836,3699,15,75,чорний,draft
Тестовий світильник 837,QA-00837,48200000837,4199,16,100,зелений,draft
Тестовий світильник 838,QA-00838,48200000838,4699,17,50,сірий,draft
Тестовий світильник 839,QA-00839,48200000839,5199,18,75,чорний,draft
Тестовий світильник 840,QA-00840,48200000840,5699,19,100,зелений,draft
Тестовий світильник 841,QA-00841,48200000841,3699,0,50,сірий,draft
Тестовий світильник 842,QA-00842,48200000842,4199,1,75,чорний,draft
Тестовий світильник 843,QA-00843,48200000843,4699,2,100,зелений,draft
Тестовий світильник 844,QA-00844,48200000844,5199,3,50,сірий,draft
Тестовий світильник 845,QA-00845,48200000845,5699,4,75,чорний,draft
Тестовий світильник 846,QA-00846,48200000846,3699,5,100,зелений,draft
Тестовий світильник 847,QA-00847,48200000847,4199,6,50,сірий,draft
Тестовий світильник 848,QA-00848,48200000848,4699,7,75,чорний,draft
Тестовий світильник 849,QA-00849,48200000849,5199,8,100,зелений,draft
Тестовий світильник 850,QA-00850,48200000850,5699,9,50,сірий,draft
Тестовий світильник 851,QA-00851,48200000851,3699,10,75,чорний,draft
Тестовий світильник 852,QA-00852,48200000852,4199,11,100,зелений,draft
Тестовий світильник 853,QA-00853,48200000853,4699,12,50,сірий,draft
Тестовий світильник 854,QA-00854,48200000854,5199,13,75,чорний,draft
Тестовий світильник 855,QA-00855,48200000855,5699,14,100,зелений,draft
Тестовий світильник 856,QA-00856,48200000856,3699,15,50,сірий,draft
Тестовий світильник 857,QA-00857,48200000857,4199,16,75,чорний,draft
Тестовий світильник 858,QA-00858,48200000858,4699,17,100,зелений,draft
Тестовий світильник 859,QA-00859,48200000859,5199,18,50,сірий,draft
Тестовий світильник 860,QA-00860,48200000860,5699,19,75,чорний,draft
Тестовий світильник 861,QA-00861,48200000861,3699,0,100,зелений,draft
Тестовий світильник 862,QA-00862,48200000862,4199,1,50,сірий,draft
Тестовий світильник 863,QA-00863,48200000863,4699,2,75,чорний,draft
Тестовий світильник 864,QA-00864,48200000864,5199,3,100,зелений,draft
Тестовий світильник 865,QA-00865,48200000865,5699,4,50,сірий,draft
Тестовий світильник 866,QA-00866,48200000866,3699,5,75,чорний,draft
Тестовий світильник 867,QA-00867,48200000867,4199,6,100,зелений,draft
Тестовий світильник 868,QA-00868,48200000868,4699,7,50,сірий,draft
Тестовий світильник 869,QA-00869,48200000869,5199,8,75,чорний,draft
Тестовий світильник 870,QA-00870,48200000870,5699,9,100,зелений,draft
Тестовий світильник 871,QA-00871,48200000871,3699,10,50,сірий,draft
Тестовий світильник 872,QA-00872,48200000872,4199,11,75,чорний,draft
Тестовий світильник 873,QA-00873,48200000873,4699,12,100,зелений,draft
Тестовий світильник 874,QA-00874,48200000874,5199,13,50,сірий,draft
Тестовий світильник 875,QA-00875,48200000875,5699,14,75,чорний,draft
Тестовий світильник 876,QA-00876,48200000876,3699,15,100,зелений,draft
Тестовий світильник 877,QA-00877,48200000877,4199,16,50,сірий,draft
Тестовий світильник 878,QA-00878,48200000878,4699,17,75,чорний,draft
Тестовий світильник 879,QA-00879,48200000879,5199,18,100,зелений,draft
Тестовий світильник 880,QA-00880,48200000880,5699,19,50,сірий,draft
Тестовий світильник 881,QA-00881,48200000881,3699,0,75,чорний,draft
Тестовий світильник 882,QA-00882,48200000882,4199,1,100,зелений,draft
Тестовий світильник 883,QA-00883,48200000883,4699,2,50,сірий,draft
Тестовий світильник 884,QA-00884,48200000884,5199,3,75,чорний,draft
Тестовий світильник 885,QA-00885,48200000885,5699,4,100,зелений,draft
Тестовий світильник 886,QA-00886,48200000886,3699,5,50,сірий,draft
Тестовий світильник 887,QA-00887,48200000887,4199,6,75,чорний,draft
Тестовий світильник 888,QA-00888,48200000888,4699,7,100,зелений,draft
Тестовий світильник 889,QA-00889,48200000889,5199,8,50,сірий,draft
Тестовий світильник 890,QA-00890,48200000890,5699,9,75,чорний,draft
Тестовий світильник 891,QA-00891,48200000891,3699,10,100,зелений,draft
Тестовий світильник 892,QA-00892,48200000892,4199,11,50,сірий,draft
Тестовий світильник 893,QA-00893,48200000893,4699,12,75,чорний,draft
Тестовий світильник 894,QA-00894,48200000894,5199,13,100,зелений,draft
Тестовий світильник 895,QA-00895,48200000895,5699,14,50,сірий,draft
Тестовий світильник 896,QA-00896,48200000896,3699,15,75,чорний,draft
Тестовий світильник 897,QA-00897,48200000897,4199,16,100,зелений,draft
Тестовий світильник 898,QA-00898,48200000898,4699,17,50,сірий,draft
Тестовий світильник 899,QA-00899,48200000899,5199,18,75,чорний,draft
Тестовий світильник 900,QA-00900,48200000900,5699,19,100,зелений,draft
Тестовий світильник 901,QA-00901,48200000901,3699,0,50,сірий,draft
Тестовий світильник 902,QA-00902,48200000902,4199,1,75,чорний,draft
Тестовий світильник 903,QA-00903,48200000903,4699,2,100,зелений,draft
Тестовий світильник 904,QA-00904,48200000904,5199,3,50,сірий,draft
Тестовий світильник 905,QA-00905,48200000905,5699,4,75,чорний,draft
Тестовий світильник 906,QA-00906,48200000906,3699,5,100,зелений,draft
Тестовий світильник 907,QA-00907,48200000907,4199,6,50,сірий,draft
Тестовий світильник 908,QA-00908,48200000908,4699,7,75,чорний,draft
Тестовий світильник 909,QA-00909,48200000909,5199,8,100,зелений,draft
Тестовий світильник 910,QA-00910,48200000910,5699,9,50,сірий,draft
Тестовий світильник 911,QA-00911,48200000911,3699,10,75,чорний,draft
Тестовий світильник 912,QA-00912,48200000912,4199,11,100,зелений,draft
Тестовий світильник 913,QA-00913,48200000913,4699,12,50,сірий,draft
Тестовий світильник 914,QA-00914,48200000914,5199,13,75,чорний,draft
Тестовий світильник 915,QA-00915,48200000915,5699,14,100,зелений,draft
Тестовий світильник 916,QA-00916,48200000916,3699,15,50,сірий,draft
Тестовий світильник 917,QA-00917,48200000917,4199,16,75,чорний,draft
Тестовий світильник 918,QA-00918,48200000918,4699,17,100,зелений,draft
Тестовий світильник 919,QA-00919,48200000919,5199,18,50,сірий,draft
Тестовий світильник 920,QA-00920,48200000920,5699,19,75,чорний,draft
Тестовий світильник 921,QA-00921,48200000921,3699,0,100,зелений,draft
Тестовий світильник 922,QA-00922,48200000922,4199,1,50,сірий,draft
Тестовий світильник 923,QA-00923,48200000923,4699,2,75,чорний,draft
Тестовий світильник 924,QA-00924,48200000924,5199,3,100,зелений,draft
Тестовий світильник 925,QA-00925,48200000925,5699,4,50,сірий,draft
Тестовий світильник 926,QA-00926,48200000926,3699,5,75,чорний,draft
Тестовий світильник 927,QA-00927,48200000927,4199,6,100,зелений,draft
Тестовий світильник 928,QA-00928,48200000928,4699,7,50,сірий,draft
Тестовий світильник 929,QA-00929,48200000929,5199,8,75,чорний,draft
Тестовий світильник 930,QA-00930,48200000930,5699,9,100,зелений,draft
Тестовий світильник 931,QA-00931,48200000931,3699,10,50,сірий,draft
Тестовий світильник 932,QA-00932,48200000932,4199,11,75,чорний,draft
Тестовий світильник 933,QA-00933,48200000933,4699,12,100,зелений,draft
Тестовий світильник 934,QA-00934,48200000934,5199,13,50,сірий,draft
Тестовий світильник 935,QA-00935,48200000935,5699,14,75,чорний,draft
Тестовий світильник 936,QA-00936,48200000936,3699,15,100,зелений,draft
Тестовий світильник 937,QA-00937,48200000937,4199,16,50,сірий,draft
Тестовий світильник 938,QA-00938,48200000938,4699,17,75,чорний,draft
Тестовий світильник 939,QA-00939,48200000939,5199,18,100,зелений,draft
Тестовий світильник 940,QA-00940,48200000940,5699,19,50,сірий,draft
Тестовий світильник 941,QA-00941,48200000941,3699,0,75,чорний,draft
Тестовий світильник 942,QA-00942,48200000942,4199,1,100,зелений,draft
Тестовий світильник 943,QA-00943,48200000943,4699,2,50,сірий,draft
Тестовий світильник 944,QA-00944,48200000944,5199,3,75,чорний,draft
Тестовий світильник 945,QA-00945,48200000945,5699,4,100,зелений,draft
Тестовий світильник 946,QA-00946,48200000946,3699,5,50,сірий,draft
Тестовий світильник 947,QA-00947,48200000947,4199,6,75,чорний,draft
Тестовий світильник 948,QA-00948,48200000948,4699,7,100,зелений,draft
Тестовий світильник 949,QA-00949,48200000949,5199,8,50,сірий,draft
Тестовий світильник 950,QA-00950,48200000950,5699,9,75,чорний,draft
Тестовий світильник 951,QA-00951,48200000951,3699,10,100,зелений,draft
Тестовий світильник 952,QA-00952,48200000952,4199,11,50,сірий,draft
Тестовий світильник 953,QA-00953,48200000953,4699,12,75,чорний,draft
Тестовий світильник 954,QA-00954,48200000954,5199,13,100,зелений,draft
Тестовий світильник 955,QA-00955,48200000955,5699,14,50,сірий,draft
Тестовий світильник 956,QA-00956,48200000956,3699,15,75,чорний,draft
Тестовий світильник 957,QA-00957,48200000957,4199,16,100,зелений,draft
Тестовий світильник 958,QA-00958,48200000958,4699,17,50,сірий,draft
Тестовий світильник 959,QA-00959,48200000959,5199,18,75,чорний,draft
Тестовий світильник 960,QA-00960,48200000960,5699,19,100,зелений,draft
Тестовий світильник 961,QA-00961,48200000961,3699,0,50,сірий,draft
Тестовий світильник 962,QA-00962,48200000962,4199,1,75,чорний,draft
Тестовий світильник 963,QA-00963,48200000963,4699,2,100,зелений,draft
Тестовий світильник 964,QA-00964,48200000964,5199,3,50,сірий,draft
Тестовий світильник 965,QA-00965,48200000965,5699,4,75,чорний,draft
Тестовий світильник 966,QA-00966,48200000966,3699,5,100,зелений,draft
Тестовий світильник 967,QA-00967,48200000967,4199,6,50,сірий,draft
Тестовий світильник 968,QA-00968,48200000968,4699,7,75,чорний,draft
Тестовий світильник 969,QA-00969,48200000969,5199,8,100,зелений,draft
Тестовий світильник 970,QA-00970,48200000970,5699,9,50,сірий,draft
Тестовий світильник 971,QA-00971,48200000971,3699,10,75,чорний,draft
Тестовий світильник 972,QA-00972,48200000972,4199,11,100,зелений,draft
Тестовий світильник 973,QA-00973,48200000973,4699,12,50,сірий,draft
Тестовий світильник 974,QA-00974,48200000974,5199,13,75,чорний,draft
Тестовий світильник 975,QA-00975,48200000975,5699,14,100,зелений,draft
Тестовий світильник 976,QA-00976,48200000976,3699,15,50,сірий,draft
Тестовий світильник 977,QA-00977,48200000977,4199,16,75,чорний,draft
Тестовий світильник 978,QA-00978,48200000978,4699,17,100,зелений,draft
Тестовий світильник 979,QA-00979,48200000979,5199,18,50,сірий,draft
Тестовий світильник 980,QA-00980,48200000980,5699,19,75,чорний,draft
Тестовий світильник 981,QA-00981,48200000981,3699,0,100,зелений,draft
Тестовий світильник 982,QA-00982,48200000982,4199,1,50,сірий,draft
Тестовий світильник 983,QA-00983,48200000983,4699,2,75,чорний,draft
Тестовий світильник 984,QA-00984,48200000984,5199,3,100,зелений,draft
Тестовий світильник 985,QA-00985,48200000985,5699,4,50,сірий,draft
Тестовий світильник 986,QA-00986,48200000986,3699,5,75,чорний,draft
Тестовий світильник 987,QA-00987,48200000987,4199,6,100,зелений,draft
Тестовий світильник 988,QA-00988,48200000988,4699,7,50,сірий,draft
Тестовий світильник 989,QA-00989,48200000989,5199,8,75,чорний,draft
Тестовий світильник 990,QA-00990,48200000990,5699,9,100,зелений,draft
Тестовий світильник 991,QA-00991,48200000991,3699,10,50,сірий,draft
Тестовий світильник 992,QA-00992,48200000992,4199,11,75,чорний,draft
Тестовий світильник 993,QA-00993,48200000993,4699,12,100,зелений,draft
Тестовий світильник 994,QA-00994,48200000994,5199,13,50,сірий,draft
Тестовий світильник 995,QA-00995,48200000995,5699,14,75,чорний,draft
Тестовий світильник 996,QA-00996,48200000996,3699,15,100,зелений,draft
Тестовий світильник 997,QA-00997,48200000997,4199,16,50,сірий,draft
Тестовий світильник 998,QA-00998,48200000998,4699,17,75,чорний,draft
Тестовий світильник 999,QA-00999,48200000999,5199,18,100,зелений,draft
Тестовий світильник 1000,QA-01000,48200001000,5699,19,50,сірий,draft
Тестовий світильник 1001,QA-01001,48200001001,3699,0,75,чорний,draft
Тестовий світильник 1002,QA-01002,48200001002,4199,1,100,зелений,draft
Тестовий світильник 1003,QA-01003,48200001003,4699,2,50,сірий,draft
Тестовий світильник 1004,QA-01004,48200001004,5199,3,75,чорний,draft
Тестовий світильник 1005,QA-01005,48200001005,5699,4,100,зелений,draft
Тестовий світильник 1006,QA-01006,48200001006,3699,5,50,сірий,draft
Тестовий світильник 1007,QA-01007,48200001007,4199,6,75,чорний,draft
Тестовий світильник 1008,QA-01008,48200001008,4699,7,100,зелений,draft
Тестовий світильник 1009,QA-01009,48200001009,5199,8,50,сірий,draft
Тестовий світильник 1010,QA-01010,48200001010,5699,9,75,чорний,draft
Тестовий світильник 1011,QA-01011,48200001011,3699,10,100,зелений,draft
Тестовий світильник 1012,QA-01012,48200001012,4199,11,50,сірий,draft
Тестовий світильник 1013,QA-01013,48200001013,4699,12,75,чорний,draft
Тестовий світильник 1014,QA-01014,48200001014,5199,13,100,зелений,draft
Тестовий світильник 1015,QA-01015,48200001015,5699,14,50,сірий,draft
Тестовий світильник 1016,QA-01016,48200001016,3699,15,75,чорний,draft
Тестовий світильник 1017,QA-01017,48200001017,4199,16,100,зелений,draft
Тестовий світильник 1018,QA-01018,48200001018,4699,17,50,сірий,draft
Тестовий світильник 1019,QA-01019,48200001019,5199,18,75,чорний,draft
Тестовий світильник 1020,QA-01020,48200001020,5699,19,100,зелений,draft
Тестовий світильник 1021,QA-01021,48200001021,3699,0,50,сірий,draft
Тестовий світильник 1022,QA-01022,48200001022,4199,1,75,чорний,draft
Тестовий світильник 1023,QA-01023,48200001023,4699,2,100,зелений,draft
Тестовий світильник 1024,QA-01024,48200001024,5199,3,50,сірий,draft
Тестовий світильник 1025,QA-01025,48200001025,5699,4,75,чорний,draft
Тестовий світильник 1026,QA-01026,48200001026,3699,5,100,зелений,draft
Тестовий світильник 1027,QA-01027,48200001027,4199,6,50,сірий,draft
Тестовий світильник 1028,QA-01028,48200001028,4699,7,75,чорний,draft
Тестовий світильник 1029,QA-01029,48200001029,5199,8,100,зелений,draft
Тестовий світильник 1030,QA-01030,48200001030,5699,9,50,сірий,draft
Тестовий світильник 1031,QA-01031,48200001031,3699,10,75,чорний,draft
Тестовий світильник 1032,QA-01032,48200001032,4199,11,100,зелений,draft
Тестовий світильник 1033,QA-01033,48200001033,4699,12,50,сірий,draft
Тестовий світильник 1034,QA-01034,48200001034,5199,13,75,чорний,draft
Тестовий світильник 1035,QA-01035,48200001035,5699,14,100,зелений,draft
Тестовий світильник 1036,QA-01036,48200001036,3699,15,50,сірий,draft
Тестовий світильник 1037,QA-01037,48200001037,4199,16,75,чорний,draft
Тестовий світильник 1038,QA-01038,48200001038,4699,17,100,зелений,draft
Тестовий світильник 1039,QA-01039,48200001039,5199,18,50,сірий,draft
Тестовий світильник 1040,QA-01040,48200001040,5699,19,75,чорний,draft
Тестовий світильник 1041,QA-01041,48200001041,3699,0,100,зелений,draft
Тестовий світильник 1042,QA-01042,48200001042,4199,1,50,сірий,draft
Тестовий світильник 1043,QA-01043,48200001043,4699,2,75,чорний,draft
Тестовий світильник 1044,QA-01044,48200001044,5199,3,100,зелений,draft
Тестовий світильник 1045,QA-01045,48200001045,5699,4,50,сірий,draft
Тестовий світильник 1046,QA-01046,48200001046,3699,5,75,чорний,draft
Тестовий світильник 1047,QA-01047,48200001047,4199,6,100,зелений,draft
Тестовий світильник 1048,QA-01048,48200001048,4699,7,50,сірий,draft
Тестовий світильник 1049,QA-01049,48200001049,5199,8,75,чорний,draft
Тестовий світильник 1050,QA-01050,48200001050,5699,9,100,зелений,draft
Тестовий світильник 1051,QA-01051,48200001051,3699,10,50,сірий,draft
Тестовий світильник 1052,QA-01052,48200001052,4199,11,75,чорний,draft
Тестовий світильник 1053,QA-01053,48200001053,4699,12,100,зелений,draft
Тестовий світильник 1054,QA-01054,48200001054,5199,13,50,сірий,draft
Тестовий світильник 1055,QA-01055,48200001055,5699,14,75,чорний,draft
Тестовий світильник 1056,QA-01056,48200001056,3699,15,100,зелений,draft
Тестовий світильник 1057,QA-01057,48200001057,4199,16,50,сірий,draft
Тестовий світильник 1058,QA-01058,48200001058,4699,17,75,чорний,draft
Тестовий світильник 1059,QA-01059,48200001059,5199,18,100,зелений,draft
Тестовий світильник 1060,QA-01060,48200001060,5699,19,50,сірий,draft
Тестовий світильник 1061,QA-01061,48200001061,3699,0,75,чорний,draft
Тестовий світильник 1062,QA-01062,48200001062,4199,1,100,зелений,draft
Тестовий світильник 1063,QA-01063,48200001063,4699,2,50,сірий,draft
Тестовий світильник 1064,QA-01064,48200001064,5199,3,75,чорний,draft
Тестовий світильник 1065,QA-01065,48200001065,5699,4,100,зелений,draft
Тестовий світильник 1066,QA-01066,48200001066,3699,5,50,сірий,draft
Тестовий світильник 1067,QA-01067,48200001067,4199,6,75,чорний,draft
Тестовий світильник 1068,QA-01068,48200001068,4699,7,100,зелений,draft
Тестовий світильник 1069,QA-01069,48200001069,5199,8,50,сірий,draft
Тестовий світильник 1070,QA-01070,48200001070,5699,9,75,чорний,draft
Тестовий світильник 1071,QA-01071,48200001071,3699,10,100,зелений,draft
Тестовий світильник 1072,QA-01072,48200001072,4199,11,50,сірий,draft
Тестовий світильник 1073,QA-01073,48200001073,4699,12,75,чорний,draft
Тестовий світильник 1074,QA-01074,48200001074,5199,13,100,зелений,draft
Тестовий світильник 1075,QA-01075,48200001075,5699,14,50,сірий,draft
Тестовий світильник 1076,QA-01076,48200001076,3699,15,75,чорний,draft
Тестовий світильник 1077,QA-01077,48200001077,4199,16,100,зелений,draft
Тестовий світильник 1078,QA-01078,48200001078,4699,17,50,сірий,draft
Тестовий світильник 1079,QA-01079,48200001079,5199,18,75,чорний,draft
Тестовий світильник 1080,QA-01080,48200001080,5699,19,100,зелений,draft
Тестовий світильник 1081,QA-01081,48200001081,3699,0,50,сірий,draft
Тестовий світильник 1082,QA-01082,48200001082,4199,1,75,чорний,draft
Тестовий світильник 1083,QA-01083,48200001083,4699,2,100,зелений,draft
Тестовий світильник 1084,QA-01084,48200001084,5199,3,50,сірий,draft
Тестовий світильник 1085,QA-01085,48200001085,5699,4,75,чорний,draft
Тестовий світильник 1086,QA-01086,48200001086,3699,5,100,зелений,draft
Тестовий світильник 1087,QA-01087,48200001087,4199,6,50,сірий,draft
Тестовий світильник 1088,QA-01088,48200001088,4699,7,75,чорний,draft
Тестовий світильник 1089,QA-01089,48200001089,5199,8,100,зелений,draft
Тестовий світильник 1090,QA-01090,48200001090,5699,9,50,сірий,draft
Тестовий світильник 1091,QA-01091,48200001091,3699,10,75,чорний,draft
Тестовий світильник 1092,QA-01092,48200001092,4199,11,100,зелений,draft
Тестовий світильник 1093,QA-01093,48200001093,4699,12,50,сірий,draft
Тестовий світильник 1094,QA-01094,48200001094,5199,13,75,чорний,draft
Тестовий світильник 1095,QA-01095,48200001095,5699,14,100,зелений,draft
Тестовий світильник 1096,QA-01096,48200001096,3699,15,50,сірий,draft
Тестовий світильник 1097,QA-01097,48200001097,4199,16,75,чорний,draft
Тестовий світильник 1098,QA-01098,48200001098,4699,17,100,зелений,draft
Тестовий світильник 1099,QA-01099,48200001099,5199,18,50,сірий,draft
Тестовий світильник 1100,QA-01100,48200001100,5699,19,75,чорний,draft
Тестовий світильник 1101,QA-01101,48200001101,3699,0,100,зелений,draft
Тестовий світильник 1102,QA-01102,48200001102,4199,1,50,сірий,draft
Тестовий світильник 1103,QA-01103,48200001103,4699,2,75,чорний,draft
Тестовий світильник 1104,QA-01104,48200001104,5199,3,100,зелений,draft
Тестовий світильник 1105,QA-01105,48200001105,5699,4,50,сірий,draft
Тестовий світильник 1106,QA-01106,48200001106,3699,5,75,чорний,draft
Тестовий світильник 1107,QA-01107,48200001107,4199,6,100,зелений,draft
Тестовий світильник 1108,QA-01108,48200001108,4699,7,50,сірий,draft
Тестовий світильник 1109,QA-01109,48200001109,5199,8,75,чорний,draft
Тестовий світильник 1110,QA-01110,48200001110,5699,9,100,зелений,draft
Тестовий світильник 1111,QA-01111,48200001111,3699,10,50,сірий,draft
Тестовий світильник 1112,QA-01112,48200001112,4199,11,75,чорний,draft
Тестовий світильник 1113,QA-01113,48200001113,4699,12,100,зелений,draft
Тестовий світильник 1114,QA-01114,48200001114,5199,13,50,сірий,draft
Тестовий світильник 1115,QA-01115,48200001115,5699,14,75,чорний,draft
Тестовий світильник 1116,QA-01116,48200001116,3699,15,100,зелений,draft
Тестовий світильник 1117,QA-01117,48200001117,4199,16,50,сірий,draft
Тестовий світильник 1118,QA-01118,48200001118,4699,17,75,чорний,draft
Тестовий світильник 1119,QA-01119,48200001119,5199,18,100,зелений,draft
Тестовий світильник 1120,QA-01120,48200001120,5699,19,50,сірий,draft
Тестовий світильник 1121,QA-01121,48200001121,3699,0,75,чорний,draft
Тестовий світильник 1122,QA-01122,48200001122,4199,1,100,зелений,draft
Тестовий світильник 1123,QA-01123,48200001123,4699,2,50,сірий,draft
Тестовий світильник 1124,QA-01124,48200001124,5199,3,75,чорний,draft
Тестовий світильник 1125,QA-01125,48200001125,5699,4,100,зелений,draft
Тестовий світильник 1126,QA-01126,48200001126,3699,5,50,сірий,draft
Тестовий світильник 1127,QA-01127,48200001127,4199,6,75,чорний,draft
Тестовий світильник 1128,QA-01128,48200001128,4699,7,100,зелений,draft
Тестовий світильник 1129,QA-01129,48200001129,5199,8,50,сірий,draft
Тестовий світильник 1130,QA-01130,48200001130,5699,9,75,чорний,draft
Тестовий світильник 1131,QA-01131,48200001131,3699,10,100,зелений,draft
Тестовий світильник 1132,QA-01132,48200001132,4199,11,50,сірий,draft
Тестовий світильник 1133,QA-01133,48200001133,4699,12,75,чорний,draft
Тестовий світильник 1134,QA-01134,48200001134,5199,13,100,зелений,draft
Тестовий світильник 1135,QA-01135,48200001135,5699,14,50,сірий,draft
Тестовий світильник 1136,QA-01136,48200001136,3699,15,75,чорний,draft
Тестовий світильник 1137,QA-01137,48200001137,4199,16,100,зелений,draft
Тестовий світильник 1138,QA-01138,48200001138,4699,17,50,сірий,draft
Тестовий світильник 1139,QA-01139,48200001139,5199,18,75,чорний,draft
Тестовий світильник 1140,QA-01140,48200001140,5699,19,100,зелений,draft
Тестовий світильник 1141,QA-01141,48200001141,3699,0,50,сірий,draft
Тестовий світильник 1142,QA-01142,48200001142,4199,1,75,чорний,draft
Тестовий світильник 1143,QA-01143,48200001143,4699,2,100,зелений,draft
Тестовий світильник 1144,QA-01144,48200001144,5199,3,50,сірий,draft
Тестовий світильник 1145,QA-01145,48200001145,5699,4,75,чорний,draft
Тестовий світильник 1146,QA-01146,48200001146,3699,5,100,зелений,draft
Тестовий світильник 1147,QA-01147,48200001147,4199,6,50,сірий,draft
Тестовий світильник 1148,QA-01148,48200001148,4699,7,75,чорний,draft
Тестовий світильник 1149,QA-01149,48200001149,5199,8,100,зелений,draft
Тестовий світильник 1150,QA-01150,48200001150,5699,9,50,сірий,draft
Тестовий світильник 1151,QA-01151,48200001151,3699,10,75,чорний,draft
Тестовий світильник 1152,QA-01152,48200001152,4199,11,100,зелений,draft
Тестовий світильник 1153,QA-01153,48200001153,4699,12,50,сірий,draft
Тестовий світильник 1154,QA-01154,48200001154,5199,13,75,чорний,draft
Тестовий світильник 1155,QA-01155,48200001155,5699,14,100,зелений,draft
Тестовий світильник 1156,QA-01156,48200001156,3699,15,50,сірий,draft
Тестовий світильник 1157,QA-01157,48200001157,4199,16,75,чорний,draft
Тестовий світильник 1158,QA-01158,48200001158,4699,17,100,зелений,draft
Тестовий світильник 1159,QA-01159,48200001159,5199,18,50,сірий,draft
Тестовий світильник 1160,QA-01160,48200001160,5699,19,75,чорний,draft
Тестовий світильник 1161,QA-01161,48200001161,3699,0,100,зелений,draft
Тестовий світильник 1162,QA-01162,48200001162,4199,1,50,сірий,draft
Тестовий світильник 1163,QA-01163,48200001163,4699,2,75,чорний,draft
Тестовий світильник 1164,QA-01164,48200001164,5199,3,100,зелений,draft
Тестовий світильник 1165,QA-01165,48200001165,5699,4,50,сірий,draft
Тестовий світильник 1166,QA-01166,48200001166,3699,5,75,чорний,draft
Тестовий світильник 1167,QA-01167,48200001167,4199,6,100,зелений,draft
Тестовий світильник 1168,QA-01168,48200001168,4699,7,50,сірий,draft
Тестовий світильник 1169,QA-01169,48200001169,5199,8,75,чорний,draft
Тестовий світильник 1170,QA-01170,48200001170,5699,9,100,зелений,draft
Тестовий світильник 1171,QA-01171,48200001171,3699,10,50,сірий,draft
Тестовий світильник 1172,QA-01172,48200001172,4199,11,75,чорний,draft
Тестовий світильник 1173,QA-01173,48200001173,4699,12,100,зелений,draft
Тестовий світильник 1174,QA-01174,48200001174,5199,13,50,сірий,draft
Тестовий світильник 1175,QA-01175,48200001175,5699,14,75,чорний,draft
Тестовий світильник 1176,QA-01176,48200001176,3699,15,100,зелений,draft
Тестовий світильник 1177,QA-01177,48200001177,4199,16,50,сірий,draft
Тестовий світильник 1178,QA-01178,48200001178,4699,17,75,чорний,draft
Тестовий світильник 1179,QA-01179,48200001179,5199,18,100,зелений,draft
Тестовий світильник 1180,QA-01180,48200001180,5699,19,50,сірий,draft
Тестовий світильник 1181,QA-01181,48200001181,3699,0,75,чорний,draft
Тестовий світильник 1182,QA-01182,48200001182,4199,1,100,зелений,draft
Тестовий світильник 1183,QA-01183,48200001183,4699,2,50,сірий,draft
Тестовий світильник 1184,QA-01184,48200001184,5199,3,75,чорний,draft
Тестовий світильник 1185,QA-01185,48200001185,5699,4,100,зелений,draft
Тестовий світильник 1186,QA-01186,48200001186,3699,5,50,сірий,draft
Тестовий світильник 1187,QA-01187,48200001187,4199,6,75,чорний,draft
Тестовий світильник 1188,QA-01188,48200001188,4699,7,100,зелений,draft
Тестовий світильник 1189,QA-01189,48200001189,5199,8,50,сірий,draft
Тестовий світильник 1190,QA-01190,48200001190,5699,9,75,чорний,draft
Тестовий світильник 1191,QA-01191,48200001191,3699,10,100,зелений,draft
Тестовий світильник 1192,QA-01192,48200001192,4199,11,50,сірий,draft
Тестовий світильник 1193,QA-01193,48200001193,4699,12,75,чорний,draft
Тестовий світильник 1194,QA-01194,48200001194,5199,13,100,зелений,draft
Тестовий світильник 1195,QA-01195,48200001195,5699,14,50,сірий,draft
Тестовий світильник 1196,QA-01196,48200001196,3699,15,75,чорний,draft
Тестовий світильник 1197,QA-01197,48200001197,4199,16,100,зелений,draft
Тестовий світильник 1198,QA-01198,48200001198,4699,17,50,сірий,draft
Тестовий світильник 1199,QA-01199,48200001199,5199,18,75,чорний,draft
Тестовий світильник 1200,QA-01200,48200001200,5699,19,100,зелений,draft
Тестовий світильник 1201,QA-01201,48200001201,3699,0,50,сірий,draft
Тестовий світильник 1202,QA-01202,48200001202,4199,1,75,чорний,draft
Тестовий світильник 1203,QA-01203,48200001203,4699,2,100,зелений,draft
Тестовий світильник 1204,QA-01204,48200001204,5199,3,50,сірий,draft
Тестовий світильник 1205,QA-01205,48200001205,5699,4,75,чорний,draft
Тестовий світильник 1206,QA-01206,48200001206,3699,5,100,зелений,draft
Тестовий світильник 1207,QA-01207,48200001207,4199,6,50,сірий,draft
Тестовий світильник 1208,QA-01208,48200001208,4699,7,75,чорний,draft
Тестовий світильник 1209,QA-01209,48200001209,5199,8,100,зелений,draft
Тестовий світильник 1210,QA-01210,48200001210,5699,9,50,сірий,draft
Тестовий світильник 1211,QA-01211,48200001211,3699,10,75,чорний,draft
Тестовий світильник 1212,QA-01212,48200001212,4199,11,100,зелений,draft
Тестовий світильник 1213,QA-01213,48200001213,4699,12,50,сірий,draft
Тестовий світильник 1214,QA-01214,48200001214,5199,13,75,чорний,draft
Тестовий світильник 1215,QA-01215,48200001215,5699,14,100,зелений,draft
Тестовий світильник 1216,QA-01216,48200001216,3699,15,50,сірий,draft
Тестовий світильник 1217,QA-01217,48200001217,4199,16,75,чорний,draft
Тестовий світильник 1218,QA-01218,48200001218,4699,17,100,зелений,draft
Тестовий світильник 1219,QA-01219,48200001219,5199,18,50,сірий,draft
Тестовий світильник 1220,QA-01220,48200001220,5699,19,75,чорний,draft
Тестовий світильник 1221,QA-01221,48200001221,3699,0,100,зелений,draft
Тестовий світильник 1222,QA-01222,48200001222,4199,1,50,сірий,draft
Тестовий світильник 1223,QA-01223,48200001223,4699,2,75,чорний,draft
Тестовий світильник 1224,QA-01224,48200001224,5199,3,100,зелений,draft
Тестовий світильник 1225,QA-01225,48200001225,5699,4,50,сірий,draft
Тестовий світильник 1226,QA-01226,48200001226,3699,5,75,чорний,draft
Тестовий світильник 1227,QA-01227,48200001227,4199,6,100,зелений,draft
Тестовий світильник 1228,QA-01228,48200001228,4699,7,50,сірий,draft
Тестовий світильник 1229,QA-01229,48200001229,5199,8,75,чорний,draft
Тестовий світильник 1230,QA-01230,48200001230,5699,9,100,зелений,draft
Тестовий світильник 1231,QA-01231,48200001231,3699,10,50,сірий,draft
Тестовий світильник 1232,QA-01232,48200001232,4199,11,75,чорний,draft
Тестовий світильник 1233,QA-01233,48200001233,4699,12,100,зелений,draft
Тестовий світильник 1234,QA-01234,48200001234,5199,13,50,сірий,draft
Тестовий світильник 1235,QA-01235,48200001235,5699,14,75,чорний,draft
Тестовий світильник 1236,QA-01236,48200001236,3699,15,100,зелений,draft
Тестовий світильник 1237,QA-01237,48200001237,4199,16,50,сірий,draft
Тестовий світильник 1238,QA-01238,48200001238,4699,17,75,чорний,draft
Тестовий світильник 1239,QA-01239,48200001239,5199,18,100,зелений,draft
Тестовий світильник 1240,QA-01240,48200001240,5699,19,50,сірий,draft
Тестовий світильник 1241,QA-01241,48200001241,3699,0,75,чорний,draft
Тестовий світильник 1242,QA-01242,48200001242,4199,1,100,зелений,draft
Тестовий світильник 1243,QA-01243,48200001243,4699,2,50,сірий,draft
Тестовий світильник 1244,QA-01244,48200001244,5199,3,75,чорний,draft
Тестовий світильник 1245,QA-01245,48200001245,5699,4,100,зелений,draft
Тестовий світильник 1246,QA-01246,48200001246,3699,5,50,сірий,draft
Тестовий світильник 1247,QA-01247,48200001247,4199,6,75,чорний,draft
Тестовий світильник 1248,QA-01248,48200001248,4699,7,100,зелений,draft
Тестовий світильник 1249,QA-01249,48200001249,5199,8,50,сірий,draft
Тестовий світильник 1250,QA-01250,48200001250,5699,9,75,чорний,draft
Тестовий світильник 1251,QA-01251,48200001251,3699,10,100,зелений,draft
Тестовий світильник 1252,QA-01252,48200001252,4199,11,50,сірий,draft
Тестовий світильник 1253,QA-01253,48200001253,4699,12,75,чорний,draft
Тестовий світильник 1254,QA-01254,48200001254,5199,13,100,зелений,draft
Тестовий світильник 1255,QA-01255,48200001255,5699,14,50,сірий,draft
Тестовий світильник 1256,QA-01256,48200001256,3699,15,75,чорний,draft
Тестовий світильник 1257,QA-01257,48200001257,4199,16,100,зелений,draft
Тестовий світильник 1258,QA-01258,48200001258,4699,17,50,сірий,draft
Тестовий світильник 1259,QA-01259,48200001259,5199,18,75,чорний,draft
Тестовий світильник 1260,QA-01260,48200001260,5699,19,100,зелений,draft
Тестовий світильник 1261,QA-01261,48200001261,3699,0,50,сірий,draft
Тестовий світильник 1262,QA-01262,48200001262,4199,1,75,чорний,draft
Тестовий світильник 1263,QA-01263,48200001263,4699,2,100,зелений,draft
Тестовий світильник 1264,QA-01264,48200001264,5199,3,50,сірий,draft
Тестовий світильник 1265,QA-01265,48200001265,5699,4,75,чорний,draft
Тестовий світильник 1266,QA-01266,48200001266,3699,5,100,зелений,draft
Тестовий світильник 1267,QA-01267,48200001267,4199,6,50,сірий,draft
Тестовий світильник 1268,QA-01268,48200001268,4699,7,75,чорний,draft
Тестовий світильник 1269,QA-01269,48200001269,5199,8,100,зелений,draft
Тестовий світильник 1270,QA-01270,48200001270,5699,9,50,сірий,draft
Тестовий світильник 1271,QA-01271,48200001271,3699,10,75,чорний,draft
Тестовий світильник 1272,QA-01272,48200001272,4199,11,100,зелений,draft
Тестовий світильник 1273,QA-01273,48200001273,4699,12,50,сірий,draft
Тестовий світильник 1274,QA-01274,48200001274,5199,13,75,чорний,draft
Тестовий світильник 1275,QA-01275,48200001275,5699,14,100,зелений,draft
Тестовий світильник 1276,QA-01276,48200001276,3699,15,50,сірий,draft
Тестовий світильник 1277,QA-01277,48200001277,4199,16,75,чорний,draft
Тестовий світильник 1278,QA-01278,48200001278,4699,17,100,зелений,draft
Тестовий світильник 1279,QA-01279,48200001279,5199,18,50,сірий,draft
Тестовий світильник 1280,QA-01280,48200001280,5699,19,75,чорний,draft
Тестовий світильник 1281,QA-01281,48200001281,3699,0,100,зелений,draft
Тестовий світильник 1282,QA-01282,48200001282,4199,1,50,сірий,draft
Тестовий світильник 1283,QA-01283,48200001283,4699,2,75,чорний,draft
Тестовий світильник 1284,QA-01284,48200001284,5199,3,100,зелений,draft
Тестовий світильник 1285,QA-01285,48200001285,5699,4,50,сірий,draft
Тестовий світильник 1286,QA-01286,48200001286,3699,5,75,чорний,draft
Тестовий світильник 1287,QA-01287,48200001287,4199,6,100,зелений,draft
Тестовий світильник 1288,QA-01288,48200001288,4699,7,50,сірий,draft
Тестовий світильник 1289,QA-01289,48200001289,5199,8,75,чорний,draft
Тестовий світильник 1290,QA-01290,48200001290,5699,9,100,зелений,draft
Тестовий світильник 1291,QA-01291,48200001291,3699,10,50,сірий,draft
Тестовий світильник 1292,QA-01292,48200001292,4199,11,75,чорний,draft
Тестовий світильник 1293,QA-01293,48200001293,4699,12,100,зелений,draft
Тестовий світильник 1294,QA-01294,48200001294,5199,13,50,сірий,draft
Тестовий світильник 1295,QA-01295,48200001295,5699,14,75,чорний,draft
Тестовий світильник 1296,QA-01296,48200001296,3699,15,100,зелений,draft
Тестовий світильник 1297,QA-01297,48200001297,4199,16,50,сірий,draft
Тестовий світильник 1298,QA-01298,48200001298,4699,17,75,чорний,draft
Тестовий світильник 1299,QA-01299,48200001299,5199,18,100,зелений,draft
Тестовий світильник 1300,QA-01300,48200001300,5699,19,50,сірий,draft
Тестовий світильник 1301,QA-01301,48200001301,3699,0,75,чорний,draft
Тестовий світильник 1302,QA-01302,48200001302,4199,1,100,зелений,draft
Тестовий світильник 1303,QA-01303,48200001303,4699,2,50,сірий,draft
Тестовий світильник 1304,QA-01304,48200001304,5199,3,75,чорний,draft
Тестовий світильник 1305,QA-01305,48200001305,5699,4,100,зелений,draft
Тестовий світильник 1306,QA-01306,48200001306,3699,5,50,сірий,draft
Тестовий світильник 1307,QA-01307,48200001307,4199,6,75,чорний,draft
Тестовий світильник 1308,QA-01308,48200001308,4699,7,100,зелений,draft
Тестовий світильник 1309,QA-01309,48200001309,5199,8,50,сірий,draft
Тестовий світильник 1310,QA-01310,48200001310,5699,9,75,чорний,draft
Тестовий світильник 1311,QA-01311,48200001311,3699,10,100,зелений,draft
Тестовий світильник 1312,QA-01312,48200001312,4199,11,50,сірий,draft
Тестовий світильник 1313,QA-01313,48200001313,4699,12,75,чорний,draft
Тестовий світильник 1314,QA-01314,48200001314,5199,13,100,зелений,draft
Тестовий світильник 1315,QA-01315,48200001315,5699,14,50,сірий,draft
Тестовий світильник 1316,QA-01316,48200001316,3699,15,75,чорний,draft
Тестовий світильник 1317,QA-01317,48200001317,4199,16,100,зелений,draft
Тестовий світильник 1318,QA-01318,48200001318,4699,17,50,сірий,draft
Тестовий світильник 1319,QA-01319,48200001319,5199,18,75,чорний,draft
Тестовий світильник 1320,QA-01320,48200001320,5699,19,100,зелений,draft
Тестовий світильник 1321,QA-01321,48200001321,3699,0,50,сірий,draft
Тестовий світильник 1322,QA-01322,48200001322,4199,1,75,чорний,draft
Тестовий світильник 1323,QA-01323,48200001323,4699,2,100,зелений,draft
Тестовий світильник 1324,QA-01324,48200001324,5199,3,50,сірий,draft
Тестовий світильник 1325,QA-01325,48200001325,5699,4,75,чорний,draft
Тестовий світильник 1326,QA-01326,48200001326,3699,5,100,зелений,draft
Тестовий світильник 1327,QA-01327,48200001327,4199,6,50,сірий,draft
Тестовий світильник 1328,QA-01328,48200001328,4699,7,75,чорний,draft
Тестовий світильник 1329,QA-01329,48200001329,5199,8,100,зелений,draft
Тестовий світильник 1330,QA-01330,48200001330,5699,9,50,сірий,draft
Тестовий світильник 1331,QA-01331,48200001331,3699,10,75,чорний,draft
Тестовий світильник 1332,QA-01332,48200001332,4199,11,100,зелений,draft
Тестовий світильник 1333,QA-01333,48200001333,4699,12,50,сірий,draft
Тестовий світильник 1334,QA-01334,48200001334,5199,13,75,чорний,draft
Тестовий світильник 1335,QA-01335,48200001335,5699,14,100,зелений,draft
Тестовий світильник 1336,QA-01336,48200001336,3699,15,50,сірий,draft
Тестовий світильник 1337,QA-01337,48200001337,4199,16,75,чорний,draft
Тестовий світильник 1338,QA-01338,48200001338,4699,17,100,зелений,draft
Тестовий світильник 1339,QA-01339,48200001339,5199,18,50,сірий,draft
Тестовий світильник 1340,QA-01340,48200001340,5699,19,75,чорний,draft
Тестовий світильник 1341,QA-01341,48200001341,3699,0,100,зелений,draft
Тестовий світильник 1342,QA-01342,48200001342,4199,1,50,сірий,draft
Тестовий світильник 1343,QA-01343,48200001343,4699,2,75,чорний,draft
Тестовий світильник 1344,QA-01344,48200001344,5199,3,100,зелений,draft
Тестовий світильник 1345,QA-01345,48200001345,5699,4,50,сірий,draft
Тестовий світильник 1346,QA-01346,48200001346,3699,5,75,чорний,draft
Тестовий світильник 1347,QA-01347,48200001347,4199,6,100,зелений,draft
Тестовий світильник 1348,QA-01348,48200001348,4699,7,50,сірий,draft
Тестовий світильник 1349,QA-01349,48200001349,5199,8,75,чорний,draft
Тестовий світильник 1350,QA-01350,48200001350,5699,9,100,зелений,draft
Тестовий світильник 1351,QA-01351,48200001351,3699,10,50,сірий,draft
Тестовий світильник 1352,QA-01352,48200001352,4199,11,75,чорний,draft
Тестовий світильник 1353,QA-01353,48200001353,4699,12,100,зелений,draft
Тестовий світильник 1354,QA-01354,48200001354,5199,13,50,сірий,draft
Тестовий світильник 1355,QA-01355,48200001355,5699,14,75,чорний,draft
Тестовий світильник 1356,QA-01356,48200001356,3699,15,100,зелений,draft
Тестовий світильник 1357,QA-01357,48200001357,4199,16,50,сірий,draft
Тестовий світильник 1358,QA-01358,48200001358,4699,17,75,чорний,draft
Тестовий світильник 1359,QA-01359,48200001359,5199,18,100,зелений,draft
Тестовий світильник 1360,QA-01360,48200001360,5699,19,50,сірий,draft
Тестовий світильник 1361,QA-01361,48200001361,3699,0,75,чорний,draft
Тестовий світильник 1362,QA-01362,48200001362,4199,1,100,зелений,draft
Тестовий світильник 1363,QA-01363,48200001363,4699,2,50,сірий,draft
Тестовий світильник 1364,QA-01364,48200001364,5199,3,75,чорний,draft
Тестовий світильник 1365,QA-01365,48200001365,5699,4,100,зелений,draft
Тестовий світильник 1366,QA-01366,48200001366,3699,5,50,сірий,draft
Тестовий світильник 1367,QA-01367,48200001367,4199,6,75,чорний,draft
Тестовий світильник 1368,QA-01368,48200001368,4699,7,100,зелений,draft
Тестовий світильник 1369,QA-01369,48200001369,5199,8,50,сірий,draft
Тестовий світильник 1370,QA-01370,48200001370,5699,9,75,чорний,draft
Тестовий світильник 1371,QA-01371,48200001371,3699,10,100,зелений,draft
Тестовий світильник 1372,QA-01372,48200001372,4199,11,50,сірий,draft
Тестовий світильник 1373,QA-01373,48200001373,4699,12,75,чорний,draft
Тестовий світильник 1374,QA-01374,48200001374,5199,13,100,зелений,draft
Тестовий світильник 1375,QA-01375,48200001375,5699,14,50,сірий,draft
Тестовий світильник 1376,QA-01376,48200001376,3699,15,75,чорний,draft
Тестовий світильник 1377,QA-01377,48200001377,4199,16,100,зелений,draft
Тестовий світильник 1378,QA-01378,48200001378,4699,17,50,сірий,draft
Тестовий світильник 1379,QA-01379,48200001379,5199,18,75,чорний,draft
Тестовий світильник 1380,QA-01380,48200001380,5699,19,100,зелений,draft
Тестовий світильник 1381,QA-01381,48200001381,3699,0,50,сірий,draft
Тестовий світильник 1382,QA-01382,48200001382,4199,1,75,чорний,draft
Тестовий світильник 1383,QA-01383,48200001383,4699,2,100,зелений,draft
Тестовий світильник 1384,QA-01384,48200001384,5199,3,50,сірий,draft
Тестовий світильник 1385,QA-01385,48200001385,5699,4,75,чорний,draft
Тестовий світильник 1386,QA-01386,48200001386,3699,5,100,зелений,draft
Тестовий світильник 1387,QA-01387,48200001387,4199,6,50,сірий,draft
Тестовий світильник 1388,QA-01388,48200001388,4699,7,75,чорний,draft
Тестовий світильник 1389,QA-01389,48200001389,5199,8,100,зелений,draft
Тестовий світильник 1390,QA-01390,48200001390,5699,9,50,сірий,draft
Тестовий світильник 1391,QA-01391,48200001391,3699,10,75,чорний,draft
Тестовий світильник 1392,QA-01392,48200001392,4199,11,100,зелений,draft
Тестовий світильник 1393,QA-01393,48200001393,4699,12,50,сірий,draft
Тестовий світильник 1394,QA-01394,48200001394,5199,13,75,чорний,draft
Тестовий світильник 1395,QA-01395,48200001395,5699,14,100,зелений,draft
Тестовий світильник 1396,QA-01396,48200001396,3699,15,50,сірий,draft
Тестовий світильник 1397,QA-01397,48200001397,4199,16,75,чорний,draft
Тестовий світильник 1398,QA-01398,48200001398,4699,17,100,зелений,draft
Тестовий світильник 1399,QA-01399,48200001399,5199,18,50,сірий,draft
Тестовий світильник 1400,QA-01400,48200001400,5699,19,75,чорний,draft
Тестовий світильник 1401,QA-01401,48200001401,3699,0,100,зелений,draft
Тестовий світильник 1402,QA-01402,48200001402,4199,1,50,сірий,draft
Тестовий світильник 1403,QA-01403,48200001403,4699,2,75,чорний,draft
Тестовий світильник 1404,QA-01404,48200001404,5199,3,100,зелений,draft
Тестовий світильник 1405,QA-01405,48200001405,5699,4,50,сірий,draft
Тестовий світильник 1406,QA-01406,48200001406,3699,5,75,чорний,draft
Тестовий світильник 1407,QA-01407,48200001407,4199,6,100,зелений,draft
Тестовий світильник 1408,QA-01408,48200001408,4699,7,50,сірий,draft
Тестовий світильник 1409,QA-01409,48200001409,5199,8,75,чорний,draft
Тестовий світильник 1410,QA-01410,48200001410,5699,9,100,зелений,draft
Тестовий світильник 1411,QA-01411,48200001411,3699,10,50,сірий,draft
Тестовий світильник 1412,QA-01412,48200001412,4199,11,75,чорний,draft
Тестовий світильник 1413,QA-01413,48200001413,4699,12,100,зелений,draft
Тестовий світильник 1414,QA-01414,48200001414,5199,13,50,сірий,draft
Тестовий світильник 1415,QA-01415,48200001415,5699,14,75,чорний,draft
Тестовий світильник 1416,QA-01416,48200001416,3699,15,100,зелений,draft
Тестовий світильник 1417,QA-01417,48200001417,4199,16,50,сірий,draft
Тестовий світильник 1418,QA-01418,48200001418,4699,17,75,чорний,draft
Тестовий світильник 1419,QA-01419,48200001419,5199,18,100,зелений,draft
Тестовий світильник 1420,QA-01420,48200001420,5699,19,50,сірий,draft
Тестовий світильник 1421,QA-01421,48200001421,3699,0,75,чорний,draft
Тестовий світильник 1422,QA-01422,48200001422,4199,1,100,зелений,draft
Тестовий світильник 1423,QA-01423,48200001423,4699,2,50,сірий,draft
Тестовий світильник 1424,QA-01424,48200001424,5199,3,75,чорний,draft
Тестовий світильник 1425,QA-01425,48200001425,5699,4,100,зелений,draft
Тестовий світильник 1426,QA-01426,48200001426,3699,5,50,сірий,draft
Тестовий світильник 1427,QA-01427,48200001427,4199,6,75,чорний,draft
Тестовий світильник 1428,QA-01428,48200001428,4699,7,100,зелений,draft
Тестовий світильник 1429,QA-01429,48200001429,5199,8,50,сірий,draft
Тестовий світильник 1430,QA-01430,48200001430,5699,9,75,чорний,draft
Тестовий світильник 1431,QA-01431,48200001431,3699,10,100,зелений,draft
Тестовий світильник 1432,QA-01432,48200001432,4199,11,50,сірий,draft
Тестовий світильник 1433,QA-01433,48200001433,4699,12,75,чорний,draft
Тестовий світильник 1434,QA-01434,48200001434,5199,13,100,зелений,draft
Тестовий світильник 1435,QA-01435,48200001435,5699,14,50,сірий,draft
Тестовий світильник 1436,QA-01436,48200001436,3699,15,75,чорний,draft
Тестовий світильник 1437,QA-01437,48200001437,4199,16,100,зелений,draft
Тестовий світильник 1438,QA-01438,48200001438,4699,17,50,сірий,draft
Тестовий світильник 1439,QA-01439,48200001439,5199,18,75,чорний,draft
Тестовий світильник 1440,QA-01440,48200001440,5699,19,100,зелений,draft
Тестовий світильник 1441,QA-01441,48200001441,3699,0,50,сірий,draft
Тестовий світильник 1442,QA-01442,48200001442,4199,1,75,чорний,draft
Тестовий світильник 1443,QA-01443,48200001443,4699,2,100,зелений,draft
Тестовий світильник 1444,QA-01444,48200001444,5199,3,50,сірий,draft
Тестовий світильник 1445,QA-01445,48200001445,5699,4,75,чорний,draft
Тестовий світильник 1446,QA-01446,48200001446,3699,5,100,зелений,draft
Тестовий світильник 1447,QA-01447,48200001447,4199,6,50,сірий,draft
Тестовий світильник 1448,QA-01448,48200001448,4699,7,75,чорний,draft
Тестовий світильник 1449,QA-01449,48200001449,5199,8,100,зелений,draft
Тестовий світильник 1450,QA-01450,48200001450,5699,9,50,сірий,draft
Тестовий світильник 1451,QA-01451,48200001451,3699,10,75,чорний,draft
Тестовий світильник 1452,QA-01452,48200001452,4199,11,100,зелений,draft
Тестовий світильник 1453,QA-01453,48200001453,4699,12,50,сірий,draft
Тестовий світильник 1454,QA-01454,48200001454,5199,13,75,чорний,draft
Тестовий світильник 1455,QA-01455,48200001455,5699,14,100,зелений,draft
Тестовий світильник 1456,QA-01456,48200001456,3699,15,50,сірий,draft
Тестовий світильник 1457,QA-01457,48200001457,4199,16,75,чорний,draft
Тестовий світильник 1458,QA-01458,48200001458,4699,17,100,зелений,draft
Тестовий світильник 1459,QA-01459,48200001459,5199,18,50,сірий,draft
Тестовий світильник 1460,QA-01460,48200001460,5699,19,75,чорний,draft
Тестовий світильник 1461,QA-01461,48200001461,3699,0,100,зелений,draft
Тестовий світильник 1462,QA-01462,48200001462,4199,1,50,сірий,draft
Тестовий світильник 1463,QA-01463,48200001463,4699,2,75,чорний,draft
Тестовий світильник 1464,QA-01464,48200001464,5199,3,100,зелений,draft
Тестовий світильник 1465,QA-01465,48200001465,5699,4,50,сірий,draft
Тестовий світильник 1466,QA-01466,48200001466,3699,5,75,чорний,draft
Тестовий світильник 1467,QA-01467,48200001467,4199,6,100,зелений,draft
Тестовий світильник 1468,QA-01468,48200001468,4699,7,50,сірий,draft
Тестовий світильник 1469,QA-01469,48200001469,5199,8,75,чорний,draft
Тестовий світильник 1470,QA-01470,48200001470,5699,9,100,зелений,draft
Тестовий світильник 1471,QA-01471,48200001471,3699,10,50,сірий,draft
Тестовий світильник 1472,QA-01472,48200001472,4199,11,75,чорний,draft
Тестовий світильник 1473,QA-01473,48200001473,4699,12,100,зелений,draft
Тестовий світильник 1474,QA-01474,48200001474,5199,13,50,сірий,draft
Тестовий світильник 1475,QA-01475,48200001475,5699,14,75,чорний,draft
Тестовий світильник 1476,QA-01476,48200001476,3699,15,100,зелений,draft
Тестовий світильник 1477,QA-01477,48200001477,4199,16,50,сірий,draft
Тестовий світильник 1478,QA-01478,48200001478,4699,17,75,чорний,draft
Тестовий світильник 1479,QA-01479,48200001479,5199,18,100,зелений,draft
Тестовий світильник 1480,QA-01480,48200001480,5699,19,50,сірий,draft
Тестовий світильник 1481,QA-01481,48200001481,3699,0,75,чорний,draft
Тестовий світильник 1482,QA-01482,48200001482,4199,1,100,зелений,draft
Тестовий світильник 1483,QA-01483,48200001483,4699,2,50,сірий,draft
Тестовий світильник 1484,QA-01484,48200001484,5199,3,75,чорний,draft
Тестовий світильник 1485,QA-01485,48200001485,5699,4,100,зелений,draft
Тестовий світильник 1486,QA-01486,48200001486,3699,5,50,сірий,draft
Тестовий світильник 1487,QA-01487,48200001487,4199,6,75,чорний,draft
Тестовий світильник 1488,QA-01488,48200001488,4699,7,100,зелений,draft
Тестовий світильник 1489,QA-01489,48200001489,5199,8,50,сірий,draft
Тестовий світильник 1490,QA-01490,48200001490,5699,9,75,чорний,draft
Тестовий світильник 1491,QA-01491,48200001491,3699,10,100,зелений,draft
Тестовий світильник 1492,QA-01492,48200001492,4199,11,50,сірий,draft
Тестовий світильник 1493,QA-01493,48200001493,4699,12,75,чорний,draft
Тестовий світильник 1494,QA-01494,48200001494,5199,13,100,зелений,draft
Тестовий світильник 1495,QA-01495,48200001495,5699,14,50,сірий,draft
Тестовий світильник 1496,QA-01496,48200001496,3699,15,75,чорний,draft
Тестовий світильник 1497,QA-01497,48200001497,4199,16,100,зелений,draft
Тестовий світильник 1498,QA-01498,48200001498,4699,17,50,сірий,draft
Тестовий світильник 1499,QA-01499,48200001499,5199,18,75,чорний,draft
Тестовий світильник 1500,QA-01500,48200001500,5699,19,100,зелений,draft
Тестовий світильник 1501,QA-01501,48200001501,3699,0,50,сірий,draft
Тестовий світильник 1502,QA-01502,48200001502,4199,1,75,чорний,draft
Тестовий світильник 1503,QA-01503,48200001503,4699,2,100,зелений,draft
Тестовий світильник 1504,QA-01504,48200001504,5199,3,50,сірий,draft
Тестовий світильник 1505,QA-01505,48200001505,5699,4,75,чорний,draft
Тестовий світильник 1506,QA-01506,48200001506,3699,5,100,зелений,draft
Тестовий світильник 1507,QA-01507,48200001507,4199,6,50,сірий,draft
Тестовий світильник 1508,QA-01508,48200001508,4699,7,75,чорний,draft
Тестовий світильник 1509,QA-01509,48200001509,5199,8,100,зелений,draft
Тестовий світильник 1510,QA-01510,48200001510,5699,9,50,сірий,draft
Тестовий світильник 1511,QA-01511,48200001511,3699,10,75,чорний,draft
Тестовий світильник 1512,QA-01512,48200001512,4199,11,100,зелений,draft
Тестовий світильник 1513,QA-01513,48200001513,4699,12,50,сірий,draft
Тестовий світильник 1514,QA-01514,48200001514,5199,13,75,чорний,draft
Тестовий світильник 1515,QA-01515,48200001515,5699,14,100,зелений,draft
Тестовий світильник 1516,QA-01516,48200001516,3699,15,50,сірий,draft
Тестовий світильник 1517,QA-01517,48200001517,4199,16,75,чорний,draft
Тестовий світильник 1518,QA-01518,48200001518,4699,17,100,зелений,draft
Тестовий світильник 1519,QA-01519,48200001519,5199,18,50,сірий,draft
Тестовий світильник 1520,QA-01520,48200001520,5699,19,75,чорний,draft
Тестовий світильник 1521,QA-01521,48200001521,3699,0,100,зелений,draft
Тестовий світильник 1522,QA-01522,48200001522,4199,1,50,сірий,draft
Тестовий світильник 1523,QA-01523,48200001523,4699,2,75,чорний,draft
Тестовий світильник 1524,QA-01524,48200001524,5199,3,100,зелений,draft
Тестовий світильник 1525,QA-01525,48200001525,5699,4,50,сірий,draft
Тестовий світильник 1526,QA-01526,48200001526,3699,5,75,чорний,draft
Тестовий світильник 1527,QA-01527,48200001527,4199,6,100,зелений,draft
Тестовий світильник 1528,QA-01528,48200001528,4699,7,50,сірий,draft
Тестовий світильник 1529,QA-01529,48200001529,5199,8,75,чорний,draft
Тестовий світильник 1530,QA-01530,48200001530,5699,9,100,зелений,draft
Тестовий світильник 1531,QA-01531,48200001531,3699,10,50,сірий,draft
Тестовий світильник 1532,QA-01532,48200001532,4199,11,75,чорний,draft
Тестовий світильник 1533,QA-01533,48200001533,4699,12,100,зелений,draft
Тестовий світильник 1534,QA-01534,48200001534,5199,13,50,сірий,draft
Тестовий світильник 1535,QA-01535,48200001535,5699,14,75,чорний,draft
Тестовий світильник 1536,QA-01536,48200001536,3699,15,100,зелений,draft
Тестовий світильник 1537,QA-01537,48200001537,4199,16,50,сірий,draft
Тестовий світильник 1538,QA-01538,48200001538,4699,17,75,чорний,draft
Тестовий світильник 1539,QA-01539,48200001539,5199,18,100,зелений,draft
Тестовий світильник 1540,QA-01540,48200001540,5699,19,50,сірий,draft
Тестовий світильник 1541,QA-01541,48200001541,3699,0,75,чорний,draft
Тестовий світильник 1542,QA-01542,48200001542,4199,1,100,зелений,draft
Тестовий світильник 1543,QA-01543,48200001543,4699,2,50,сірий,draft
Тестовий світильник 1544,QA-01544,48200001544,5199,3,75,чорний,draft
Тестовий світильник 1545,QA-01545,48200001545,5699,4,100,зелений,draft
Тестовий світильник 1546,QA-01546,48200001546,3699,5,50,сірий,draft
Тестовий світильник 1547,QA-01547,48200001547,4199,6,75,чорний,draft
Тестовий світильник 1548,QA-01548,48200001548,4699,7,100,зелений,draft
Тестовий світильник 1549,QA-01549,48200001549,5199,8,50,сірий,draft
Тестовий світильник 1550,QA-01550,48200001550,5699,9,75,чорний,draft
Тестовий світильник 1551,QA-01551,48200001551,3699,10,100,зелений,draft
Тестовий світильник 1552,QA-01552,48200001552,4199,11,50,сірий,draft
Тестовий світильник 1553,QA-01553,48200001553,4699,12,75,чорний,draft
Тестовий світильник 1554,QA-01554,48200001554,5199,13,100,зелений,draft
Тестовий світильник 1555,QA-01555,48200001555,5699,14,50,сірий,draft
Тестовий світильник 1556,QA-01556,48200001556,3699,15,75,чорний,draft
Тестовий світильник 1557,QA-01557,48200001557,4199,16,100,зелений,draft
Тестовий світильник 1558,QA-01558,48200001558,4699,17,50,сірий,draft
Тестовий світильник 1559,QA-01559,48200001559,5199,18,75,чорний,draft
Тестовий світильник 1560,QA-01560,48200001560,5699,19,100,зелений,draft
Тестовий світильник 1561,QA-01561,48200001561,3699,0,50,сірий,draft
Тестовий світильник 1562,QA-01562,48200001562,4199,1,75,чорний,draft
Тестовий світильник 1563,QA-01563,48200001563,4699,2,100,зелений,draft
Тестовий світильник 1564,QA-01564,48200001564,5199,3,50,сірий,draft
Тестовий світильник 1565,QA-01565,48200001565,5699,4,75,чорний,draft
Тестовий світильник 1566,QA-01566,48200001566,3699,5,100,зелений,draft
Тестовий світильник 1567,QA-01567,48200001567,4199,6,50,сірий,draft
Тестовий світильник 1568,QA-01568,48200001568,4699,7,75,чорний,draft
Тестовий світильник 1569,QA-01569,48200001569,5199,8,100,зелений,draft
Тестовий світильник 1570,QA-01570,48200001570,5699,9,50,сірий,draft
Тестовий світильник 1571,QA-01571,48200001571,3699,10,75,чорний,draft
Тестовий світильник 1572,QA-01572,48200001572,4199,11,100,зелений,draft
Тестовий світильник 1573,QA-01573,48200001573,4699,12,50,сірий,draft
Тестовий світильник 1574,QA-01574,48200001574,5199,13,75,чорний,draft
Тестовий світильник 1575,QA-01575,48200001575,5699,14,100,зелений,draft
Тестовий світильник 1576,QA-01576,48200001576,3699,15,50,сірий,draft
Тестовий світильник 1577,QA-01577,48200001577,4199,16,75,чорний,draft
Тестовий світильник 1578,QA-01578,48200001578,4699,17,100,зелений,draft
Тестовий світильник 1579,QA-01579,48200001579,5199,18,50,сірий,draft
Тестовий світильник 1580,QA-01580,48200001580,5699,19,75,чорний,draft
Тестовий світильник 1581,QA-01581,48200001581,3699,0,100,зелений,draft
Тестовий світильник 1582,QA-01582,48200001582,4199,1,50,сірий,draft
Тестовий світильник 1583,QA-01583,48200001583,4699,2,75,чорний,draft
Тестовий світильник 1584,QA-01584,48200001584,5199,3,100,зелений,draft
Тестовий світильник 1585,QA-01585,48200001585,5699,4,50,сірий,draft
Тестовий світильник 1586,QA-01586,48200001586,3699,5,75,чорний,draft
Тестовий світильник 1587,QA-01587,48200001587,4199,6,100,зелений,draft
Тестовий світильник 1588,QA-01588,48200001588,4699,7,50,сірий,draft
Тестовий світильник 1589,QA-01589,48200001589,5199,8,75,чорний,draft
Тестовий світильник 1590,QA-01590,48200001590,5699,9,100,зелений,draft
Тестовий світильник 1591,QA-01591,48200001591,3699,10,50,сірий,draft
Тестовий світильник 1592,QA-01592,48200001592,4199,11,75,чорний,draft
Тестовий світильник 1593,QA-01593,48200001593,4699,12,100,зелений,draft
Тестовий світильник 1594,QA-01594,48200001594,5199,13,50,сірий,draft
Тестовий світильник 1595,QA-01595,48200001595,5699,14,75,чорний,draft
Тестовий світильник 1596,QA-01596,48200001596,3699,15,100,зелений,draft
Тестовий світильник 1597,QA-01597,48200001597,4199,16,50,сірий,draft
Тестовий світильник 1598,QA-01598,48200001598,4699,17,75,чорний,draft
Тестовий світильник 1599,QA-01599,48200001599,5199,18,100,зелений,draft
Тестовий світильник 1600,QA-01600,48200001600,5699,19,50,сірий,draft
Тестовий світильник 1601,QA-01601,48200001601,3699,0,75,чорний,draft
Тестовий світильник 1602,QA-01602,48200001602,4199,1,100,зелений,draft
Тестовий світильник 1603,QA-01603,48200001603,4699,2,50,сірий,draft
Тестовий світильник 1604,QA-01604,48200001604,5199,3,75,чорний,draft
Тестовий світильник 1605,QA-01605,48200001605,5699,4,100,зелений,draft
Тестовий світильник 1606,QA-01606,48200001606,3699,5,50,сірий,draft
Тестовий світильник 1607,QA-01607,48200001607,4199,6,75,чорний,draft
Тестовий світильник 1608,QA-01608,48200001608,4699,7,100,зелений,draft
Тестовий світильник 1609,QA-01609,48200001609,5199,8,50,сірий,draft
Тестовий світильник 1610,QA-01610,48200001610,5699,9,75,чорний,draft
Тестовий світильник 1611,QA-01611,48200001611,3699,10,100,зелений,draft
Тестовий світильник 1612,QA-01612,48200001612,4199,11,50,сірий,draft
Тестовий світильник 1613,QA-01613,48200001613,4699,12,75,чорний,draft
Тестовий світильник 1614,QA-01614,48200001614,5199,13,100,зелений,draft
Тестовий світильник 1615,QA-01615,48200001615,5699,14,50,сірий,draft
Тестовий світильник 1616,QA-01616,48200001616,3699,15,75,чорний,draft
Тестовий світильник 1617,QA-01617,48200001617,4199,16,100,зелений,draft
Тестовий світильник 1618,QA-01618,48200001618,4699,17,50,сірий,draft
Тестовий світильник 1619,QA-01619,48200001619,5199,18,75,чорний,draft
Тестовий світильник 1620,QA-01620,48200001620,5699,19,100,зелений,draft
Тестовий світильник 1621,QA-01621,48200001621,3699,0,50,сірий,draft
Тестовий світильник 1622,QA-01622,48200001622,4199,1,75,чорний,draft
Тестовий світильник 1623,QA-01623,48200001623,4699,2,100,зелений,draft
Тестовий світильник 1624,QA-01624,48200001624,5199,3,50,сірий,draft
Тестовий світильник 1625,QA-01625,48200001625,5699,4,75,чорний,draft
Тестовий світильник 1626,QA-01626,48200001626,3699,5,100,зелений,draft
Тестовий світильник 1627,QA-01627,48200001627,4199,6,50,сірий,draft
Тестовий світильник 1628,QA-01628,48200001628,4699,7,75,чорний,draft
Тестовий світильник 1629,QA-01629,48200001629,5199,8,100,зелений,draft
Тестовий світильник 1630,QA-01630,48200001630,5699,9,50,сірий,draft
Тестовий світильник 1631,QA-01631,48200001631,3699,10,75,чорний,draft
Тестовий світильник 1632,QA-01632,48200001632,4199,11,100,зелений,draft
Тестовий світильник 1633,QA-01633,48200001633,4699,12,50,сірий,draft
Тестовий світильник 1634,QA-01634,48200001634,5199,13,75,чорний,draft
Тестовий світильник 1635,QA-01635,48200001635,5699,14,100,зелений,draft
Тестовий світильник 1636,QA-01636,48200001636,3699,15,50,сірий,draft
Тестовий світильник 1637,QA-01637,48200001637,4199,16,75,чорний,draft
Тестовий світильник 1638,QA-01638,48200001638,4699,17,100,зелений,draft
Тестовий світильник 1639,QA-01639,48200001639,5199,18,50,сірий,draft
Тестовий світильник 1640,QA-01640,48200001640,5699,19,75,чорний,draft
Тестовий світильник 1641,QA-01641,48200001641,3699,0,100,зелений,draft
Тестовий світильник 1642,QA-01642,48200001642,4199,1,50,сірий,draft
Тестовий світильник 1643,QA-01643,48200001643,4699,2,75,чорний,draft
Тестовий світильник 1644,QA-01644,48200001644,5199,3,100,зелений,draft
Тестовий світильник 1645,QA-01645,48200001645,5699,4,50,сірий,draft
Тестовий світильник 1646,QA-01646,48200001646,3699,5,75,чорний,draft
Тестовий світильник 1647,QA-01647,48200001647,4199,6,100,зелений,draft
Тестовий світильник 1648,QA-01648,48200001648,4699,7,50,сірий,draft
Тестовий світильник 1649,QA-01649,48200001649,5199,8,75,чорний,draft
Тестовий світильник 1650,QA-01650,48200001650,5699,9,100,зелений,draft
Тестовий світильник 1651,QA-01651,48200001651,3699,10,50,сірий,draft
Тестовий світильник 1652,QA-01652,48200001652,4199,11,75,чорний,draft
Тестовий світильник 1653,QA-01653,48200001653,4699,12,100,зелений,draft
Тестовий світильник 1654,QA-01654,48200001654,5199,13,50,сірий,draft
Тестовий світильник 1655,QA-01655,48200001655,5699,14,75,чорний,draft
Тестовий світильник 1656,QA-01656,48200001656,3699,15,100,зелений,draft
Тестовий світильник 1657,QA-01657,48200001657,4199,16,50,сірий,draft
Тестовий світильник 1658,QA-01658,48200001658,4699,17,75,чорний,draft
Тестовий світильник 1659,QA-01659,48200001659,5199,18,100,зелений,draft
Тестовий світильник 1660,QA-01660,48200001660,5699,19,50,сірий,draft
Тестовий світильник 1661,QA-01661,48200001661,3699,0,75,чорний,draft
Тестовий світильник 1662,QA-01662,48200001662,4199,1,100,зелений,draft
Тестовий світильник 1663,QA-01663,48200001663,4699,2,50,сірий,draft
Тестовий світильник 1664,QA-01664,48200001664,5199,3,75,чорний,draft
Тестовий світильник 1665,QA-01665,48200001665,5699,4,100,зелений,draft
Тестовий світильник 1666,QA-01666,48200001666,3699,5,50,сірий,draft
Тестовий світильник 1667,QA-01667,48200001667,4199,6,75,чорний,draft
Тестовий світильник 1668,QA-01668,48200001668,4699,7,100,зелений,draft
Тестовий світильник 1669,QA-01669,48200001669,5199,8,50,сірий,draft
Тестовий світильник 1670,QA-01670,48200001670,5699,9,75,чорний,draft
Тестовий світильник 1671,QA-01671,48200001671,3699,10,100,зелений,draft
Тестовий світильник 1672,QA-01672,48200001672,4199,11,50,сірий,draft
Тестовий світильник 1673,QA-01673,48200001673,4699,12,75,чорний,draft
Тестовий світильник 1674,QA-01674,48200001674,5199,13,100,зелений,draft
Тестовий світильник 1675,QA-01675,48200001675,5699,14,50,сірий,draft
Тестовий світильник 1676,QA-01676,48200001676,3699,15,75,чорний,draft
Тестовий світильник 1677,QA-01677,48200001677,4199,16,100,зелений,draft
Тестовий світильник 1678,QA-01678,48200001678,4699,17,50,сірий,draft
Тестовий світильник 1679,QA-01679,48200001679,5199,18,75,чорний,draft
Тестовий світильник 1680,QA-01680,48200001680,5699,19,100,зелений,draft
Тестовий світильник 1681,QA-01681,48200001681,3699,0,50,сірий,draft
Тестовий світильник 1682,QA-01682,48200001682,4199,1,75,чорний,draft
Тестовий світильник 1683,QA-01683,48200001683,4699,2,100,зелений,draft
Тестовий світильник 1684,QA-01684,48200001684,5199,3,50,сірий,draft
Тестовий світильник 1685,QA-01685,48200001685,5699,4,75,чорний,draft
Тестовий світильник 1686,QA-01686,48200001686,3699,5,100,зелений,draft
Тестовий світильник 1687,QA-01687,48200001687,4199,6,50,сірий,draft
Тестовий світильник 1688,QA-01688,48200001688,4699,7,75,чорний,draft
Тестовий світильник 1689,QA-01689,48200001689,5199,8,100,зелений,draft
Тестовий світильник 1690,QA-01690,48200001690,5699,9,50,сірий,draft
Тестовий світильник 1691,QA-01691,48200001691,3699,10,75,чорний,draft
Тестовий світильник 1692,QA-01692,48200001692,4199,11,100,зелений,draft
Тестовий світильник 1693,QA-01693,48200001693,4699,12,50,сірий,draft
Тестовий світильник 1694,QA-01694,48200001694,5199,13,75,чорний,draft
Тестовий світильник 1695,QA-01695,48200001695,5699,14,100,зелений,draft
Тестовий світильник 1696,QA-01696,48200001696,3699,15,50,сірий,draft
Тестовий світильник 1697,QA-01697,48200001697,4199,16,75,чорний,draft
Тестовий світильник 1698,QA-01698,48200001698,4699,17,100,зелений,draft
Тестовий світильник 1699,QA-01699,48200001699,5199,18,50,сірий,draft
Тестовий світильник 1700,QA-01700,48200001700,5699,19,75,чорний,draft
Тестовий світильник 1701,QA-01701,48200001701,3699,0,100,зелений,draft
Тестовий світильник 1702,QA-01702,48200001702,4199,1,50,сірий,draft
Тестовий світильник 1703,QA-01703,48200001703,4699,2,75,чорний,draft
Тестовий світильник 1704,QA-01704,48200001704,5199,3,100,зелений,draft
Тестовий світильник 1705,QA-01705,48200001705,5699,4,50,сірий,draft
Тестовий світильник 1706,QA-01706,48200001706,3699,5,75,чорний,draft
Тестовий світильник 1707,QA-01707,48200001707,4199,6,100,зелений,draft
Тестовий світильник 1708,QA-01708,48200001708,4699,7,50,сірий,draft
Тестовий світильник 1709,QA-01709,48200001709,5199,8,75,чорний,draft
Тестовий світильник 1710,QA-01710,48200001710,5699,9,100,зелений,draft
Тестовий світильник 1711,QA-01711,48200001711,3699,10,50,сірий,draft
Тестовий світильник 1712,QA-01712,48200001712,4199,11,75,чорний,draft
Тестовий світильник 1713,QA-01713,48200001713,4699,12,100,зелений,draft
Тестовий світильник 1714,QA-01714,48200001714,5199,13,50,сірий,draft
Тестовий світильник 1715,QA-01715,48200001715,5699,14,75,чорний,draft
Тестовий світильник 1716,QA-01716,48200001716,3699,15,100,зелений,draft
Тестовий світильник 1717,QA-01717,48200001717,4199,16,50,сірий,draft
Тестовий світильник 1718,QA-01718,48200001718,4699,17,75,чорний,draft
Тестовий світильник 1719,QA-01719,48200001719,5199,18,100,зелений,draft
Тестовий світильник 1720,QA-01720,48200001720,5699,19,50,сірий,draft
Тестовий світильник 1721,QA-01721,48200001721,3699,0,75,чорний,draft
Тестовий світильник 1722,QA-01722,48200001722,4199,1,100,зелений,draft
Тестовий світильник 1723,QA-01723,48200001723,4699,2,50,сірий,draft
Тестовий світильник 1724,QA-01724,48200001724,5199,3,75,чорний,draft
Тестовий світильник 1725,QA-01725,48200001725,5699,4,100,зелений,draft
Тестовий світильник 1726,QA-01726,48200001726,3699,5,50,сірий,draft
Тестовий світильник 1727,QA-01727,48200001727,4199,6,75,чорний,draft
Тестовий світильник 1728,QA-01728,48200001728,4699,7,100,зелений,draft
Тестовий світильник 1729,QA-01729,48200001729,5199,8,50,сірий,draft
Тестовий світильник 1730,QA-01730,48200001730,5699,9,75,чорний,draft
Тестовий світильник 1731,QA-01731,48200001731,3699,10,100,зелений,draft
Тестовий світильник 1732,QA-01732,48200001732,4199,11,50,сірий,draft
Тестовий світильник 1733,QA-01733,48200001733,4699,12,75,чорний,draft
Тестовий світильник 1734,QA-01734,48200001734,5199,13,100,зелений,draft
Тестовий світильник 1735,QA-01735,48200001735,5699,14,50,сірий,draft
Тестовий світильник 1736,QA-01736,48200001736,3699,15,75,чорний,draft
Тестовий світильник 1737,QA-01737,48200001737,4199,16,100,зелений,draft
Тестовий світильник 1738,QA-01738,48200001738,4699,17,50,сірий,draft
Тестовий світильник 1739,QA-01739,48200001739,5199,18,75,чорний,draft
Тестовий світильник 1740,QA-01740,48200001740,5699,19,100,зелений,draft
Тестовий світильник 1741,QA-01741,48200001741,3699,0,50,сірий,draft
Тестовий світильник 1742,QA-01742,48200001742,4199,1,75,чорний,draft
Тестовий світильник 1743,QA-01743,48200001743,4699,2,100,зелений,draft
Тестовий світильник 1744,QA-01744,48200001744,5199,3,50,сірий,draft
Тестовий світильник 1745,QA-01745,48200001745,5699,4,75,чорний,draft
Тестовий світильник 1746,QA-01746,48200001746,3699,5,100,зелений,draft
Тестовий світильник 1747,QA-01747,48200001747,4199,6,50,сірий,draft
Тестовий світильник 1748,QA-01748,48200001748,4699,7,75,чорний,draft
Тестовий світильник 1749,QA-01749,48200001749,5199,8,100,зелений,draft
Тестовий світильник 1750,QA-01750,48200001750,5699,9,50,сірий,draft
Тестовий світильник 1751,QA-01751,48200001751,3699,10,75,чорний,draft
Тестовий світильник 1752,QA-01752,48200001752,4199,11,100,зелений,draft
Тестовий світильник 1753,QA-01753,48200001753,4699,12,50,сірий,draft
Тестовий світильник 1754,QA-01754,48200001754,5199,13,75,чорний,draft
Тестовий світильник 1755,QA-01755,48200001755,5699,14,100,зелений,draft
Тестовий світильник 1756,QA-01756,48200001756,3699,15,50,сірий,draft
Тестовий світильник 1757,QA-01757,48200001757,4199,16,75,чорний,draft
Тестовий світильник 1758,QA-01758,48200001758,4699,17,100,зелений,draft
Тестовий світильник 1759,QA-01759,48200001759,5199,18,50,сірий,draft
Тестовий світильник 1760,QA-01760,48200001760,5699,19,75,чорний,draft
Тестовий світильник 1761,QA-01761,48200001761,3699,0,100,зелений,draft
Тестовий світильник 1762,QA-01762,48200001762,4199,1,50,сірий,draft
Тестовий світильник 1763,QA-01763,48200001763,4699,2,75,чорний,draft
Тестовий світильник 1764,QA-01764,48200001764,5199,3,100,зелений,draft
Тестовий світильник 1765,QA-01765,48200001765,5699,4,50,сірий,draft
Тестовий світильник 1766,QA-01766,48200001766,3699,5,75,чорний,draft
Тестовий світильник 1767,QA-01767,48200001767,4199,6,100,зелений,draft
Тестовий світильник 1768,QA-01768,48200001768,4699,7,50,сірий,draft
Тестовий світильник 1769,QA-01769,48200001769,5199,8,75,чорний,draft
Тестовий світильник 1770,QA-01770,48200001770,5699,9,100,зелений,draft
Тестовий світильник 1771,QA-01771,48200001771,3699,10,50,сірий,draft
Тестовий світильник 1772,QA-01772,48200001772,4199,11,75,чорний,draft
Тестовий світильник 1773,QA-01773,48200001773,4699,12,100,зелений,draft
Тестовий світильник 1774,QA-01774,48200001774,5199,13,50,сірий,draft
Тестовий світильник 1775,QA-01775,48200001775,5699,14,75,чорний,draft
Тестовий світильник 1776,QA-01776,48200001776,3699,15,100,зелений,draft
Тестовий світильник 1777,QA-01777,48200001777,4199,16,50,сірий,draft
Тестовий світильник 1778,QA-01778,48200001778,4699,17,75,чорний,draft
Тестовий світильник 1779,QA-01779,48200001779,5199,18,100,зелений,draft
Тестовий світильник 1780,QA-01780,48200001780,5699,19,50,сірий,draft
Тестовий світильник 1781,QA-01781,48200001781,3699,0,75,чорний,draft
Тестовий світильник 1782,QA-01782,48200001782,4199,1,100,зелений,draft
Тестовий світильник 1783,QA-01783,48200001783,4699,2,50,сірий,draft
Тестовий світильник 1784,QA-01784,48200001784,5199,3,75,чорний,draft
Тестовий світильник 1785,QA-01785,48200001785,5699,4,100,зелений,draft
Тестовий світильник 1786,QA-01786,48200001786,3699,5,50,сірий,draft
Тестовий світильник 1787,QA-01787,48200001787,4199,6,75,чорний,draft
Тестовий світильник 1788,QA-01788,48200001788,4699,7,100,зелений,draft
Тестовий світильник 1789,QA-01789,48200001789,5199,8,50,сірий,draft
Тестовий світильник 1790,QA-01790,48200001790,5699,9,75,чорний,draft
Тестовий світильник 1791,QA-01791,48200001791,3699,10,100,зелений,draft
Тестовий світильник 1792,QA-01792,48200001792,4199,11,50,сірий,draft
Тестовий світильник 1793,QA-01793,48200001793,4699,12,75,чорний,draft
Тестовий світильник 1794,QA-01794,48200001794,5199,13,100,зелений,draft
Тестовий світильник 1795,QA-01795,48200001795,5699,14,50,сірий,draft
Тестовий світильник 1796,QA-01796,48200001796,3699,15,75,чорний,draft
Тестовий світильник 1797,QA-01797,48200001797,4199,16,100,зелений,draft
Тестовий світильник 1798,QA-01798,48200001798,4699,17,50,сірий,draft
Тестовий світильник 1799,QA-01799,48200001799,5199,18,75,чорний,draft
Тестовий світильник 1800,QA-01800,48200001800,5699,19,100,зелений,draft
Тестовий світильник 1801,QA-01801,48200001801,3699,0,50,сірий,draft
Тестовий світильник 1802,QA-01802,48200001802,4199,1,75,чорний,draft
Тестовий світильник 1803,QA-01803,48200001803,4699,2,100,зелений,draft
Тестовий світильник 1804,QA-01804,48200001804,5199,3,50,сірий,draft
Тестовий світильник 1805,QA-01805,48200001805,5699,4,75,чорний,draft
Тестовий світильник 1806,QA-01806,48200001806,3699,5,100,зелений,draft
Тестовий світильник 1807,QA-01807,48200001807,4199,6,50,сірий,draft
Тестовий світильник 1808,QA-01808,48200001808,4699,7,75,чорний,draft
Тестовий світильник 1809,QA-01809,48200001809,5199,8,100,зелений,draft
Тестовий світильник 1810,QA-01810,48200001810,5699,9,50,сірий,draft
Тестовий світильник 1811,QA-01811,48200001811,3699,10,75,чорний,draft
Тестовий світильник 1812,QA-01812,48200001812,4199,11,100,зелений,draft
Тестовий світильник 1813,QA-01813,48200001813,4699,12,50,сірий,draft
Тестовий світильник 1814,QA-01814,48200001814,5199,13,75,чорний,draft
Тестовий світильник 1815,QA-01815,48200001815,5699,14,100,зелений,draft
Тестовий світильник 1816,QA-01816,48200001816,3699,15,50,сірий,draft
Тестовий світильник 1817,QA-01817,48200001817,4199,16,75,чорний,draft
Тестовий світильник 1818,QA-01818,48200001818,4699,17,100,зелений,draft
Тестовий світильник 1819,QA-01819,48200001819,5199,18,50,сірий,draft
Тестовий світильник 1820,QA-01820,48200001820,5699,19,75,чорний,draft
Тестовий світильник 1821,QA-01821,48200001821,3699,0,100,зелений,draft
Тестовий світильник 1822,QA-01822,48200001822,4199,1,50,сірий,draft
Тестовий світильник 1823,QA-01823,48200001823,4699,2,75,чорний,draft
Тестовий світильник 1824,QA-01824,48200001824,5199,3,100,зелений,draft
Тестовий світильник 1825,QA-01825,48200001825,5699,4,50,сірий,draft
Тестовий світильник 1826,QA-01826,48200001826,3699,5,75,чорний,draft
Тестовий світильник 1827,QA-01827,48200001827,4199,6,100,зелений,draft
Тестовий світильник 1828,QA-01828,48200001828,4699,7,50,сірий,draft
Тестовий світильник 1829,QA-01829,48200001829,5199,8,75,чорний,draft
Тестовий світильник 1830,QA-01830,48200001830,5699,9,100,зелений,draft
Тестовий світильник 1831,QA-01831,48200001831,3699,10,50,сірий,draft
Тестовий світильник 1832,QA-01832,48200001832,4199,11,75,чорний,draft
Тестовий світильник 1833,QA-01833,48200001833,4699,12,100,зелений,draft
Тестовий світильник 1834,QA-01834,48200001834,5199,13,50,сірий,draft
Тестовий світильник 1835,QA-01835,48200001835,5699,14,75,чорний,draft
Тестовий світильник 1836,QA-01836,48200001836,3699,15,100,зелений,draft
Тестовий світильник 1837,QA-01837,48200001837,4199,16,50,сірий,draft
Тестовий світильник 1838,QA-01838,48200001838,4699,17,75,чорний,draft
Тестовий світильник 1839,QA-01839,48200001839,5199,18,100,зелений,draft
Тестовий світильник 1840,QA-01840,48200001840,5699,19,50,сірий,draft
Тестовий світильник 1841,QA-01841,48200001841,3699,0,75,чорний,draft
Тестовий світильник 1842,QA-01842,48200001842,4199,1,100,зелений,draft
Тестовий світильник 1843,QA-01843,48200001843,4699,2,50,сірий,draft
Тестовий світильник 1844,QA-01844,48200001844,5199,3,75,чорний,draft
Тестовий світильник 1845,QA-01845,48200001845,5699,4,100,зелений,draft
Тестовий світильник 1846,QA-01846,48200001846,3699,5,50,сірий,draft
Тестовий світильник 1847,QA-01847,48200001847,4199,6,75,чорний,draft
Тестовий світильник 1848,QA-01848,48200001848,4699,7,100,зелений,draft
Тестовий світильник 1849,QA-01849,48200001849,5199,8,50,сірий,draft
Тестовий світильник 1850,QA-01850,48200001850,5699,9,75,чорний,draft
Тестовий світильник 1851,QA-01851,48200001851,3699,10,100,зелений,draft
Тестовий світильник 1852,QA-01852,48200001852,4199,11,50,сірий,draft
Тестовий світильник 1853,QA-01853,48200001853,4699,12,75,чорний,draft
Тестовий світильник 1854,QA-01854,48200001854,5199,13,100,зелений,draft
Тестовий світильник 1855,QA-01855,48200001855,5699,14,50,сірий,draft
Тестовий світильник 1856,QA-01856,48200001856,3699,15,75,чорний,draft
Тестовий світильник 1857,QA-01857,48200001857,4199,16,100,зелений,draft
Тестовий світильник 1858,QA-01858,48200001858,4699,17,50,сірий,draft
Тестовий світильник 1859,QA-01859,48200001859,5199,18,75,чорний,draft
Тестовий світильник 1860,QA-01860,48200001860,5699,19,100,зелений,draft
Тестовий світильник 1861,QA-01861,48200001861,3699,0,50,сірий,draft
Тестовий світильник 1862,QA-01862,48200001862,4199,1,75,чорний,draft
Тестовий світильник 1863,QA-01863,48200001863,4699,2,100,зелений,draft
Тестовий світильник 1864,QA-01864,48200001864,5199,3,50,сірий,draft
Тестовий світильник 1865,QA-01865,48200001865,5699,4,75,чорний,draft
Тестовий світильник 1866,QA-01866,48200001866,3699,5,100,зелений,draft
Тестовий світильник 1867,QA-01867,48200001867,4199,6,50,сірий,draft
Тестовий світильник 1868,QA-01868,48200001868,4699,7,75,чорний,draft
Тестовий світильник 1869,QA-01869,48200001869,5199,8,100,зелений,draft
Тестовий світильник 1870,QA-01870,48200001870,5699,9,50,сірий,draft
Тестовий світильник 1871,QA-01871,48200001871,3699,10,75,чорний,draft
Тестовий світильник 1872,QA-01872,48200001872,4199,11,100,зелений,draft
Тестовий світильник 1873,QA-01873,48200001873,4699,12,50,сірий,draft
Тестовий світильник 1874,QA-01874,48200001874,5199,13,75,чорний,draft
Тестовий світильник 1875,QA-01875,48200001875,5699,14,100,зелений,draft
Тестовий світильник 1876,QA-01876,48200001876,3699,15,50,сірий,draft
Тестовий світильник 1877,QA-01877,48200001877,4199,16,75,чорний,draft
Тестовий світильник 1878,QA-01878,48200001878,4699,17,100,зелений,draft
Тестовий світильник 1879,QA-01879,48200001879,5199,18,50,сірий,draft
Тестовий світильник 1880,QA-01880,48200001880,5699,19,75,чорний,draft
Тестовий світильник 1881,QA-01881,48200001881,3699,0,100,зелений,draft
Тестовий світильник 1882,QA-01882,48200001882,4199,1,50,сірий,draft
Тестовий світильник 1883,QA-01883,48200001883,4699,2,75,чорний,draft
Тестовий світильник 1884,QA-01884,48200001884,5199,3,100,зелений,draft
Тестовий світильник 1885,QA-01885,48200001885,5699,4,50,сірий,draft
Тестовий світильник 1886,QA-01886,48200001886,3699,5,75,чорний,draft
Тестовий світильник 1887,QA-01887,48200001887,4199,6,100,зелений,draft
Тестовий світильник 1888,QA-01888,48200001888,4699,7,50,сірий,draft
Тестовий світильник 1889,QA-01889,48200001889,5199,8,75,чорний,draft
Тестовий світильник 1890,QA-01890,48200001890,5699,9,100,зелений,draft
Тестовий світильник 1891,QA-01891,48200001891,3699,10,50,сірий,draft
Тестовий світильник 1892,QA-01892,48200001892,4199,11,75,чорний,draft
Тестовий світильник 1893,QA-01893,48200001893,4699,12,100,зелений,draft
Тестовий світильник 1894,QA-01894,48200001894,5199,13,50,сірий,draft
Тестовий світильник 1895,QA-01895,48200001895,5699,14,75,чорний,draft
Тестовий світильник 1896,QA-01896,48200001896,3699,15,100,зелений,draft
Тестовий світильник 1897,QA-01897,48200001897,4199,16,50,сірий,draft
Тестовий світильник 1898,QA-01898,48200001898,4699,17,75,чорний,draft
Тестовий світильник 1899,QA-01899,48200001899,5199,18,100,зелений,draft
Тестовий світильник 1900,QA-01900,48200001900,5699,19,50,сірий,draft
Тестовий світильник 1901,QA-01901,48200001901,3699,0,75,чорний,draft
Тестовий світильник 1902,QA-01902,48200001902,4199,1,100,зелений,draft
Тестовий світильник 1903,QA-01903,48200001903,4699,2,50,сірий,draft
Тестовий світильник 1904,QA-01904,48200001904,5199,3,75,чорний,draft
Тестовий світильник 1905,QA-01905,48200001905,5699,4,100,зелений,draft
Тестовий світильник 1906,QA-01906,48200001906,3699,5,50,сірий,draft
Тестовий світильник 1907,QA-01907,48200001907,4199,6,75,чорний,draft
Тестовий світильник 1908,QA-01908,48200001908,4699,7,100,зелений,draft
Тестовий світильник 1909,QA-01909,48200001909,5199,8,50,сірий,draft
Тестовий світильник 1910,QA-01910,48200001910,5699,9,75,чорний,draft
Тестовий світильник 1911,QA-01911,48200001911,3699,10,100,зелений,draft
Тестовий світильник 1912,QA-01912,48200001912,4199,11,50,сірий,draft
Тестовий світильник 1913,QA-01913,48200001913,4699,12,75,чорний,draft
Тестовий світильник 1914,QA-01914,48200001914,5199,13,100,зелений,draft
Тестовий світильник 1915,QA-01915,48200001915,5699,14,50,сірий,draft
Тестовий світильник 1916,QA-01916,48200001916,3699,15,75,чорний,draft
Тестовий світильник 1917,QA-01917,48200001917,4199,16,100,зелений,draft
Тестовий світильник 1918,QA-01918,48200001918,4699,17,50,сірий,draft
Тестовий світильник 1919,QA-01919,48200001919,5199,18,75,чорний,draft
Тестовий світильник 1920,QA-01920,48200001920,5699,19,100,зелений,draft
Тестовий світильник 1921,QA-01921,48200001921,3699,0,50,сірий,draft
Тестовий світильник 1922,QA-01922,48200001922,4199,1,75,чорний,draft
Тестовий світильник 1923,QA-01923,48200001923,4699,2,100,зелений,draft
Тестовий світильник 1924,QA-01924,48200001924,5199,3,50,сірий,draft
Тестовий світильник 1925,QA-01925,48200001925,5699,4,75,чорний,draft
Тестовий світильник 1926,QA-01926,48200001926,3699,5,100,зелений,draft
Тестовий світильник 1927,QA-01927,48200001927,4199,6,50,сірий,draft
Тестовий світильник 1928,QA-01928,48200001928,4699,7,75,чорний,draft
Тестовий світильник 1929,QA-01929,48200001929,5199,8,100,зелений,draft
Тестовий світильник 1930,QA-01930,48200001930,5699,9,50,сірий,draft
Тестовий світильник 1931,QA-01931,48200001931,3699,10,75,чорний,draft
Тестовий світильник 1932,QA-01932,48200001932,4199,11,100,зелений,draft
Тестовий світильник 1933,QA-01933,48200001933,4699,12,50,сірий,draft
Тестовий світильник 1934,QA-01934,48200001934,5199,13,75,чорний,draft
Тестовий світильник 1935,QA-01935,48200001935,5699,14,100,зелений,draft
Тестовий світильник 1936,QA-01936,48200001936,3699,15,50,сірий,draft
Тестовий світильник 1937,QA-01937,48200001937,4199,16,75,чорний,draft
Тестовий світильник 1938,QA-01938,48200001938,4699,17,100,зелений,draft
Тестовий світильник 1939,QA-01939,48200001939,5199,18,50,сірий,draft
Тестовий світильник 1940,QA-01940,48200001940,5699,19,75,чорний,draft
Тестовий світильник 1941,QA-01941,48200001941,3699,0,100,зелений,draft
Тестовий світильник 1942,QA-01942,48200001942,4199,1,50,сірий,draft
Тестовий світильник 1943,QA-01943,48200001943,4699,2,75,чорний,draft
Тестовий світильник 1944,QA-01944,48200001944,5199,3,100,зелений,draft
Тестовий світильник 1945,QA-01945,48200001945,5699,4,50,сірий,draft
Тестовий світильник 1946,QA-01946,48200001946,3699,5,75,чорний,draft
Тестовий світильник 1947,QA-01947,48200001947,4199,6,100,зелений,draft
Тестовий світильник 1948,QA-01948,48200001948,4699,7,50,сірий,draft
Тестовий світильник 1949,QA-01949,48200001949,5199,8,75,чорний,draft
Тестовий світильник 1950,QA-01950,48200001950,5699,9,100,зелений,draft
Тестовий світильник 1951,QA-01951,48200001951,3699,10,50,сірий,draft
Тестовий світильник 1952,QA-01952,48200001952,4199,11,75,чорний,draft
Тестовий світильник 1953,QA-01953,48200001953,4699,12,100,зелений,draft
Тестовий світильник 1954,QA-01954,48200001954,5199,13,50,сірий,draft
Тестовий світильник 1955,QA-01955,48200001955,5699,14,75,чорний,draft
Тестовий світильник 1956,QA-01956,48200001956,3699,15,100,зелений,draft
Тестовий світильник 1957,QA-01957,48200001957,4199,16,50,сірий,draft
Тестовий світильник 1958,QA-01958,48200001958,4699,17,75,чорний,draft
Тестовий світильник 1959,QA-01959,48200001959,5199,18,100,зелений,draft
Тестовий світильник 1960,QA-01960,48200001960,5699,19,50,сірий,draft
Тестовий світильник 1961,QA-01961,48200001961,3699,0,75,чорний,draft
Тестовий світильник 1962,QA-01962,48200001962,4199,1,100,зелений,draft
Тестовий світильник 1963,QA-01963,48200001963,4699,2,50,сірий,draft
Тестовий світильник 1964,QA-01964,48200001964,5199,3,75,чорний,draft
Тестовий світильник 1965,QA-01965,48200001965,5699,4,100,зелений,draft
Тестовий світильник 1966,QA-01966,48200001966,3699,5,50,сірий,draft
Тестовий світильник 1967,QA-01967,48200001967,4199,6,75,чорний,draft
Тестовий світильник 1968,QA-01968,48200001968,4699,7,100,зелений,draft
Тестовий світильник 1969,QA-01969,48200001969,5199,8,50,сірий,draft
Тестовий світильник 1970,QA-01970,48200001970,5699,9,75,чорний,draft
Тестовий світильник 1971,QA-01971,48200001971,3699,10,100,зелений,draft
Тестовий світильник 1972,QA-01972,48200001972,4199,11,50,сірий,draft
Тестовий світильник 1973,QA-01973,48200001973,4699,12,75,чорний,draft
Тестовий світильник 1974,QA-01974,48200001974,5199,13,100,зелений,draft
Тестовий світильник 1975,QA-01975,48200001975,5699,14,50,сірий,draft
Тестовий світильник 1976,QA-01976,48200001976,3699,15,75,чорний,draft
Тестовий світильник 1977,QA-01977,48200001977,4199,16,100,зелений,draft
Тестовий світильник 1978,QA-01978,48200001978,4699,17,50,сірий,draft
Тестовий світильник 1979,QA-01979,48200001979,5199,18,75,чорний,draft
Тестовий світильник 1980,QA-01980,48200001980,5699,19,100,зелений,draft
Тестовий світильник 1981,QA-01981,48200001981,3699,0,50,сірий,draft
Тестовий світильник 1982,QA-01982,48200001982,4199,1,75,чорний,draft
Тестовий світильник 1983,QA-01983,48200001983,4699,2,100,зелений,draft
Тестовий світильник 1984,QA-01984,48200001984,5199,3,50,сірий,draft
Тестовий світильник 1985,QA-01985,48200001985,5699,4,75,чорний,draft
Тестовий світильник 1986,QA-01986,48200001986,3699,5,100,зелений,draft
Тестовий світильник 1987,QA-01987,48200001987,4199,6,50,сірий,draft
Тестовий світильник 1988,QA-01988,48200001988,4699,7,75,чорний,draft
Тестовий світильник 1989,QA-01989,48200001989,5199,8,100,зелений,draft
Тестовий світильник 1990,QA-01990,48200001990,5699,9,50,сірий,draft
Тестовий світильник 1991,QA-01991,48200001991,3699,10,75,чорний,draft
Тестовий світильник 1992,QA-01992,48200001992,4199,11,100,зелений,draft
Тестовий світильник 1993,QA-01993,48200001993,4699,12,50,сірий,draft
Тестовий світильник 1994,QA-01994,48200001994,5199,13,75,чорний,draft
Тестовий світильник 1995,QA-01995,48200001995,5699,14,100,зелений,draft
Тестовий світильник 1996,QA-01996,48200001996,3699,15,50,сірий,draft
Тестовий світильник 1997,QA-01997,48200001997,4199,16,75,чорний,draft
Тестовий світильник 1998,QA-01998,48200001998,4699,17,100,зелений,draft
Тестовий світильник 1999,QA-01999,48200001999,5199,18,50,сірий,draft
Тестовий світильник 2000,QA-02000,48200002000,5699,19,75,чорний,draft
Тестовий світильник 2001,QA-02001,48200002001,3699,0,100,зелений,draft
Тестовий світильник 2002,QA-02002,48200002002,4199,1,50,сірий,draft
Тестовий світильник 2003,QA-02003,48200002003,4699,2,75,чорний,draft
Тестовий світильник 2004,QA-02004,48200002004,5199,3,100,зелений,draft
Тестовий світильник 2005,QA-02005,48200002005,5699,4,50,сірий,draft
Тестовий світильник 2006,QA-02006,48200002006,3699,5,75,чорний,draft
Тестовий світильник 2007,QA-02007,48200002007,4199,6,100,зелений,draft
Тестовий світильник 2008,QA-02008,48200002008,4699,7,50,сірий,draft
Тестовий світильник 2009,QA-02009,48200002009,5199,8,75,чорний,draft
Тестовий світильник 2010,QA-02010,48200002010,5699,9,100,зелений,draft
Тестовий світильник 2011,QA-02011,48200002011,3699,10,50,сірий,draft
Тестовий світильник 2012,QA-02012,48200002012,4199,11,75,чорний,draft
Тестовий світильник 2013,QA-02013,48200002013,4699,12,100,зелений,draft
Тестовий світильник 2014,QA-02014,48200002014,5199,13,50,сірий,draft
Тестовий світильник 2015,QA-02015,48200002015,5699,14,75,чорний,draft
Тестовий світильник 2016,QA-02016,48200002016,3699,15,100,зелений,draft
Тестовий світильник 2017,QA-02017,48200002017,4199,16,50,сірий,draft
Тестовий світильник 2018,QA-02018,48200002018,4699,17,75,чорний,draft
Тестовий світильник 2019,QA-02019,48200002019,5199,18,100,зелений,draft
Тестовий світильник 2020,QA-02020,48200002020,5699,19,50,сірий,draft
Тестовий світильник 2021,QA-02021,48200002021,3699,0,75,чорний,draft
Тестовий світильник 2022,QA-02022,48200002022,4199,1,100,зелений,draft
Тестовий світильник 2023,QA-02023,48200002023,4699,2,50,сірий,draft
Тестовий світильник 2024,QA-02024,48200002024,5199,3,75,чорний,draft
Тестовий світильник 2025,QA-02025,48200002025,5699,4,100,зелений,draft
Тестовий світильник 2026,QA-02026,48200002026,3699,5,50,сірий,draft
Тестовий світильник 2027,QA-02027,48200002027,4199,6,75,чорний,draft
Тестовий світильник 2028,QA-02028,48200002028,4699,7,100,зелений,draft
Тестовий світильник 2029,QA-02029,48200002029,5199,8,50,сірий,draft
Тестовий світильник 2030,QA-02030,48200002030,5699,9,75,чорний,draft
Тестовий світильник 2031,QA-02031,48200002031,3699,10,100,зелений,draft
Тестовий світильник 2032,QA-02032,48200002032,4199,11,50,сірий,draft
Тестовий світильник 2033,QA-02033,48200002033,4699,12,75,чорний,draft
Тестовий світильник 2034,QA-02034,48200002034,5199,13,100,зелений,draft
Тестовий світильник 2035,QA-02035,48200002035,5699,14,50,сірий,draft
Тестовий світильник 2036,QA-02036,48200002036,3699,15,75,чорний,draft
Тестовий світильник 2037,QA-02037,48200002037,4199,16,100,зелений,draft
Тестовий світильник 2038,QA-02038,48200002038,4699,17,50,сірий,draft
Тестовий світильник 2039,QA-02039,48200002039,5199,18,75,чорний,draft
Тестовий світильник 2040,QA-02040,48200002040,5699,19,100,зелений,draft
Тестовий світильник 2041,QA-02041,48200002041,3699,0,50,сірий,draft
Тестовий світильник 2042,QA-02042,48200002042,4199,1,75,чорний,draft
Тестовий світильник 2043,QA-02043,48200002043,4699,2,100,зелений,draft
Тестовий світильник 2044,QA-02044,48200002044,5199,3,50,сірий,draft
Тестовий світильник 2045,QA-02045,48200002045,5699,4,75,чорний,draft
Тестовий світильник 2046,QA-02046,48200002046,3699,5,100,зелений,draft
Тестовий світильник 2047,QA-02047,48200002047,4199,6,50,сірий,draft
Тестовий світильник 2048,QA-02048,48200002048,4699,7,75,чорний,draft
Тестовий світильник 2049,QA-02049,48200002049,5199,8,100,зелений,draft
Тестовий світильник 2050,QA-02050,48200002050,5699,9,50,сірий,draft
Тестовий світильник 2051,QA-02051,48200002051,3699,10,75,чорний,draft
Тестовий світильник 2052,QA-02052,48200002052,4199,11,100,зелений,draft
Тестовий світильник 2053,QA-02053,48200002053,4699,12,50,сірий,draft
Тестовий світильник 2054,QA-02054,48200002054,5199,13,75,чорний,draft
Тестовий світильник 2055,QA-02055,48200002055,5699,14,100,зелений,draft
Тестовий світильник 2056,QA-02056,48200002056,3699,15,50,сірий,draft
Тестовий світильник 2057,QA-02057,48200002057,4199,16,75,чорний,draft
Тестовий світильник 2058,QA-02058,48200002058,4699,17,100,зелений,draft
Тестовий світильник 2059,QA-02059,48200002059,5199,18,50,сірий,draft
Тестовий світильник 2060,QA-02060,48200002060,5699,19,75,чорний,draft
Тестовий світильник 2061,QA-02061,48200002061,3699,0,100,зелений,draft
Тестовий світильник 2062,QA-02062,48200002062,4199,1,50,сірий,draft
Тестовий світильник 2063,QA-02063,48200002063,4699,2,75,чорний,draft
Тестовий світильник 2064,QA-02064,48200002064,5199,3,100,зелений,draft
Тестовий світильник 2065,QA-02065,48200002065,5699,4,50,сірий,draft
Тестовий світильник 2066,QA-02066,48200002066,3699,5,75,чорний,draft
Тестовий світильник 2067,QA-02067,48200002067,4199,6,100,зелений,draft
Тестовий світильник 2068,QA-02068,48200002068,4699,7,50,сірий,draft
Тестовий світильник 2069,QA-02069,48200002069,5199,8,75,чорний,draft
Тестовий світильник 2070,QA-02070,48200002070,5699,9,100,зелений,draft
Тестовий світильник 2071,QA-02071,48200002071,3699,10,50,сірий,draft
Тестовий світильник 2072,QA-02072,48200002072,4199,11,75,чорний,draft
Тестовий світильник 2073,QA-02073,48200002073,4699,12,100,зелений,draft
Тестовий світильник 2074,QA-02074,48200002074,5199,13,50,сірий,draft
Тестовий світильник 2075,QA-02075,48200002075,5699,14,75,чорний,draft
Тестовий світильник 2076,QA-02076,48200002076,3699,15,100,зелений,draft
Тестовий світильник 2077,QA-02077,48200002077,4199,16,50,сірий,draft
Тестовий світильник 2078,QA-02078,48200002078,4699,17,75,чорний,draft
Тестовий світильник 2079,QA-02079,48200002079,5199,18,100,зелений,draft
Тестовий світильник 2080,QA-02080,48200002080,5699,19,50,сірий,draft
Тестовий світильник 2081,QA-02081,48200002081,3699,0,75,чорний,draft
Тестовий світильник 2082,QA-02082,48200002082,4199,1,100,зелений,draft
Тестовий світильник 2083,QA-02083,48200002083,4699,2,50,сірий,draft
Тестовий світильник 2084,QA-02084,48200002084,5199,3,75,чорний,draft
Тестовий світильник 2085,QA-02085,48200002085,5699,4,100,зелений,draft
Тестовий світильник 2086,QA-02086,48200002086,3699,5,50,сірий,draft
Тестовий світильник 2087,QA-02087,48200002087,4199,6,75,чорний,draft
Тестовий світильник 2088,QA-02088,48200002088,4699,7,100,зелений,draft
Тестовий світильник 2089,QA-02089,48200002089,5199,8,50,сірий,draft
Тестовий світильник 2090,QA-02090,48200002090,5699,9,75,чорний,draft
Тестовий світильник 2091,QA-02091,48200002091,3699,10,100,зелений,draft
Тестовий світильник 2092,QA-02092,48200002092,4199,11,50,сірий,draft
Тестовий світильник 2093,QA-02093,48200002093,4699,12,75,чорний,draft
Тестовий світильник 2094,QA-02094,48200002094,5199,13,100,зелений,draft
Тестовий світильник 2095,QA-02095,48200002095,5699,14,50,сірий,draft
Тестовий світильник 2096,QA-02096,48200002096,3699,15,75,чорний,draft
Тестовий світильник 2097,QA-02097,48200002097,4199,16,100,зелений,draft
Тестовий світильник 2098,QA-02098,48200002098,4699,17,50,сірий,draft
Тестовий світильник 2099,QA-02099,48200002099,5199,18,75,чорний,draft
Тестовий світильник 2100,QA-02100,48200002100,5699,19,100,зелений,draft
Тестовий світильник 2101,QA-02101,48200002101,3699,0,50,сірий,draft
Тестовий світильник 2102,QA-02102,48200002102,4199,1,75,чорний,draft
Тестовий світильник 2103,QA-02103,48200002103,4699,2,100,зелений,draft
Тестовий світильник 2104,QA-02104,48200002104,5199,3,50,сірий,draft
Тестовий світильник 2105,QA-02105,48200002105,5699,4,75,чорний,draft
Тестовий світильник 2106,QA-02106,48200002106,3699,5,100,зелений,draft
Тестовий світильник 2107,QA-02107,48200002107,4199,6,50,сірий,draft
Тестовий світильник 2108,QA-02108,48200002108,4699,7,75,чорний,draft
Тестовий світильник 2109,QA-02109,48200002109,5199,8,100,зелений,draft
Тестовий світильник 2110,QA-02110,48200002110,5699,9,50,сірий,draft
Тестовий світильник 2111,QA-02111,48200002111,3699,10,75,чорний,draft
Тестовий світильник 2112,QA-02112,48200002112,4199,11,100,зелений,draft
Тестовий світильник 2113,QA-02113,48200002113,4699,12,50,сірий,draft
Тестовий світильник 2114,QA-02114,48200002114,5199,13,75,чорний,draft
Тестовий світильник 2115,QA-02115,48200002115,5699,14,100,зелений,draft
Тестовий світильник 2116,QA-02116,48200002116,3699,15,50,сірий,draft
Тестовий світильник 2117,QA-02117,48200002117,4199,16,75,чорний,draft
Тестовий світильник 2118,QA-02118,48200002118,4699,17,100,зелений,draft
Тестовий світильник 2119,QA-02119,48200002119,5199,18,50,сірий,draft
Тестовий світильник 2120,QA-02120,48200002120,5699,19,75,чорний,draft
Тестовий світильник 2121,QA-02121,48200002121,3699,0,100,зелений,draft
Тестовий світильник 2122,QA-02122,48200002122,4199,1,50,сірий,draft
Тестовий світильник 2123,QA-02123,48200002123,4699,2,75,чорний,draft
Тестовий світильник 2124,QA-02124,48200002124,5199,3,100,зелений,draft
Тестовий світильник 2125,QA-02125,48200002125,5699,4,50,сірий,draft
Тестовий світильник 2126,QA-02126,48200002126,3699,5,75,чорний,draft
Тестовий світильник 2127,QA-02127,48200002127,4199,6,100,зелений,draft
Тестовий світильник 2128,QA-02128,48200002128,4699,7,50,сірий,draft
Тестовий світильник 2129,QA-02129,48200002129,5199,8,75,чорний,draft
Тестовий світильник 2130,QA-02130,48200002130,5699,9,100,зелений,draft
Тестовий світильник 2131,QA-02131,48200002131,3699,10,50,сірий,draft
Тестовий світильник 2132,QA-02132,48200002132,4199,11,75,чорний,draft
Тестовий світильник 2133,QA-02133,48200002133,4699,12,100,зелений,draft
Тестовий світильник 2134,QA-02134,48200002134,5199,13,50,сірий,draft
Тестовий світильник 2135,QA-02135,48200002135,5699,14,75,чорний,draft
Тестовий світильник 2136,QA-02136,48200002136,3699,15,100,зелений,draft
Тестовий світильник 2137,QA-02137,48200002137,4199,16,50,сірий,draft
Тестовий світильник 2138,QA-02138,48200002138,4699,17,75,чорний,draft
Тестовий світильник 2139,QA-02139,48200002139,5199,18,100,зелений,draft
Тестовий світильник 2140,QA-02140,48200002140,5699,19,50,сірий,draft
Тестовий світильник 2141,QA-02141,48200002141,3699,0,75,чорний,draft
Тестовий світильник 2142,QA-02142,48200002142,4199,1,100,зелений,draft
Тестовий світильник 2143,QA-02143,48200002143,4699,2,50,сірий,draft
Тестовий світильник 2144,QA-02144,48200002144,5199,3,75,чорний,draft
Тестовий світильник 2145,QA-02145,48200002145,5699,4,100,зелений,draft
Тестовий світильник 2146,QA-02146,48200002146,3699,5,50,сірий,draft
Тестовий світильник 2147,QA-02147,48200002147,4199,6,75,чорний,draft
Тестовий світильник 2148,QA-02148,48200002148,4699,7,100,зелений,draft
Тестовий світильник 2149,QA-02149,48200002149,5199,8,50,сірий,draft
Тестовий світильник 2150,QA-02150,48200002150,5699,9,75,чорний,draft
Тестовий світильник 2151,QA-02151,48200002151,3699,10,100,зелений,draft
Тестовий світильник 2152,QA-02152,48200002152,4199,11,50,сірий,draft
Тестовий світильник 2153,QA-02153,48200002153,4699,12,75,чорний,draft
Тестовий світильник 2154,QA-02154,48200002154,5199,13,100,зелений,draft
Тестовий світильник 2155,QA-02155,48200002155,5699,14,50,сірий,draft
Тестовий світильник 2156,QA-02156,48200002156,3699,15,75,чорний,draft
Тестовий світильник 2157,QA-02157,48200002157,4199,16,100,зелений,draft
Тестовий світильник 2158,QA-02158,48200002158,4699,17,50,сірий,draft
Тестовий світильник 2159,QA-02159,48200002159,5199,18,75,чорний,draft
Тестовий світильник 2160,QA-02160,48200002160,5699,19,100,зелений,draft
Тестовий світильник 2161,QA-02161,48200002161,3699,0,50,сірий,draft
Тестовий світильник 2162,QA-02162,48200002162,4199,1,75,чорний,draft
Тестовий світильник 2163,QA-02163,48200002163,4699,2,100,зелений,draft
Тестовий світильник 2164,QA-02164,48200002164,5199,3,50,сірий,draft
Тестовий світильник 2165,QA-02165,48200002165,5699,4,75,чорний,draft
Тестовий світильник 2166,QA-02166,48200002166,3699,5,100,зелений,draft
Тестовий світильник 2167,QA-02167,48200002167,4199,6,50,сірий,draft
Тестовий світильник 2168,QA-02168,48200002168,4699,7,75,чорний,draft
Тестовий світильник 2169,QA-02169,48200002169,5199,8,100,зелений,draft
Тестовий світильник 2170,QA-02170,48200002170,5699,9,50,сірий,draft
Тестовий світильник 2171,QA-02171,48200002171,3699,10,75,чорний,draft
Тестовий світильник 2172,QA-02172,48200002172,4199,11,100,зелений,draft
Тестовий світильник 2173,QA-02173,48200002173,4699,12,50,сірий,draft
Тестовий світильник 2174,QA-02174,48200002174,5199,13,75,чорний,draft
Тестовий світильник 2175,QA-02175,48200002175,5699,14,100,зелений,draft
Тестовий світильник 2176,QA-02176,48200002176,3699,15,50,сірий,draft
Тестовий світильник 2177,QA-02177,48200002177,4199,16,75,чорний,draft
Тестовий світильник 2178,QA-02178,48200002178,4699,17,100,зелений,draft
Тестовий світильник 2179,QA-02179,48200002179,5199,18,50,сірий,draft
Тестовий світильник 2180,QA-02180,48200002180,5699,19,75,чорний,draft
Тестовий світильник 2181,QA-02181,48200002181,3699,0,100,зелений,draft
Тестовий світильник 2182,QA-02182,48200002182,4199,1,50,сірий,draft
Тестовий світильник 2183,QA-02183,48200002183,4699,2,75,чорний,draft
Тестовий світильник 2184,QA-02184,48200002184,5199,3,100,зелений,draft
Тестовий світильник 2185,QA-02185,48200002185,5699,4,50,сірий,draft
Тестовий світильник 2186,QA-02186,48200002186,3699,5,75,чорний,draft
Тестовий світильник 2187,QA-02187,48200002187,4199,6,100,зелений,draft
Тестовий світильник 2188,QA-02188,48200002188,4699,7,50,сірий,draft
Тестовий світильник 2189,QA-02189,48200002189,5199,8,75,чорний,draft
Тестовий світильник 2190,QA-02190,48200002190,5699,9,100,зелений,draft
Тестовий світильник 2191,QA-02191,48200002191,3699,10,50,сірий,draft
Тестовий світильник 2192,QA-02192,48200002192,4199,11,75,чорний,draft
Тестовий світильник 2193,QA-02193,48200002193,4699,12,100,зелений,draft
Тестовий світильник 2194,QA-02194,48200002194,5199,13,50,сірий,draft
Тестовий світильник 2195,QA-02195,48200002195,5699,14,75,чорний,draft
Тестовий світильник 2196,QA-02196,48200002196,3699,15,100,зелений,draft
Тестовий світильник 2197,QA-02197,48200002197,4199,16,50,сірий,draft
Тестовий світильник 2198,QA-02198,48200002198,4699,17,75,чорний,draft
Тестовий світильник 2199,QA-02199,48200002199,5199,18,100,зелений,draft
Тестовий світильник 2200,QA-02200,48200002200,5699,19,50,сірий,draft
Тестовий світильник 2201,QA-02201,48200002201,3699,0,75,чорний,draft
Тестовий світильник 2202,QA-02202,48200002202,4199,1,100,зелений,draft
Тестовий світильник 2203,QA-02203,48200002203,4699,2,50,сірий,draft
Тестовий світильник 2204,QA-02204,48200002204,5199,3,75,чорний,draft
Тестовий світильник 2205,QA-02205,48200002205,5699,4,100,зелений,draft
Тестовий світильник 2206,QA-02206,48200002206,3699,5,50,сірий,draft
Тестовий світильник 2207,QA-02207,48200002207,4199,6,75,чорний,draft
Тестовий світильник 2208,QA-02208,48200002208,4699,7,100,зелений,draft
Тестовий світильник 2209,QA-02209,48200002209,5199,8,50,сірий,draft
Тестовий світильник 2210,QA-02210,48200002210,5699,9,75,чорний,draft
Тестовий світильник 2211,QA-02211,48200002211,3699,10,100,зелений,draft
Тестовий світильник 2212,QA-02212,48200002212,4199,11,50,сірий,draft
Тестовий світильник 2213,QA-02213,48200002213,4699,12,75,чорний,draft
Тестовий світильник 2214,QA-02214,48200002214,5199,13,100,зелений,draft
Тестовий світильник 2215,QA-02215,48200002215,5699,14,50,сірий,draft
Тестовий світильник 2216,QA-02216,48200002216,3699,15,75,чорний,draft
Тестовий світильник 2217,QA-02217,48200002217,4199,16,100,зелений,draft
Тестовий світильник 2218,QA-02218,48200002218,4699,17,50,сірий,draft
Тестовий світильник 2219,QA-02219,48200002219,5199,18,75,чорний,draft
Тестовий світильник 2220,QA-02220,48200002220,5699,19,100,зелений,draft
Тестовий світильник 2221,QA-02221,48200002221,3699,0,50,сірий,draft
Тестовий світильник 2222,QA-02222,48200002222,4199,1,75,чорний,draft
Тестовий світильник 2223,QA-02223,48200002223,4699,2,100,зелений,draft
Тестовий світильник 2224,QA-02224,48200002224,5199,3,50,сірий,draft
Тестовий світильник 2225,QA-02225,48200002225,5699,4,75,чорний,draft
Тестовий світильник 2226,QA-02226,48200002226,3699,5,100,зелений,draft
Тестовий світильник 2227,QA-02227,48200002227,4199,6,50,сірий,draft
Тестовий світильник 2228,QA-02228,48200002228,4699,7,75,чорний,draft
Тестовий світильник 2229,QA-02229,48200002229,5199,8,100,зелений,draft
Тестовий світильник 2230,QA-02230,48200002230,5699,9,50,сірий,draft
Тестовий світильник 2231,QA-02231,48200002231,3699,10,75,чорний,draft
Тестовий світильник 2232,QA-02232,48200002232,4199,11,100,зелений,draft
Тестовий світильник 2233,QA-02233,48200002233,4699,12,50,сірий,draft
Тестовий світильник 2234,QA-02234,48200002234,5199,13,75,чорний,draft
Тестовий світильник 2235,QA-02235,48200002235,5699,14,100,зелений,draft
Тестовий світильник 2236,QA-02236,48200002236,3699,15,50,сірий,draft
Тестовий світильник 2237,QA-02237,48200002237,4199,16,75,чорний,draft
Тестовий світильник 2238,QA-02238,48200002238,4699,17,100,зелений,draft
Тестовий світильник 2239,QA-02239,48200002239,5199,18,50,сірий,draft
Тестовий світильник 2240,QA-02240,48200002240,5699,19,75,чорний,draft
Тестовий світильник 2241,QA-02241,48200002241,3699,0,100,зелений,draft
Тестовий світильник 2242,QA-02242,48200002242,4199,1,50,сірий,draft
Тестовий світильник 2243,QA-02243,48200002243,4699,2,75,чорний,draft
Тестовий світильник 2244,QA-02244,48200002244,5199,3,100,зелений,draft
Тестовий світильник 2245,QA-02245,48200002245,5699,4,50,сірий,draft
Тестовий світильник 2246,QA-02246,48200002246,3699,5,75,чорний,draft
Тестовий світильник 2247,QA-02247,48200002247,4199,6,100,зелений,draft
Тестовий світильник 2248,QA-02248,48200002248,4699,7,50,сірий,draft
Тестовий світильник 2249,QA-02249,48200002249,5199,8,75,чорний,draft
Тестовий світильник 2250,QA-02250,48200002250,5699,9,100,зелений,draft
Тестовий світильник 2251,QA-02251,48200002251,3699,10,50,сірий,draft
Тестовий світильник 2252,QA-02252,48200002252,4199,11,75,чорний,draft
Тестовий світильник 2253,QA-02253,48200002253,4699,12,100,зелений,draft
Тестовий світильник 2254,QA-02254,48200002254,5199,13,50,сірий,draft
Тестовий світильник 2255,QA-02255,48200002255,5699,14,75,чорний,draft
Тестовий світильник 2256,QA-02256,48200002256,3699,15,100,зелений,draft
Тестовий світильник 2257,QA-02257,48200002257,4199,16,50,сірий,draft
Тестовий світильник 2258,QA-02258,48200002258,4699,17,75,чорний,draft
Тестовий світильник 2259,QA-02259,48200002259,5199,18,100,зелений,draft
Тестовий світильник 2260,QA-02260,48200002260,5699,19,50,сірий,draft
Тестовий світильник 2261,QA-02261,48200002261,3699,0,75,чорний,draft
Тестовий світильник 2262,QA-02262,48200002262,4199,1,100,зелений,draft
Тестовий світильник 2263,QA-02263,48200002263,4699,2,50,сірий,draft
Тестовий світильник 2264,QA-02264,48200002264,5199,3,75,чорний,draft
Тестовий світильник 2265,QA-02265,48200002265,5699,4,100,зелений,draft
Тестовий світильник 2266,QA-02266,48200002266,3699,5,50,сірий,draft
Тестовий світильник 2267,QA-02267,48200002267,4199,6,75,чорний,draft
Тестовий світильник 2268,QA-02268,48200002268,4699,7,100,зелений,draft
Тестовий світильник 2269,QA-02269,48200002269,5199,8,50,сірий,draft
Тестовий світильник 2270,QA-02270,48200002270,5699,9,75,чорний,draft
Тестовий світильник 2271,QA-02271,48200002271,3699,10,100,зелений,draft
Тестовий світильник 2272,QA-02272,48200002272,4199,11,50,сірий,draft
Тестовий світильник 2273,QA-02273,48200002273,4699,12,75,чорний,draft
Тестовий світильник 2274,QA-02274,48200002274,5199,13,100,зелений,draft
Тестовий світильник 2275,QA-02275,48200002275,5699,14,50,сірий,draft
Тестовий світильник 2276,QA-02276,48200002276,3699,15,75,чорний,draft
Тестовий світильник 2277,QA-02277,48200002277,4199,16,100,зелений,draft
Тестовий світильник 2278,QA-02278,48200002278,4699,17,50,сірий,draft
Тестовий світильник 2279,QA-02279,48200002279,5199,18,75,чорний,draft
Тестовий світильник 2280,QA-02280,48200002280,5699,19,100,зелений,draft
Тестовий світильник 2281,QA-02281,48200002281,3699,0,50,сірий,draft
Тестовий світильник 2282,QA-02282,48200002282,4199,1,75,чорний,draft
Тестовий світильник 2283,QA-02283,48200002283,4699,2,100,зелений,draft
Тестовий світильник 2284,QA-02284,48200002284,5199,3,50,сірий,draft
Тестовий світильник 2285,QA-02285,48200002285,5699,4,75,чорний,draft
Тестовий світильник 2286,QA-02286,48200002286,3699,5,100,зелений,draft
Тестовий світильник 2287,QA-02287,48200002287,4199,6,50,сірий,draft
Тестовий світильник 2288,QA-02288,48200002288,4699,7,75,чорний,draft
Тестовий світильник 2289,QA-02289,48200002289,5199,8,100,зелений,draft
Тестовий світильник 2290,QA-02290,48200002290,5699,9,50,сірий,draft
Тестовий світильник 2291,QA-02291,48200002291,3699,10,75,чорний,draft
Тестовий світильник 2292,QA-02292,48200002292,4199,11,100,зелений,draft
Тестовий світильник 2293,QA-02293,48200002293,4699,12,50,сірий,draft
Тестовий світильник 2294,QA-02294,48200002294,5199,13,75,чорний,draft
Тестовий світильник 2295,QA-02295,48200002295,5699,14,100,зелений,draft
Тестовий світильник 2296,QA-02296,48200002296,3699,15,50,сірий,draft
Тестовий світильник 2297,QA-02297,48200002297,4199,16,75,чорний,draft
Тестовий світильник 2298,QA-02298,48200002298,4699,17,100,зелений,draft
Тестовий світильник 2299,QA-02299,48200002299,5199,18,50,сірий,draft
Тестовий світильник 2300,QA-02300,48200002300,5699,19,75,чорний,draft
Тестовий світильник 2301,QA-02301,48200002301,3699,0,100,зелений,draft
Тестовий світильник 2302,QA-02302,48200002302,4199,1,50,сірий,draft
Тестовий світильник 2303,QA-02303,48200002303,4699,2,75,чорний,draft
Тестовий світильник 2304,QA-02304,48200002304,5199,3,100,зелений,draft
Тестовий світильник 2305,QA-02305,48200002305,5699,4,50,сірий,draft
Тестовий світильник 2306,QA-02306,48200002306,3699,5,75,чорний,draft
Тестовий світильник 2307,QA-02307,48200002307,4199,6,100,зелений,draft
Тестовий світильник 2308,QA-02308,48200002308,4699,7,50,сірий,draft
Тестовий світильник 2309,QA-02309,48200002309,5199,8,75,чорний,draft
Тестовий світильник 2310,QA-02310,48200002310,5699,9,100,зелений,draft
Тестовий світильник 2311,QA-02311,48200002311,3699,10,50,сірий,draft
Тестовий світильник 2312,QA-02312,48200002312,4199,11,75,чорний,draft
Тестовий світильник 2313,QA-02313,48200002313,4699,12,100,зелений,draft
Тестовий світильник 2314,QA-02314,48200002314,5199,13,50,сірий,draft
Тестовий світильник 2315,QA-02315,48200002315,5699,14,75,чорний,draft
Тестовий світильник 2316,QA-02316,48200002316,3699,15,100,зелений,draft
Тестовий світильник 2317,QA-02317,48200002317,4199,16,50,сірий,draft
Тестовий світильник 2318,QA-02318,48200002318,4699,17,75,чорний,draft
Тестовий світильник 2319,QA-02319,48200002319,5199,18,100,зелений,draft
Тестовий світильник 2320,QA-02320,48200002320,5699,19,50,сірий,draft
Тестовий світильник 2321,QA-02321,48200002321,3699,0,75,чорний,draft
Тестовий світильник 2322,QA-02322,48200002322,4199,1,100,зелений,draft
Тестовий світильник 2323,QA-02323,48200002323,4699,2,50,сірий,draft
Тестовий світильник 2324,QA-02324,48200002324,5199,3,75,чорний,draft
Тестовий світильник 2325,QA-02325,48200002325,5699,4,100,зелений,draft
Тестовий світильник 2326,QA-02326,48200002326,3699,5,50,сірий,draft
Тестовий світильник 2327,QA-02327,48200002327,4199,6,75,чорний,draft
Тестовий світильник 2328,QA-02328,48200002328,4699,7,100,зелений,draft
Тестовий світильник 2329,QA-02329,48200002329,5199,8,50,сірий,draft
Тестовий світильник 2330,QA-02330,48200002330,5699,9,75,чорний,draft
Тестовий світильник 2331,QA-02331,48200002331,3699,10,100,зелений,draft
Тестовий світильник 2332,QA-02332,48200002332,4199,11,50,сірий,draft
Тестовий світильник 2333,QA-02333,48200002333,4699,12,75,чорний,draft
Тестовий світильник 2334,QA-02334,48200002334,5199,13,100,зелений,draft
Тестовий світильник 2335,QA-02335,48200002335,5699,14,50,сірий,draft
Тестовий світильник 2336,QA-02336,48200002336,3699,15,75,чорний,draft
Тестовий світильник 2337,QA-02337,48200002337,4199,16,100,зелений,draft
Тестовий світильник 2338,QA-02338,48200002338,4699,17,50,сірий,draft
Тестовий світильник 2339,QA-02339,48200002339,5199,18,75,чорний,draft
Тестовий світильник 2340,QA-02340,48200002340,5699,19,100,зелений,draft
Тестовий світильник 2341,QA-02341,48200002341,3699,0,50,сірий,draft
Тестовий світильник 2342,QA-02342,48200002342,4199,1,75,чорний,draft
Тестовий світильник 2343,QA-02343,48200002343,4699,2,100,зелений,draft
Тестовий світильник 2344,QA-02344,48200002344,5199,3,50,сірий,draft
Тестовий світильник 2345,QA-02345,48200002345,5699,4,75,чорний,draft
Тестовий світильник 2346,QA-02346,48200002346,3699,5,100,зелений,draft
Тестовий світильник 2347,QA-02347,48200002347,4199,6,50,сірий,draft
Тестовий світильник 2348,QA-02348,48200002348,4699,7,75,чорний,draft
Тестовий світильник 2349,QA-02349,48200002349,5199,8,100,зелений,draft
Тестовий світильник 2350,QA-02350,48200002350,5699,9,50,сірий,draft
Тестовий світильник 2351,QA-02351,48200002351,3699,10,75,чорний,draft
Тестовий світильник 2352,QA-02352,48200002352,4199,11,100,зелений,draft
Тестовий світильник 2353,QA-02353,48200002353,4699,12,50,сірий,draft
Тестовий світильник 2354,QA-02354,48200002354,5199,13,75,чорний,draft
Тестовий світильник 2355,QA-02355,48200002355,5699,14,100,зелений,draft
Тестовий світильник 2356,QA-02356,48200002356,3699,15,50,сірий,draft
Тестовий світильник 2357,QA-02357,48200002357,4199,16,75,чорний,draft
Тестовий світильник 2358,QA-02358,48200002358,4699,17,100,зелений,draft
Тестовий світильник 2359,QA-02359,48200002359,5199,18,50,сірий,draft
Тестовий світильник 2360,QA-02360,48200002360,5699,19,75,чорний,draft
Тестовий світильник 2361,QA-02361,48200002361,3699,0,100,зелений,draft
Тестовий світильник 2362,QA-02362,48200002362,4199,1,50,сірий,draft
Тестовий світильник 2363,QA-02363,48200002363,4699,2,75,чорний,draft
Тестовий світильник 2364,QA-02364,48200002364,5199,3,100,зелений,draft
Тестовий світильник 2365,QA-02365,48200002365,5699,4,50,сірий,draft
Тестовий світильник 2366,QA-02366,48200002366,3699,5,75,чорний,draft
Тестовий світильник 2367,QA-02367,48200002367,4199,6,100,зелений,draft
Тестовий світильник 2368,QA-02368,48200002368,4699,7,50,сірий,draft
Тестовий світильник 2369,QA-02369,48200002369,5199,8,75,чорний,draft
Тестовий світильник 2370,QA-02370,48200002370,5699,9,100,зелений,draft
Тестовий світильник 2371,QA-02371,48200002371,3699,10,50,сірий,draft
Тестовий світильник 2372,QA-02372,48200002372,4199,11,75,чорний,draft
Тестовий світильник 2373,QA-02373,48200002373,4699,12,100,зелений,draft
Тестовий світильник 2374,QA-02374,48200002374,5199,13,50,сірий,draft
Тестовий світильник 2375,QA-02375,48200002375,5699,14,75,чорний,draft
Тестовий світильник 2376,QA-02376,48200002376,3699,15,100,зелений,draft
Тестовий світильник 2377,QA-02377,48200002377,4199,16,50,сірий,draft
Тестовий світильник 2378,QA-02378,48200002378,4699,17,75,чорний,draft
Тестовий світильник 2379,QA-02379,48200002379,5199,18,100,зелений,draft
Тестовий світильник 2380,QA-02380,48200002380,5699,19,50,сірий,draft
Тестовий світильник 2381,QA-02381,48200002381,3699,0,75,чорний,draft
Тестовий світильник 2382,QA-02382,48200002382,4199,1,100,зелений,draft
Тестовий світильник 2383,QA-02383,48200002383,4699,2,50,сірий,draft
Тестовий світильник 2384,QA-02384,48200002384,5199,3,75,чорний,draft
Тестовий світильник 2385,QA-02385,48200002385,5699,4,100,зелений,draft
Тестовий світильник 2386,QA-02386,48200002386,3699,5,50,сірий,draft
Тестовий світильник 2387,QA-02387,48200002387,4199,6,75,чорний,draft
Тестовий світильник 2388,QA-02388,48200002388,4699,7,100,зелений,draft
Тестовий світильник 2389,QA-02389,48200002389,5199,8,50,сірий,draft
Тестовий світильник 2390,QA-02390,48200002390,5699,9,75,чорний,draft
Тестовий світильник 2391,QA-02391,48200002391,3699,10,100,зелений,draft
Тестовий світильник 2392,QA-02392,48200002392,4199,11,50,сірий,draft
Тестовий світильник 2393,QA-02393,48200002393,4699,12,75,чорний,draft
Тестовий світильник 2394,QA-02394,48200002394,5199,13,100,зелений,draft
Тестовий світильник 2395,QA-02395,48200002395,5699,14,50,сірий,draft
Тестовий світильник 2396,QA-02396,48200002396,3699,15,75,чорний,draft
Тестовий світильник 2397,QA-02397,48200002397,4199,16,100,зелений,draft
Тестовий світильник 2398,QA-02398,48200002398,4699,17,50,сірий,draft
Тестовий світильник 2399,QA-02399,48200002399,5199,18,75,чорний,draft
Тестовий світильник 2400,QA-02400,48200002400,5699,19,100,зелений,draft
Тестовий світильник 2401,QA-02401,48200002401,3699,0,50,сірий,draft
Тестовий світильник 2402,QA-02402,48200002402,4199,1,75,чорний,draft
Тестовий світильник 2403,QA-02403,48200002403,4699,2,100,зелений,draft
Тестовий світильник 2404,QA-02404,48200002404,5199,3,50,сірий,draft
Тестовий світильник 2405,QA-02405,48200002405,5699,4,75,чорний,draft
Тестовий світильник 2406,QA-02406,48200002406,3699,5,100,зелений,draft
Тестовий світильник 2407,QA-02407,48200002407,4199,6,50,сірий,draft
Тестовий світильник 2408,QA-02408,48200002408,4699,7,75,чорний,draft
Тестовий світильник 2409,QA-02409,48200002409,5199,8,100,зелений,draft
Тестовий світильник 2410,QA-02410,48200002410,5699,9,50,сірий,draft
Тестовий світильник 2411,QA-02411,48200002411,3699,10,75,чорний,draft
Тестовий світильник 2412,QA-02412,48200002412,4199,11,100,зелений,draft
Тестовий світильник 2413,QA-02413,48200002413,4699,12,50,сірий,draft
Тестовий світильник 2414,QA-02414,48200002414,5199,13,75,чорний,draft
Тестовий світильник 2415,QA-02415,48200002415,5699,14,100,зелений,draft
Тестовий світильник 2416,QA-02416,48200002416,3699,15,50,сірий,draft
Тестовий світильник 2417,QA-02417,48200002417,4199,16,75,чорний,draft
Тестовий світильник 2418,QA-02418,48200002418,4699,17,100,зелений,draft
Тестовий світильник 2419,QA-02419,48200002419,5199,18,50,сірий,draft
Тестовий світильник 2420,QA-02420,48200002420,5699,19,75,чорний,draft
Тестовий світильник 2421,QA-02421,48200002421,3699,0,100,зелений,draft
Тестовий світильник 2422,QA-02422,48200002422,4199,1,50,сірий,draft
Тестовий світильник 2423,QA-02423,48200002423,4699,2,75,чорний,draft
Тестовий світильник 2424,QA-02424,48200002424,5199,3,100,зелений,draft
Тестовий світильник 2425,QA-02425,48200002425,5699,4,50,сірий,draft
Тестовий світильник 2426,QA-02426,48200002426,3699,5,75,чорний,draft
Тестовий світильник 2427,QA-02427,48200002427,4199,6,100,зелений,draft
Тестовий світильник 2428,QA-02428,48200002428,4699,7,50,сірий,draft
Тестовий світильник 2429,QA-02429,48200002429,5199,8,75,чорний,draft
Тестовий світильник 2430,QA-02430,48200002430,5699,9,100,зелений,draft
Тестовий світильник 2431,QA-02431,48200002431,3699,10,50,сірий,draft
Тестовий світильник 2432,QA-02432,48200002432,4199,11,75,чорний,draft
Тестовий світильник 2433,QA-02433,48200002433,4699,12,100,зелений,draft
Тестовий світильник 2434,QA-02434,48200002434,5199,13,50,сірий,draft
Тестовий світильник 2435,QA-02435,48200002435,5699,14,75,чорний,draft
Тестовий світильник 2436,QA-02436,48200002436,3699,15,100,зелений,draft
Тестовий світильник 2437,QA-02437,48200002437,4199,16,50,сірий,draft
Тестовий світильник 2438,QA-02438,48200002438,4699,17,75,чорний,draft
Тестовий світильник 2439,QA-02439,48200002439,5199,18,100,зелений,draft
Тестовий світильник 2440,QA-02440,48200002440,5699,19,50,сірий,draft
Тестовий світильник 2441,QA-02441,48200002441,3699,0,75,чорний,draft
Тестовий світильник 2442,QA-02442,48200002442,4199,1,100,зелений,draft
Тестовий світильник 2443,QA-02443,48200002443,4699,2,50,сірий,draft
Тестовий світильник 2444,QA-02444,48200002444,5199,3,75,чорний,draft
Тестовий світильник 2445,QA-02445,48200002445,5699,4,100,зелений,draft
Тестовий світильник 2446,QA-02446,48200002446,3699,5,50,сірий,draft
Тестовий світильник 2447,QA-02447,48200002447,4199,6,75,чорний,draft
Тестовий світильник 2448,QA-02448,48200002448,4699,7,100,зелений,draft
Тестовий світильник 2449,QA-02449,48200002449,5199,8,50,сірий,draft
Тестовий світильник 2450,QA-02450,48200002450,5699,9,75,чорний,draft
Тестовий світильник 2451,QA-02451,48200002451,3699,10,100,зелений,draft
Тестовий світильник 2452,QA-02452,48200002452,4199,11,50,сірий,draft
Тестовий світильник 2453,QA-02453,48200002453,4699,12,75,чорний,draft
Тестовий світильник 2454,QA-02454,48200002454,5199,13,100,зелений,draft
Тестовий світильник 2455,QA-02455,48200002455,5699,14,50,сірий,draft
Тестовий світильник 2456,QA-02456,48200002456,3699,15,75,чорний,draft
Тестовий світильник 2457,QA-02457,48200002457,4199,16,100,зелений,draft
Тестовий світильник 2458,QA-02458,48200002458,4699,17,50,сірий,draft
Тестовий світильник 2459,QA-02459,48200002459,5199,18,75,чорний,draft
Тестовий світильник 2460,QA-02460,48200002460,5699,19,100,зелений,draft
Тестовий світильник 2461,QA-02461,48200002461,3699,0,50,сірий,draft
Тестовий світильник 2462,QA-02462,48200002462,4199,1,75,чорний,draft
Тестовий світильник 2463,QA-02463,48200002463,4699,2,100,зелений,draft
Тестовий світильник 2464,QA-02464,48200002464,5199,3,50,сірий,draft
Тестовий світильник 2465,QA-02465,48200002465,5699,4,75,чорний,draft
Тестовий світильник 2466,QA-02466,48200002466,3699,5,100,зелений,draft
Тестовий світильник 2467,QA-02467,48200002467,4199,6,50,сірий,draft
Тестовий світильник 2468,QA-02468,48200002468,4699,7,75,чорний,draft
Тестовий світильник 2469,QA-02469,48200002469,5199,8,100,зелений,draft
Тестовий світильник 2470,QA-02470,48200002470,5699,9,50,сірий,draft
Тестовий світильник 2471,QA-02471,48200002471,3699,10,75,чорний,draft
Тестовий світильник 2472,QA-02472,48200002472,4199,11,100,зелений,draft
Тестовий світильник 2473,QA-02473,48200002473,4699,12,50,сірий,draft
Тестовий світильник 2474,QA-02474,48200002474,5199,13,75,чорний,draft
Тестовий світильник 2475,QA-02475,48200002475,5699,14,100,зелений,draft
Тестовий світильник 2476,QA-02476,48200002476,3699,15,50,сірий,draft
Тестовий світильник 2477,QA-02477,48200002477,4199,16,75,чорний,draft
Тестовий світильник 2478,QA-02478,48200002478,4699,17,100,зелений,draft
Тестовий світильник 2479,QA-02479,48200002479,5199,18,50,сірий,draft
Тестовий світильник 2480,QA-02480,48200002480,5699,19,75,чорний,draft
Тестовий світильник 2481,QA-02481,48200002481,3699,0,100,зелений,draft
Тестовий світильник 2482,QA-02482,48200002482,4199,1,50,сірий,draft
Тестовий світильник 2483,QA-02483,48200002483,4699,2,75,чорний,draft
Тестовий світильник 2484,QA-02484,48200002484,5199,3,100,зелений,draft
Тестовий світильник 2485,QA-02485,48200002485,5699,4,50,сірий,draft
Тестовий світильник 2486,QA-02486,48200002486,3699,5,75,чорний,draft
Тестовий світильник 2487,QA-02487,48200002487,4199,6,100,зелений,draft
Тестовий світильник 2488,QA-02488,48200002488,4699,7,50,сірий,draft
Тестовий світильник 2489,QA-02489,48200002489,5199,8,75,чорний,draft
Тестовий світильник 2490,QA-02490,48200002490,5699,9,100,зелений,draft
Тестовий світильник 2491,QA-02491,48200002491,3699,10,50,сірий,draft
Тестовий світильник 2492,QA-02492,48200002492,4199,11,75,чорний,draft
Тестовий світильник 2493,QA-02493,48200002493,4699,12,100,зелений,draft
Тестовий світильник 2494,QA-02494,48200002494,5199,13,50,сірий,draft
Тестовий світильник 2495,QA-02495,48200002495,5699,14,75,чорний,draft
Тестовий світильник 2496,QA-02496,48200002496,3699,15,100,зелений,draft
Тестовий світильник 2497,QA-02497,48200002497,4199,16,50,сірий,draft
Тестовий світильник 2498,QA-02498,48200002498,4699,17,75,чорний,draft
Тестовий світильник 2499,QA-02499,48200002499,5199,18,100,зелений,draft
Тестовий світильник 2500,QA-02500,48200002500,5699,19,50,сірий,draft
Тестовий світильник 2501,QA-02501,48200002501,3699,0,75,чорний,draft
Тестовий світильник 2502,QA-02502,48200002502,4199,1,100,зелений,draft
Тестовий світильник 2503,QA-02503,48200002503,4699,2,50,сірий,draft
Тестовий світильник 2504,QA-02504,48200002504,5199,3,75,чорний,draft
Тестовий світильник 2505,QA-02505,48200002505,5699,4,100,зелений,draft
Тестовий світильник 2506,QA-02506,48200002506,3699,5,50,сірий,draft
Тестовий світильник 2507,QA-02507,48200002507,4199,6,75,чорний,draft
Тестовий світильник 2508,QA-02508,48200002508,4699,7,100,зелений,draft
Тестовий світильник 2509,QA-02509,48200002509,5199,8,50,сірий,draft
Тестовий світильник 2510,QA-02510,48200002510,5699,9,75,чорний,draft
Тестовий світильник 2511,QA-02511,48200002511,3699,10,100,зелений,draft
Тестовий світильник 2512,QA-02512,48200002512,4199,11,50,сірий,draft
Тестовий світильник 2513,QA-02513,48200002513,4699,12,75,чорний,draft
Тестовий світильник 2514,QA-02514,48200002514,5199,13,100,зелений,draft
Тестовий світильник 2515,QA-02515,48200002515,5699,14,50,сірий,draft
Тестовий світильник 2516,QA-02516,48200002516,3699,15,75,чорний,draft
Тестовий світильник 2517,QA-02517,48200002517,4199,16,100,зелений,draft
Тестовий світильник 2518,QA-02518,48200002518,4699,17,50,сірий,draft
Тестовий світильник 2519,QA-02519,48200002519,5199,18,75,чорний,draft
Тестовий світильник 2520,QA-02520,48200002520,5699,19,100,зелений,draft
Тестовий світильник 2521,QA-02521,48200002521,3699,0,50,сірий,draft
Тестовий світильник 2522,QA-02522,48200002522,4199,1,75,чорний,draft
Тестовий світильник 2523,QA-02523,48200002523,4699,2,100,зелений,draft
Тестовий світильник 2524,QA-02524,48200002524,5199,3,50,сірий,draft
Тестовий світильник 2525,QA-02525,48200002525,5699,4,75,чорний,draft
Тестовий світильник 2526,QA-02526,48200002526,3699,5,100,зелений,draft
Тестовий світильник 2527,QA-02527,48200002527,4199,6,50,сірий,draft
Тестовий світильник 2528,QA-02528,48200002528,4699,7,75,чорний,draft
Тестовий світильник 2529,QA-02529,48200002529,5199,8,100,зелений,draft
Тестовий світильник 2530,QA-02530,48200002530,5699,9,50,сірий,draft
Тестовий світильник 2531,QA-02531,48200002531,3699,10,75,чорний,draft
Тестовий світильник 2532,QA-02532,48200002532,4199,11,100,зелений,draft
Тестовий світильник 2533,QA-02533,48200002533,4699,12,50,сірий,draft
Тестовий світильник 2534,QA-02534,48200002534,5199,13,75,чорний,draft
Тестовий світильник 2535,QA-02535,48200002535,5699,14,100,зелений,draft
Тестовий світильник 2536,QA-02536,48200002536,3699,15,50,сірий,draft
Тестовий світильник 2537,QA-02537,48200002537,4199,16,75,чорний,draft
Тестовий світильник 2538,QA-02538,48200002538,4699,17,100,зелений,draft
Тестовий світильник 2539,QA-02539,48200002539,5199,18,50,сірий,draft
Тестовий світильник 2540,QA-02540,48200002540,5699,19,75,чорний,draft
Тестовий світильник 2541,QA-02541,48200002541,3699,0,100,зелений,draft
Тестовий світильник 2542,QA-02542,48200002542,4199,1,50,сірий,draft
Тестовий світильник 2543,QA-02543,48200002543,4699,2,75,чорний,draft
Тестовий світильник 2544,QA-02544,48200002544,5199,3,100,зелений,draft
Тестовий світильник 2545,QA-02545,48200002545,5699,4,50,сірий,draft
Тестовий світильник 2546,QA-02546,48200002546,3699,5,75,чорний,draft
Тестовий світильник 2547,QA-02547,48200002547,4199,6,100,зелений,draft
Тестовий світильник 2548,QA-02548,48200002548,4699,7,50,сірий,draft
Тестовий світильник 2549,QA-02549,48200002549,5199,8,75,чорний,draft
Тестовий світильник 2550,QA-02550,48200002550,5699,9,100,зелений,draft
Тестовий світильник 2551,QA-02551,48200002551,3699,10,50,сірий,draft
Тестовий світильник 2552,QA-02552,48200002552,4199,11,75,чорний,draft
Тестовий світильник 2553,QA-02553,48200002553,4699,12,100,зелений,draft
Тестовий світильник 2554,QA-02554,48200002554,5199,13,50,сірий,draft
Тестовий світильник 2555,QA-02555,48200002555,5699,14,75,чорний,draft
Тестовий світильник 2556,QA-02556,48200002556,3699,15,100,зелений,draft
Тестовий світильник 2557,QA-02557,48200002557,4199,16,50,сірий,draft
Тестовий світильник 2558,QA-02558,48200002558,4699,17,75,чорний,draft
Тестовий світильник 2559,QA-02559,48200002559,5199,18,100,зелений,draft
Тестовий світильник 2560,QA-02560,48200002560,5699,19,50,сірий,draft
Тестовий світильник 2561,QA-02561,48200002561,3699,0,75,чорний,draft
Тестовий світильник 2562,QA-02562,48200002562,4199,1,100,зелений,draft
Тестовий світильник 2563,QA-02563,48200002563,4699,2,50,сірий,draft
Тестовий світильник 2564,QA-02564,48200002564,5199,3,75,чорний,draft
Тестовий світильник 2565,QA-02565,48200002565,5699,4,100,зелений,draft
Тестовий світильник 2566,QA-02566,48200002566,3699,5,50,сірий,draft
Тестовий світильник 2567,QA-02567,48200002567,4199,6,75,чорний,draft
Тестовий світильник 2568,QA-02568,48200002568,4699,7,100,зелений,draft
Тестовий світильник 2569,QA-02569,48200002569,5199,8,50,сірий,draft
Тестовий світильник 2570,QA-02570,48200002570,5699,9,75,чорний,draft
Тестовий світильник 2571,QA-02571,48200002571,3699,10,100,зелений,draft
Тестовий світильник 2572,QA-02572,48200002572,4199,11,50,сірий,draft
Тестовий світильник 2573,QA-02573,48200002573,4699,12,75,чорний,draft
Тестовий світильник 2574,QA-02574,48200002574,5199,13,100,зелений,draft
Тестовий світильник 2575,QA-02575,48200002575,5699,14,50,сірий,draft
Тестовий світильник 2576,QA-02576,48200002576,3699,15,75,чорний,draft
Тестовий світильник 2577,QA-02577,48200002577,4199,16,100,зелений,draft
Тестовий світильник 2578,QA-02578,48200002578,4699,17,50,сірий,draft
Тестовий світильник 2579,QA-02579,48200002579,5199,18,75,чорний,draft
Тестовий світильник 2580,QA-02580,48200002580,5699,19,100,зелений,draft
Тестовий світильник 2581,QA-02581,48200002581,3699,0,50,сірий,draft
Тестовий світильник 2582,QA-02582,48200002582,4199,1,75,чорний,draft
Тестовий світильник 2583,QA-02583,48200002583,4699,2,100,зелений,draft
Тестовий світильник 2584,QA-02584,48200002584,5199,3,50,сірий,draft
Тестовий світильник 2585,QA-02585,48200002585,5699,4,75,чорний,draft
Тестовий світильник 2586,QA-02586,48200002586,3699,5,100,зелений,draft
Тестовий світильник 2587,QA-02587,48200002587,4199,6,50,сірий,draft
Тестовий світильник 2588,QA-02588,48200002588,4699,7,75,чорний,draft
Тестовий світильник 2589,QA-02589,48200002589,5199,8,100,зелений,draft
Тестовий світильник 2590,QA-02590,48200002590,5699,9,50,сірий,draft
Тестовий світильник 2591,QA-02591,48200002591,3699,10,75,чорний,draft
Тестовий світильник 2592,QA-02592,48200002592,4199,11,100,зелений,draft
Тестовий світильник 2593,QA-02593,48200002593,4699,12,50,сірий,draft
Тестовий світильник 2594,QA-02594,48200002594,5199,13,75,чорний,draft
Тестовий світильник 2595,QA-02595,48200002595,5699,14,100,зелений,draft
Тестовий світильник 2596,QA-02596,48200002596,3699,15,50,сірий,draft
Тестовий світильник 2597,QA-02597,48200002597,4199,16,75,чорний,draft
Тестовий світильник 2598,QA-02598,48200002598,4699,17,100,зелений,draft
Тестовий світильник 2599,QA-02599,48200002599,5199,18,50,сірий,draft
Тестовий світильник 2600,QA-02600,48200002600,5699,19,75,чорний,draft
Тестовий світильник 2601,QA-02601,48200002601,3699,0,100,зелений,draft
Тестовий світильник 2602,QA-02602,48200002602,4199,1,50,сірий,draft
Тестовий світильник 2603,QA-02603,48200002603,4699,2,75,чорний,draft
Тестовий світильник 2604,QA-02604,48200002604,5199,3,100,зелений,draft
Тестовий світильник 2605,QA-02605,48200002605,5699,4,50,сірий,draft
Тестовий світильник 2606,QA-02606,48200002606,3699,5,75,чорний,draft
Тестовий світильник 2607,QA-02607,48200002607,4199,6,100,зелений,draft
Тестовий світильник 2608,QA-02608,48200002608,4699,7,50,сірий,draft
Тестовий світильник 2609,QA-02609,48200002609,5199,8,75,чорний,draft
Тестовий світильник 2610,QA-02610,48200002610,5699,9,100,зелений,draft
Тестовий світильник 2611,QA-02611,48200002611,3699,10,50,сірий,draft
Тестовий світильник 2612,QA-02612,48200002612,4199,11,75,чорний,draft
Тестовий світильник 2613,QA-02613,48200002613,4699,12,100,зелений,draft
Тестовий світильник 2614,QA-02614,48200002614,5199,13,50,сірий,draft
Тестовий світильник 2615,QA-02615,48200002615,5699,14,75,чорний,draft
Тестовий світильник 2616,QA-02616,48200002616,3699,15,100,зелений,draft
Тестовий світильник 2617,QA-02617,48200002617,4199,16,50,сірий,draft
Тестовий світильник 2618,QA-02618,48200002618,4699,17,75,чорний,draft
Тестовий світильник 2619,QA-02619,48200002619,5199,18,100,зелений,draft
Тестовий світильник 2620,QA-02620,48200002620,5699,19,50,сірий,draft
Тестовий світильник 2621,QA-02621,48200002621,3699,0,75,чорний,draft
Тестовий світильник 2622,QA-02622,48200002622,4199,1,100,зелений,draft
Тестовий світильник 2623,QA-02623,48200002623,4699,2,50,сірий,draft
Тестовий світильник 2624,QA-02624,48200002624,5199,3,75,чорний,draft
Тестовий світильник 2625,QA-02625,48200002625,5699,4,100,зелений,draft
Тестовий світильник 2626,QA-02626,48200002626,3699,5,50,сірий,draft
Тестовий світильник 2627,QA-02627,48200002627,4199,6,75,чорний,draft
Тестовий світильник 2628,QA-02628,48200002628,4699,7,100,зелений,draft
Тестовий світильник 2629,QA-02629,48200002629,5199,8,50,сірий,draft
Тестовий світильник 2630,QA-02630,48200002630,5699,9,75,чорний,draft
Тестовий світильник 2631,QA-02631,48200002631,3699,10,100,зелений,draft
Тестовий світильник 2632,QA-02632,48200002632,4199,11,50,сірий,draft
Тестовий світильник 2633,QA-02633,48200002633,4699,12,75,чорний,draft
Тестовий світильник 2634,QA-02634,48200002634,5199,13,100,зелений,draft
Тестовий світильник 2635,QA-02635,48200002635,5699,14,50,сірий,draft
Тестовий світильник 2636,QA-02636,48200002636,3699,15,75,чорний,draft
Тестовий світильник 2637,QA-02637,48200002637,4199,16,100,зелений,draft
Тестовий світильник 2638,QA-02638,48200002638,4699,17,50,сірий,draft
Тестовий світильник 2639,QA-02639,48200002639,5199,18,75,чорний,draft
Тестовий світильник 2640,QA-02640,48200002640,5699,19,100,зелений,draft
Тестовий світильник 2641,QA-02641,48200002641,3699,0,50,сірий,draft
Тестовий світильник 2642,QA-02642,48200002642,4199,1,75,чорний,draft
Тестовий світильник 2643,QA-02643,48200002643,4699,2,100,зелений,draft
Тестовий світильник 2644,QA-02644,48200002644,5199,3,50,сірий,draft
Тестовий світильник 2645,QA-02645,48200002645,5699,4,75,чорний,draft
Тестовий світильник 2646,QA-02646,48200002646,3699,5,100,зелений,draft
Тестовий світильник 2647,QA-02647,48200002647,4199,6,50,сірий,draft
Тестовий світильник 2648,QA-02648,48200002648,4699,7,75,чорний,draft
Тестовий світильник 2649,QA-02649,48200002649,5199,8,100,зелений,draft
Тестовий світильник 2650,QA-02650,48200002650,5699,9,50,сірий,draft
Тестовий світильник 2651,QA-02651,48200002651,3699,10,75,чорний,draft
Тестовий світильник 2652,QA-02652,48200002652,4199,11,100,зелений,draft
Тестовий світильник 2653,QA-02653,48200002653,4699,12,50,сірий,draft
Тестовий світильник 2654,QA-02654,48200002654,5199,13,75,чорний,draft
Тестовий світильник 2655,QA-02655,48200002655,5699,14,100,зелений,draft
Тестовий світильник 2656,QA-02656,48200002656,3699,15,50,сірий,draft
Тестовий світильник 2657,QA-02657,48200002657,4199,16,75,чорний,draft
Тестовий світильник 2658,QA-02658,48200002658,4699,17,100,зелений,draft
Тестовий світильник 2659,QA-02659,48200002659,5199,18,50,сірий,draft
Тестовий світильник 2660,QA-02660,48200002660,5699,19,75,чорний,draft
Тестовий світильник 2661,QA-02661,48200002661,3699,0,100,зелений,draft
Тестовий світильник 2662,QA-02662,48200002662,4199,1,50,сірий,draft
Тестовий світильник 2663,QA-02663,48200002663,4699,2,75,чорний,draft
Тестовий світильник 2664,QA-02664,48200002664,5199,3,100,зелений,draft
Тестовий світильник 2665,QA-02665,48200002665,5699,4,50,сірий,draft
Тестовий світильник 2666,QA-02666,48200002666,3699,5,75,чорний,draft
Тестовий світильник 2667,QA-02667,48200002667,4199,6,100,зелений,draft
Тестовий світильник 2668,QA-02668,48200002668,4699,7,50,сірий,draft
Тестовий світильник 2669,QA-02669,48200002669,5199,8,75,чорний,draft
Тестовий світильник 2670,QA-02670,48200002670,5699,9,100,зелений,draft
Тестовий світильник 2671,QA-02671,48200002671,3699,10,50,сірий,draft
Тестовий світильник 2672,QA-02672,48200002672,4199,11,75,чорний,draft
Тестовий світильник 2673,QA-02673,48200002673,4699,12,100,зелений,draft
Тестовий світильник 2674,QA-02674,48200002674,5199,13,50,сірий,draft
Тестовий світильник 2675,QA-02675,48200002675,5699,14,75,чорний,draft
Тестовий світильник 2676,QA-02676,48200002676,3699,15,100,зелений,draft
Тестовий світильник 2677,QA-02677,48200002677,4199,16,50,сірий,draft
Тестовий світильник 2678,QA-02678,48200002678,4699,17,75,чорний,draft
Тестовий світильник 2679,QA-02679,48200002679,5199,18,100,зелений,draft
Тестовий світильник 2680,QA-02680,48200002680,5699,19,50,сірий,draft
Тестовий світильник 2681,QA-02681,48200002681,3699,0,75,чорний,draft
Тестовий світильник 2682,QA-02682,48200002682,4199,1,100,зелений,draft
Тестовий світильник 2683,QA-02683,48200002683,4699,2,50,сірий,draft
Тестовий світильник 2684,QA-02684,48200002684,5199,3,75,чорний,draft
Тестовий світильник 2685,QA-02685,48200002685,5699,4,100,зелений,draft
Тестовий світильник 2686,QA-02686,48200002686,3699,5,50,сірий,draft
Тестовий світильник 2687,QA-02687,48200002687,4199,6,75,чорний,draft
Тестовий світильник 2688,QA-02688,48200002688,4699,7,100,зелений,draft
Тестовий світильник 2689,QA-02689,48200002689,5199,8,50,сірий,draft
Тестовий світильник 2690,QA-02690,48200002690,5699,9,75,чорний,draft
Тестовий світильник 2691,QA-02691,48200002691,3699,10,100,зелений,draft
Тестовий світильник 2692,QA-02692,48200002692,4199,11,50,сірий,draft
Тестовий світильник 2693,QA-02693,48200002693,4699,12,75,чорний,draft
Тестовий світильник 2694,QA-02694,48200002694,5199,13,100,зелений,draft
Тестовий світильник 2695,QA-02695,48200002695,5699,14,50,сірий,draft
Тестовий світильник 2696,QA-02696,48200002696,3699,15,75,чорний,draft
Тестовий світильник 2697,QA-02697,48200002697,4199,16,100,зелений,draft
Тестовий світильник 2698,QA-02698,48200002698,4699,17,50,сірий,draft
Тестовий світильник 2699,QA-02699,48200002699,5199,18,75,чорний,draft
Тестовий світильник 2700,QA-02700,48200002700,5699,19,100,зелений,draft
Тестовий світильник 2701,QA-02701,48200002701,3699,0,50,сірий,draft
Тестовий світильник 2702,QA-02702,48200002702,4199,1,75,чорний,draft
Тестовий світильник 2703,QA-02703,48200002703,4699,2,100,зелений,draft
Тестовий світильник 2704,QA-02704,48200002704,5199,3,50,сірий,draft
Тестовий світильник 2705,QA-02705,48200002705,5699,4,75,чорний,draft
Тестовий світильник 2706,QA-02706,48200002706,3699,5,100,зелений,draft
Тестовий світильник 2707,QA-02707,48200002707,4199,6,50,сірий,draft
Тестовий світильник 2708,QA-02708,48200002708,4699,7,75,чорний,draft
Тестовий світильник 2709,QA-02709,48200002709,5199,8,100,зелений,draft
Тестовий світильник 2710,QA-02710,48200002710,5699,9,50,сірий,draft
Тестовий світильник 2711,QA-02711,48200002711,3699,10,75,чорний,draft
Тестовий світильник 2712,QA-02712,48200002712,4199,11,100,зелений,draft
Тестовий світильник 2713,QA-02713,48200002713,4699,12,50,сірий,draft
Тестовий світильник 2714,QA-02714,48200002714,5199,13,75,чорний,draft
Тестовий світильник 2715,QA-02715,48200002715,5699,14,100,зелений,draft
Тестовий світильник 2716,QA-02716,48200002716,3699,15,50,сірий,draft
Тестовий світильник 2717,QA-02717,48200002717,4199,16,75,чорний,draft
Тестовий світильник 2718,QA-02718,48200002718,4699,17,100,зелений,draft
Тестовий світильник 2719,QA-02719,48200002719,5199,18,50,сірий,draft
Тестовий світильник 2720,QA-02720,48200002720,5699,19,75,чорний,draft
Тестовий світильник 2721,QA-02721,48200002721,3699,0,100,зелений,draft
Тестовий світильник 2722,QA-02722,48200002722,4199,1,50,сірий,draft
Тестовий світильник 2723,QA-02723,48200002723,4699,2,75,чорний,draft
Тестовий світильник 2724,QA-02724,48200002724,5199,3,100,зелений,draft
Тестовий світильник 2725,QA-02725,48200002725,5699,4,50,сірий,draft
Тестовий світильник 2726,QA-02726,48200002726,3699,5,75,чорний,draft
Тестовий світильник 2727,QA-02727,48200002727,4199,6,100,зелений,draft
Тестовий світильник 2728,QA-02728,48200002728,4699,7,50,сірий,draft
Тестовий світильник 2729,QA-02729,48200002729,5199,8,75,чорний,draft
Тестовий світильник 2730,QA-02730,48200002730,5699,9,100,зелений,draft
Тестовий світильник 2731,QA-02731,48200002731,3699,10,50,сірий,draft
Тестовий світильник 2732,QA-02732,48200002732,4199,11,75,чорний,draft
Тестовий світильник 2733,QA-02733,48200002733,4699,12,100,зелений,draft
Тестовий світильник 2734,QA-02734,48200002734,5199,13,50,сірий,draft
Тестовий світильник 2735,QA-02735,48200002735,5699,14,75,чорний,draft
Тестовий світильник 2736,QA-02736,48200002736,3699,15,100,зелений,draft
Тестовий світильник 2737,QA-02737,48200002737,4199,16,50,сірий,draft
Тестовий світильник 2738,QA-02738,48200002738,4699,17,75,чорний,draft
Тестовий світильник 2739,QA-02739,48200002739,5199,18,100,зелений,draft
Тестовий світильник 2740,QA-02740,48200002740,5699,19,50,сірий,draft
Тестовий світильник 2741,QA-02741,48200002741,3699,0,75,чорний,draft
Тестовий світильник 2742,QA-02742,48200002742,4199,1,100,зелений,draft
Тестовий світильник 2743,QA-02743,48200002743,4699,2,50,сірий,draft
Тестовий світильник 2744,QA-02744,48200002744,5199,3,75,чорний,draft
Тестовий світильник 2745,QA-02745,48200002745,5699,4,100,зелений,draft
Тестовий світильник 2746,QA-02746,48200002746,3699,5,50,сірий,draft
Тестовий світильник 2747,QA-02747,48200002747,4199,6,75,чорний,draft
Тестовий світильник 2748,QA-02748,48200002748,4699,7,100,зелений,draft
Тестовий світильник 2749,QA-02749,48200002749,5199,8,50,сірий,draft
Тестовий світильник 2750,QA-02750,48200002750,5699,9,75,чорний,draft
Тестовий світильник 2751,QA-02751,48200002751,3699,10,100,зелений,draft
Тестовий світильник 2752,QA-02752,48200002752,4199,11,50,сірий,draft
Тестовий світильник 2753,QA-02753,48200002753,4699,12,75,чорний,draft
Тестовий світильник 2754,QA-02754,48200002754,5199,13,100,зелений,draft
Тестовий світильник 2755,QA-02755,48200002755,5699,14,50,сірий,draft
Тестовий світильник 2756,QA-02756,48200002756,3699,15,75,чорний,draft
Тестовий світильник 2757,QA-02757,48200002757,4199,16,100,зелений,draft
Тестовий світильник 2758,QA-02758,48200002758,4699,17,50,сірий,draft
Тестовий світильник 2759,QA-02759,48200002759,5199,18,75,чорний,draft
Тестовий світильник 2760,QA-02760,48200002760,5699,19,100,зелений,draft
Тестовий світильник 2761,QA-02761,48200002761,3699,0,50,сірий,draft
Тестовий світильник 2762,QA-02762,48200002762,4199,1,75,чорний,draft
Тестовий світильник 2763,QA-02763,48200002763,4699,2,100,зелений,draft
Тестовий світильник 2764,QA-02764,48200002764,5199,3,50,сірий,draft
Тестовий світильник 2765,QA-02765,48200002765,5699,4,75,чорний,draft
Тестовий світильник 2766,QA-02766,48200002766,3699,5,100,зелений,draft
Тестовий світильник 2767,QA-02767,48200002767,4199,6,50,сірий,draft
Тестовий світильник 2768,QA-02768,48200002768,4699,7,75,чорний,draft
Тестовий світильник 2769,QA-02769,48200002769,5199,8,100,зелений,draft
Тестовий світильник 2770,QA-02770,48200002770,5699,9,50,сірий,draft
Тестовий світильник 2771,QA-02771,48200002771,3699,10,75,чорний,draft
Тестовий світильник 2772,QA-02772,48200002772,4199,11,100,зелений,draft
Тестовий світильник 2773,QA-02773,48200002773,4699,12,50,сірий,draft
Тестовий світильник 2774,QA-02774,48200002774,5199,13,75,чорний,draft
Тестовий світильник 2775,QA-02775,48200002775,5699,14,100,зелений,draft
Тестовий світильник 2776,QA-02776,48200002776,3699,15,50,сірий,draft
Тестовий світильник 2777,QA-02777,48200002777,4199,16,75,чорний,draft
Тестовий світильник 2778,QA-02778,48200002778,4699,17,100,зелений,draft
Тестовий світильник 2779,QA-02779,48200002779,5199,18,50,сірий,draft
Тестовий світильник 2780,QA-02780,48200002780,5699,19,75,чорний,draft
Тестовий світильник 2781,QA-02781,48200002781,3699,0,100,зелений,draft
Тестовий світильник 2782,QA-02782,48200002782,4199,1,50,сірий,draft
Тестовий світильник 2783,QA-02783,48200002783,4699,2,75,чорний,draft
Тестовий світильник 2784,QA-02784,48200002784,5199,3,100,зелений,draft
Тестовий світильник 2785,QA-02785,48200002785,5699,4,50,сірий,draft
Тестовий світильник 2786,QA-02786,48200002786,3699,5,75,чорний,draft
Тестовий світильник 2787,QA-02787,48200002787,4199,6,100,зелений,draft
Тестовий світильник 2788,QA-02788,48200002788,4699,7,50,сірий,draft
Тестовий світильник 2789,QA-02789,48200002789,5199,8,75,чорний,draft
Тестовий світильник 2790,QA-02790,48200002790,5699,9,100,зелений,draft
Тестовий світильник 2791,QA-02791,48200002791,3699,10,50,сірий,draft
Тестовий світильник 2792,QA-02792,48200002792,4199,11,75,чорний,draft
Тестовий світильник 2793,QA-02793,48200002793,4699,12,100,зелений,draft
Тестовий світильник 2794,QA-02794,48200002794,5199,13,50,сірий,draft
Тестовий світильник 2795,QA-02795,48200002795,5699,14,75,чорний,draft
Тестовий світильник 2796,QA-02796,48200002796,3699,15,100,зелений,draft
Тестовий світильник 2797,QA-02797,48200002797,4199,16,50,сірий,draft
Тестовий світильник 2798,QA-02798,48200002798,4699,17,75,чорний,draft
Тестовий світильник 2799,QA-02799,48200002799,5199,18,100,зелений,draft
Тестовий світильник 2800,QA-02800,48200002800,5699,19,50,сірий,draft
Тестовий світильник 2801,QA-02801,48200002801,3699,0,75,чорний,draft
Тестовий світильник 2802,QA-02802,48200002802,4199,1,100,зелений,draft
Тестовий світильник 2803,QA-02803,48200002803,4699,2,50,сірий,draft
Тестовий світильник 2804,QA-02804,48200002804,5199,3,75,чорний,draft
Тестовий світильник 2805,QA-02805,48200002805,5699,4,100,зелений,draft
Тестовий світильник 2806,QA-02806,48200002806,3699,5,50,сірий,draft
Тестовий світильник 2807,QA-02807,48200002807,4199,6,75,чорний,draft
Тестовий світильник 2808,QA-02808,48200002808,4699,7,100,зелений,draft
Тестовий світильник 2809,QA-02809,48200002809,5199,8,50,сірий,draft
Тестовий світильник 2810,QA-02810,48200002810,5699,9,75,чорний,draft
Тестовий світильник 2811,QA-02811,48200002811,3699,10,100,зелений,draft
Тестовий світильник 2812,QA-02812,48200002812,4199,11,50,сірий,draft
Тестовий світильник 2813,QA-02813,48200002813,4699,12,75,чорний,draft
Тестовий світильник 2814,QA-02814,48200002814,5199,13,100,зелений,draft
Тестовий світильник 2815,QA-02815,48200002815,5699,14,50,сірий,draft
Тестовий світильник 2816,QA-02816,48200002816,3699,15,75,чорний,draft
Тестовий світильник 2817,QA-02817,48200002817,4199,16,100,зелений,draft
Тестовий світильник 2818,QA-02818,48200002818,4699,17,50,сірий,draft
Тестовий світильник 2819,QA-02819,48200002819,5199,18,75,чорний,draft
Тестовий світильник 2820,QA-02820,48200002820,5699,19,100,зелений,draft
Тестовий світильник 2821,QA-02821,48200002821,3699,0,50,сірий,draft
Тестовий світильник 2822,QA-02822,48200002822,4199,1,75,чорний,draft
Тестовий світильник 2823,QA-02823,48200002823,4699,2,100,зелений,draft
Тестовий світильник 2824,QA-02824,48200002824,5199,3,50,сірий,draft
Тестовий світильник 2825,QA-02825,48200002825,5699,4,75,чорний,draft
Тестовий світильник 2826,QA-02826,48200002826,3699,5,100,зелений,draft
Тестовий світильник 2827,QA-02827,48200002827,4199,6,50,сірий,draft
Тестовий світильник 2828,QA-02828,48200002828,4699,7,75,чорний,draft
Тестовий світильник 2829,QA-02829,48200002829,5199,8,100,зелений,draft
Тестовий світильник 2830,QA-02830,48200002830,5699,9,50,сірий,draft
Тестовий світильник 2831,QA-02831,48200002831,3699,10,75,чорний,draft
Тестовий світильник 2832,QA-02832,48200002832,4199,11,100,зелений,draft
Тестовий світильник 2833,QA-02833,48200002833,4699,12,50,сірий,draft
Тестовий світильник 2834,QA-02834,48200002834,5199,13,75,чорний,draft
Тестовий світильник 2835,QA-02835,48200002835,5699,14,100,зелений,draft
Тестовий світильник 2836,QA-02836,48200002836,3699,15,50,сірий,draft
Тестовий світильник 2837,QA-02837,48200002837,4199,16,75,чорний,draft
Тестовий світильник 2838,QA-02838,48200002838,4699,17,100,зелений,draft
Тестовий світильник 2839,QA-02839,48200002839,5199,18,50,сірий,draft
Тестовий світильник 2840,QA-02840,48200002840,5699,19,75,чорний,draft
Тестовий світильник 2841,QA-02841,48200002841,3699,0,100,зелений,draft
Тестовий світильник 2842,QA-02842,48200002842,4199,1,50,сірий,draft
Тестовий світильник 2843,QA-02843,48200002843,4699,2,75,чорний,draft
Тестовий світильник 2844,QA-02844,48200002844,5199,3,100,зелений,draft
Тестовий світильник 2845,QA-02845,48200002845,5699,4,50,сірий,draft
Тестовий світильник 2846,QA-02846,48200002846,3699,5,75,чорний,draft
Тестовий світильник 2847,QA-02847,48200002847,4199,6,100,зелений,draft
Тестовий світильник 2848,QA-02848,48200002848,4699,7,50,сірий,draft
Тестовий світильник 2849,QA-02849,48200002849,5199,8,75,чорний,draft
Тестовий світильник 2850,QA-02850,48200002850,5699,9,100,зелений,draft
Тестовий світильник 2851,QA-02851,48200002851,3699,10,50,сірий,draft
Тестовий світильник 2852,QA-02852,48200002852,4199,11,75,чорний,draft
Тестовий світильник 2853,QA-02853,48200002853,4699,12,100,зелений,draft
Тестовий світильник 2854,QA-02854,48200002854,5199,13,50,сірий,draft
Тестовий світильник 2855,QA-02855,48200002855,5699,14,75,чорний,draft
Тестовий світильник 2856,QA-02856,48200002856,3699,15,100,зелений,draft
Тестовий світильник 2857,QA-02857,48200002857,4199,16,50,сірий,draft
Тестовий світильник 2858,QA-02858,48200002858,4699,17,75,чорний,draft
Тестовий світильник 2859,QA-02859,48200002859,5199,18,100,зелений,draft
Тестовий світильник 2860,QA-02860,48200002860,5699,19,50,сірий,draft
Тестовий світильник 2861,QA-02861,48200002861,3699,0,75,чорний,draft
Тестовий світильник 2862,QA-02862,48200002862,4199,1,100,зелений,draft
Тестовий світильник 2863,QA-02863,48200002863,4699,2,50,сірий,draft
Тестовий світильник 2864,QA-02864,48200002864,5199,3,75,чорний,draft
Тестовий світильник 2865,QA-02865,48200002865,5699,4,100,зелений,draft
Тестовий світильник 2866,QA-02866,48200002866,3699,5,50,сірий,draft
Тестовий світильник 2867,QA-02867,48200002867,4199,6,75,чорний,draft
Тестовий світильник 2868,QA-02868,48200002868,4699,7,100,зелений,draft
Тестовий світильник 2869,QA-02869,48200002869,5199,8,50,сірий,draft
Тестовий світильник 2870,QA-02870,48200002870,5699,9,75,чорний,draft
Тестовий світильник 2871,QA-02871,48200002871,3699,10,100,зелений,draft
Тестовий світильник 2872,QA-02872,48200002872,4199,11,50,сірий,draft
Тестовий світильник 2873,QA-02873,48200002873,4699,12,75,чорний,draft
Тестовий світильник 2874,QA-02874,48200002874,5199,13,100,зелений,draft
Тестовий світильник 2875,QA-02875,48200002875,5699,14,50,сірий,draft
Тестовий світильник 2876,QA-02876,48200002876,3699,15,75,чорний,draft
Тестовий світильник 2877,QA-02877,48200002877,4199,16,100,зелений,draft
Тестовий світильник 2878,QA-02878,48200002878,4699,17,50,сірий,draft
Тестовий світильник 2879,QA-02879,48200002879,5199,18,75,чорний,draft
Тестовий світильник 2880,QA-02880,48200002880,5699,19,100,зелений,draft
Тестовий світильник 2881,QA-02881,48200002881,3699,0,50,сірий,draft
Тестовий світильник 2882,QA-02882,48200002882,4199,1,75,чорний,draft
Тестовий світильник 2883,QA-02883,48200002883,4699,2,100,зелений,draft
Тестовий світильник 2884,QA-02884,48200002884,5199,3,50,сірий,draft
Тестовий світильник 2885,QA-02885,48200002885,5699,4,75,чорний,draft
Тестовий світильник 2886,QA-02886,48200002886,3699,5,100,зелений,draft
Тестовий світильник 2887,QA-02887,48200002887,4199,6,50,сірий,draft
Тестовий світильник 2888,QA-02888,48200002888,4699,7,75,чорний,draft
Тестовий світильник 2889,QA-02889,48200002889,5199,8,100,зелений,draft
Тестовий світильник 2890,QA-02890,48200002890,5699,9,50,сірий,draft
Тестовий світильник 2891,QA-02891,48200002891,3699,10,75,чорний,draft
Тестовий світильник 2892,QA-02892,48200002892,4199,11,100,зелений,draft
Тестовий світильник 2893,QA-02893,48200002893,4699,12,50,сірий,draft
Тестовий світильник 2894,QA-02894,48200002894,5199,13,75,чорний,draft
Тестовий світильник 2895,QA-02895,48200002895,5699,14,100,зелений,draft
Тестовий світильник 2896,QA-02896,48200002896,3699,15,50,сірий,draft
Тестовий світильник 2897,QA-02897,48200002897,4199,16,75,чорний,draft
Тестовий світильник 2898,QA-02898,48200002898,4699,17,100,зелений,draft
Тестовий світильник 2899,QA-02899,48200002899,5199,18,50,сірий,draft
Тестовий світильник 2900,QA-02900,48200002900,5699,19,75,чорний,draft
Тестовий світильник 2901,QA-02901,48200002901,3699,0,100,зелений,draft
Тестовий світильник 2902,QA-02902,48200002902,4199,1,50,сірий,draft
Тестовий світильник 2903,QA-02903,48200002903,4699,2,75,чорний,draft
Тестовий світильник 2904,QA-02904,48200002904,5199,3,100,зелений,draft
Тестовий світильник 2905,QA-02905,48200002905,5699,4,50,сірий,draft
Тестовий світильник 2906,QA-02906,48200002906,3699,5,75,чорний,draft
Тестовий світильник 2907,QA-02907,48200002907,4199,6,100,зелений,draft
Тестовий світильник 2908,QA-02908,48200002908,4699,7,50,сірий,draft
Тестовий світильник 2909,QA-02909,48200002909,5199,8,75,чорний,draft
Тестовий світильник 2910,QA-02910,48200002910,5699,9,100,зелений,draft
Тестовий світильник 2911,QA-02911,48200002911,3699,10,50,сірий,draft
Тестовий світильник 2912,QA-02912,48200002912,4199,11,75,чорний,draft
Тестовий світильник 2913,QA-02913,48200002913,4699,12,100,зелений,draft
Тестовий світильник 2914,QA-02914,48200002914,5199,13,50,сірий,draft
Тестовий світильник 2915,QA-02915,48200002915,5699,14,75,чорний,draft
Тестовий світильник 2916,QA-02916,48200002916,3699,15,100,зелений,draft
Тестовий світильник 2917,QA-02917,48200002917,4199,16,50,сірий,draft
Тестовий світильник 2918,QA-02918,48200002918,4699,17,75,чорний,draft
Тестовий світильник 2919,QA-02919,48200002919,5199,18,100,зелений,draft
Тестовий світильник 2920,QA-02920,48200002920,5699,19,50,сірий,draft
Тестовий світильник 2921,QA-02921,48200002921,3699,0,75,чорний,draft
Тестовий світильник 2922,QA-02922,48200002922,4199,1,100,зелений,draft
Тестовий світильник 2923,QA-02923,48200002923,4699,2,50,сірий,draft
Тестовий світильник 2924,QA-02924,48200002924,5199,3,75,чорний,draft
Тестовий світильник 2925,QA-02925,48200002925,5699,4,100,зелений,draft
Тестовий світильник 2926,QA-02926,48200002926,3699,5,50,сірий,draft
Тестовий світильник 2927,QA-02927,48200002927,4199,6,75,чорний,draft
Тестовий світильник 2928,QA-02928,48200002928,4699,7,100,зелений,draft
Тестовий світильник 2929,QA-02929,48200002929,5199,8,50,сірий,draft
Тестовий світильник 2930,QA-02930,48200002930,5699,9,75,чорний,draft
Тестовий світильник 2931,QA-02931,48200002931,3699,10,100,зелений,draft
Тестовий світильник 2932,QA-02932,48200002932,4199,11,50,сірий,draft
Тестовий світильник 2933,QA-02933,48200002933,4699,12,75,чорний,draft
Тестовий світильник 2934,QA-02934,48200002934,5199,13,100,зелений,draft
Тестовий світильник 2935,QA-02935,48200002935,5699,14,50,сірий,draft
Тестовий світильник 2936,QA-02936,48200002936,3699,15,75,чорний,draft
Тестовий світильник 2937,QA-02937,48200002937,4199,16,100,зелений,draft
Тестовий світильник 2938,QA-02938,48200002938,4699,17,50,сірий,draft
Тестовий світильник 2939,QA-02939,48200002939,5199,18,75,чорний,draft
Тестовий світильник 2940,QA-02940,48200002940,5699,19,100,зелений,draft
Тестовий світильник 2941,QA-02941,48200002941,3699,0,50,сірий,draft
Тестовий світильник 2942,QA-02942,48200002942,4199,1,75,чорний,draft
Тестовий світильник 2943,QA-02943,48200002943,4699,2,100,зелений,draft
Тестовий світильник 2944,QA-02944,48200002944,5199,3,50,сірий,draft
Тестовий світильник 2945,QA-02945,48200002945,5699,4,75,чорний,draft
Тестовий світильник 2946,QA-02946,48200002946,3699,5,100,зелений,draft
Тестовий світильник 2947,QA-02947,48200002947,4199,6,50,сірий,draft
Тестовий світильник 2948,QA-02948,48200002948,4699,7,75,чорний,draft
Тестовий світильник 2949,QA-02949,48200002949,5199,8,100,зелений,draft
Тестовий світильник 2950,QA-02950,48200002950,5699,9,50,сірий,draft
Тестовий світильник 2951,QA-02951,48200002951,3699,10,75,чорний,draft
Тестовий світильник 2952,QA-02952,48200002952,4199,11,100,зелений,draft
Тестовий світильник 2953,QA-02953,48200002953,4699,12,50,сірий,draft
Тестовий світильник 2954,QA-02954,48200002954,5199,13,75,чорний,draft
Тестовий світильник 2955,QA-02955,48200002955,5699,14,100,зелений,draft
Тестовий світильник 2956,QA-02956,48200002956,3699,15,50,сірий,draft
Тестовий світильник 2957,QA-02957,48200002957,4199,16,75,чорний,draft
Тестовий світильник 2958,QA-02958,48200002958,4699,17,100,зелений,draft
Тестовий світильник 2959,QA-02959,48200002959,5199,18,50,сірий,draft
Тестовий світильник 2960,QA-02960,48200002960,5699,19,75,чорний,draft
Тестовий світильник 2961,QA-02961,48200002961,3699,0,100,зелений,draft
Тестовий світильник 2962,QA-02962,48200002962,4199,1,50,сірий,draft
Тестовий світильник 2963,QA-02963,48200002963,4699,2,75,чорний,draft
Тестовий світильник 2964,QA-02964,48200002964,5199,3,100,зелений,draft
Тестовий світильник 2965,QA-02965,48200002965,5699,4,50,сірий,draft
Тестовий світильник 2966,QA-02966,48200002966,3699,5,75,чорний,draft
Тестовий світильник 2967,QA-02967,48200002967,4199,6,100,зелений,draft
Тестовий світильник 2968,QA-02968,48200002968,4699,7,50,сірий,draft
Тестовий світильник 2969,QA-02969,48200002969,5199,8,75,чорний,draft
Тестовий світильник 2970,QA-02970,48200002970,5699,9,100,зелений,draft
Тестовий світильник 2971,QA-02971,48200002971,3699,10,50,сірий,draft
Тестовий світильник 2972,QA-02972,48200002972,4199,11,75,чорний,draft
Тестовий світильник 2973,QA-02973,48200002973,4699,12,100,зелений,draft
Тестовий світильник 2974,QA-02974,48200002974,5199,13,50,сірий,draft
Тестовий світильник 2975,QA-02975,48200002975,5699,14,75,чорний,draft
Тестовий світильник 2976,QA-02976,48200002976,3699,15,100,зелений,draft
Тестовий світильник 2977,QA-02977,48200002977,4199,16,50,сірий,draft
Тестовий світильник 2978,QA-02978,48200002978,4699,17,75,чорний,draft
Тестовий світильник 2979,QA-02979,48200002979,5199,18,100,зелений,draft
Тестовий світильник 2980,QA-02980,48200002980,5699,19,50,сірий,draft
Тестовий світильник 2981,QA-02981,48200002981,3699,0,75,чорний,draft
Тестовий світильник 2982,QA-02982,48200002982,4199,1,100,зелений,draft
Тестовий світильник 2983,QA-02983,48200002983,4699,2,50,сірий,draft
Тестовий світильник 2984,QA-02984,48200002984,5199,3,75,чорний,draft
Тестовий світильник 2985,QA-02985,48200002985,5699,4,100,зелений,draft
Тестовий світильник 2986,QA-02986,48200002986,3699,5,50,сірий,draft
Тестовий світильник 2987,QA-02987,48200002987,4199,6,75,чорний,draft
Тестовий світильник 2988,QA-02988,48200002988,4699,7,100,зелений,draft
Тестовий світильник 2989,QA-02989,48200002989,5199,8,50,сірий,draft
Тестовий світильник 2990,QA-02990,48200002990,5699,9,75,чорний,draft
Тестовий світильник 2991,QA-02991,48200002991,3699,10,100,зелений,draft
Тестовий світильник 2992,QA-02992,48200002992,4199,11,50,сірий,draft
Тестовий світильник 2993,QA-02993,48200002993,4699,12,75,чорний,draft
Тестовий світильник 2994,QA-02994,48200002994,5199,13,100,зелений,draft
Тестовий світильник 2995,QA-02995,48200002995,5699,14,50,сірий,draft
Тестовий світильник 2996,QA-02996,48200002996,3699,15,75,чорний,draft
Тестовий світильник 2997,QA-02997,48200002997,4199,16,100,зелений,draft
Тестовий світильник 2998,QA-02998,48200002998,4699,17,50,сірий,draft
Тестовий світильник 2999,QA-02999,48200002999,5199,18,75,чорний,draft
Тестовий світильник 3000,QA-03000,48200003000,5699,19,100,зелений,draft
Тестовий світильник 3001,QA-03001,48200003001,3699,0,50,сірий,draft
Тестовий світильник 3002,QA-03002,48200003002,4199,1,75,чорний,draft
Тестовий світильник 3003,QA-03003,48200003003,4699,2,100,зелений,draft
Тестовий світильник 3004,QA-03004,48200003004,5199,3,50,сірий,draft
Тестовий світильник 3005,QA-03005,48200003005,5699,4,75,чорний,draft
Тестовий світильник 3006,QA-03006,48200003006,3699,5,100,зелений,draft
Тестовий світильник 3007,QA-03007,48200003007,4199,6,50,сірий,draft
Тестовий світильник 3008,QA-03008,48200003008,4699,7,75,чорний,draft
Тестовий світильник 3009,QA-03009,48200003009,5199,8,100,зелений,draft
Тестовий світильник 3010,QA-03010,48200003010,5699,9,50,сірий,draft
Тестовий світильник 3011,QA-03011,48200003011,3699,10,75,чорний,draft
Тестовий світильник 3012,QA-03012,48200003012,4199,11,100,зелений,draft
Тестовий світильник 3013,QA-03013,48200003013,4699,12,50,сірий,draft
Тестовий світильник 3014,QA-03014,48200003014,5199,13,75,чорний,draft
Тестовий світильник 3015,QA-03015,48200003015,5699,14,100,зелений,draft
Тестовий світильник 3016,QA-03016,48200003016,3699,15,50,сірий,draft
Тестовий світильник 3017,QA-03017,48200003017,4199,16,75,чорний,draft
Тестовий світильник 3018,QA-03018,48200003018,4699,17,100,зелений,draft
Тестовий світильник 3019,QA-03019,48200003019,5199,18,50,сірий,draft
Тестовий світильник 3020,QA-03020,48200003020,5699,19,75,чорний,draft
Тестовий світильник 3021,QA-03021,48200003021,3699,0,100,зелений,draft
Тестовий світильник 3022,QA-03022,48200003022,4199,1,50,сірий,draft
Тестовий світильник 3023,QA-03023,48200003023,4699,2,75,чорний,draft
Тестовий світильник 3024,QA-03024,48200003024,5199,3,100,зелений,draft
Тестовий світильник 3025,QA-03025,48200003025,5699,4,50,сірий,draft
Тестовий світильник 3026,QA-03026,48200003026,3699,5,75,чорний,draft
Тестовий світильник 3027,QA-03027,48200003027,4199,6,100,зелений,draft
Тестовий світильник 3028,QA-03028,48200003028,4699,7,50,сірий,draft
Тестовий світильник 3029,QA-03029,48200003029,5199,8,75,чорний,draft
Тестовий світильник 3030,QA-03030,48200003030,5699,9,100,зелений,draft
Тестовий світильник 3031,QA-03031,48200003031,3699,10,50,сірий,draft
Тестовий світильник 3032,QA-03032,48200003032,4199,11,75,чорний,draft
Тестовий світильник 3033,QA-03033,48200003033,4699,12,100,зелений,draft
Тестовий світильник 3034,QA-03034,48200003034,5199,13,50,сірий,draft
Тестовий світильник 3035,QA-03035,48200003035,5699,14,75,чорний,draft
Тестовий світильник 3036,QA-03036,48200003036,3699,15,100,зелений,draft
Тестовий світильник 3037,QA-03037,48200003037,4199,16,50,сірий,draft
Тестовий світильник 3038,QA-03038,48200003038,4699,17,75,чорний,draft
Тестовий світильник 3039,QA-03039,48200003039,5199,18,100,зелений,draft
Тестовий світильник 3040,QA-03040,48200003040,5699,19,50,сірий,draft
Тестовий світильник 3041,QA-03041,48200003041,3699,0,75,чорний,draft
Тестовий світильник 3042,QA-03042,48200003042,4199,1,100,зелений,draft
Тестовий світильник 3043,QA-03043,48200003043,4699,2,50,сірий,draft
Тестовий світильник 3044,QA-03044,48200003044,5199,3,75,чорний,draft
Тестовий світильник 3045,QA-03045,48200003045,5699,4,100,зелений,draft
Тестовий світильник 3046,QA-03046,48200003046,3699,5,50,сірий,draft
Тестовий світильник 3047,QA-03047,48200003047,4199,6,75,чорний,draft
Тестовий світильник 3048,QA-03048,48200003048,4699,7,100,зелений,draft
Тестовий світильник 3049,QA-03049,48200003049,5199,8,50,сірий,draft
Тестовий світильник 3050,QA-03050,48200003050,5699,9,75,чорний,draft
Тестовий світильник 3051,QA-03051,48200003051,3699,10,100,зелений,draft
Тестовий світильник 3052,QA-03052,48200003052,4199,11,50,сірий,draft
Тестовий світильник 3053,QA-03053,48200003053,4699,12,75,чорний,draft
Тестовий світильник 3054,QA-03054,48200003054,5199,13,100,зелений,draft
Тестовий світильник 3055,QA-03055,48200003055,5699,14,50,сірий,draft
Тестовий світильник 3056,QA-03056,48200003056,3699,15,75,чорний,draft
Тестовий світильник 3057,QA-03057,48200003057,4199,16,100,зелений,draft
Тестовий світильник 3058,QA-03058,48200003058,4699,17,50,сірий,draft
Тестовий світильник 3059,QA-03059,48200003059,5199,18,75,чорний,draft
Тестовий світильник 3060,QA-03060,48200003060,5699,19,100,зелений,draft
Тестовий світильник 3061,QA-03061,48200003061,3699,0,50,сірий,draft
Тестовий світильник 3062,QA-03062,48200003062,4199,1,75,чорний,draft
Тестовий світильник 3063,QA-03063,48200003063,4699,2,100,зелений,draft
Тестовий світильник 3064,QA-03064,48200003064,5199,3,50,сірий,draft
Тестовий світильник 3065,QA-03065,48200003065,5699,4,75,чорний,draft
Тестовий світильник 3066,QA-03066,48200003066,3699,5,100,зелений,draft
Тестовий світильник 3067,QA-03067,48200003067,4199,6,50,сірий,draft
Тестовий світильник 3068,QA-03068,48200003068,4699,7,75,чорний,draft
Тестовий світильник 3069,QA-03069,48200003069,5199,8,100,зелений,draft
Тестовий світильник 3070,QA-03070,48200003070,5699,9,50,сірий,draft
Тестовий світильник 3071,QA-03071,48200003071,3699,10,75,чорний,draft
Тестовий світильник 3072,QA-03072,48200003072,4199,11,100,зелений,draft
Тестовий світильник 3073,QA-03073,48200003073,4699,12,50,сірий,draft
Тестовий світильник 3074,QA-03074,48200003074,5199,13,75,чорний,draft
Тестовий світильник 3075,QA-03075,48200003075,5699,14,100,зелений,draft
Тестовий світильник 3076,QA-03076,48200003076,3699,15,50,сірий,draft
Тестовий світильник 3077,QA-03077,48200003077,4199,16,75,чорний,draft
Тестовий світильник 3078,QA-03078,48200003078,4699,17,100,зелений,draft
Тестовий світильник 3079,QA-03079,48200003079,5199,18,50,сірий,draft
Тестовий світильник 3080,QA-03080,48200003080,5699,19,75,чорний,draft
Тестовий світильник 3081,QA-03081,48200003081,3699,0,100,зелений,draft
Тестовий світильник 3082,QA-03082,48200003082,4199,1,50,сірий,draft
Тестовий світильник 3083,QA-03083,48200003083,4699,2,75,чорний,draft
Тестовий світильник 3084,QA-03084,48200003084,5199,3,100,зелений,draft
Тестовий світильник 3085,QA-03085,48200003085,5699,4,50,сірий,draft
Тестовий світильник 3086,QA-03086,48200003086,3699,5,75,чорний,draft
Тестовий світильник 3087,QA-03087,48200003087,4199,6,100,зелений,draft
Тестовий світильник 3088,QA-03088,48200003088,4699,7,50,сірий,draft
Тестовий світильник 3089,QA-03089,48200003089,5199,8,75,чорний,draft
Тестовий світильник 3090,QA-03090,48200003090,5699,9,100,зелений,draft
Тестовий світильник 3091,QA-03091,48200003091,3699,10,50,сірий,draft
Тестовий світильник 3092,QA-03092,48200003092,4199,11,75,чорний,draft
Тестовий світильник 3093,QA-03093,48200003093,4699,12,100,зелений,draft
Тестовий світильник 3094,QA-03094,48200003094,5199,13,50,сірий,draft
Тестовий світильник 3095,QA-03095,48200003095,5699,14,75,чорний,draft
Тестовий світильник 3096,QA-03096,48200003096,3699,15,100,зелений,draft
Тестовий світильник 3097,QA-03097,48200003097,4199,16,50,сірий,draft
Тестовий світильник 3098,QA-03098,48200003098,4699,17,75,чорний,draft
Тестовий світильник 3099,QA-03099,48200003099,5199,18,100,зелений,draft
Тестовий світильник 3100,QA-03100,48200003100,5699,19,50,сірий,draft
Тестовий світильник 3101,QA-03101,48200003101,3699,0,75,чорний,draft
Тестовий світильник 3102,QA-03102,48200003102,4199,1,100,зелений,draft
Тестовий світильник 3103,QA-03103,48200003103,4699,2,50,сірий,draft
Тестовий світильник 3104,QA-03104,48200003104,5199,3,75,чорний,draft
Тестовий світильник 3105,QA-03105,48200003105,5699,4,100,зелений,draft
Тестовий світильник 3106,QA-03106,48200003106,3699,5,50,сірий,draft
Тестовий світильник 3107,QA-03107,48200003107,4199,6,75,чорний,draft
Тестовий світильник 3108,QA-03108,48200003108,4699,7,100,зелений,draft
Тестовий світильник 3109,QA-03109,48200003109,5199,8,50,сірий,draft
Тестовий світильник 3110,QA-03110,48200003110,5699,9,75,чорний,draft
Тестовий світильник 3111,QA-03111,48200003111,3699,10,100,зелений,draft
Тестовий світильник 3112,QA-03112,48200003112,4199,11,50,сірий,draft
Тестовий світильник 3113,QA-03113,48200003113,4699,12,75,чорний,draft
Тестовий світильник 3114,QA-03114,48200003114,5199,13,100,зелений,draft
Тестовий світильник 3115,QA-03115,48200003115,5699,14,50,сірий,draft
Тестовий світильник 3116,QA-03116,48200003116,3699,15,75,чорний,draft
Тестовий світильник 3117,QA-03117,48200003117,4199,16,100,зелений,draft
Тестовий світильник 3118,QA-03118,48200003118,4699,17,50,сірий,draft
Тестовий світильник 3119,QA-03119,48200003119,5199,18,75,чорний,draft
Тестовий світильник 3120,QA-03120,48200003120,5699,19,100,зелений,draft
Тестовий світильник 3121,QA-03121,48200003121,3699,0,50,сірий,draft
Тестовий світильник 3122,QA-03122,48200003122,4199,1,75,чорний,draft
Тестовий світильник 3123,QA-03123,48200003123,4699,2,100,зелений,draft
Тестовий світильник 3124,QA-03124,48200003124,5199,3,50,сірий,draft
Тестовий світильник 3125,QA-03125,48200003125,5699,4,75,чорний,draft
Тестовий світильник 3126,QA-03126,48200003126,3699,5,100,зелений,draft
Тестовий світильник 3127,QA-03127,48200003127,4199,6,50,сірий,draft
Тестовий світильник 3128,QA-03128,48200003128,4699,7,75,чорний,draft
Тестовий світильник 3129,QA-03129,48200003129,5199,8,100,зелений,draft
Тестовий світильник 3130,QA-03130,48200003130,5699,9,50,сірий,draft
Тестовий світильник 3131,QA-03131,48200003131,3699,10,75,чорний,draft
Тестовий світильник 3132,QA-03132,48200003132,4199,11,100,зелений,draft
Тестовий світильник 3133,QA-03133,48200003133,4699,12,50,сірий,draft
Тестовий світильник 3134,QA-03134,48200003134,5199,13,75,чорний,draft
Тестовий світильник 3135,QA-03135,48200003135,5699,14,100,зелений,draft
Тестовий світильник 3136,QA-03136,48200003136,3699,15,50,сірий,draft
Тестовий світильник 3137,QA-03137,48200003137,4199,16,75,чорний,draft
Тестовий світильник 3138,QA-03138,48200003138,4699,17,100,зелений,draft
Тестовий світильник 3139,QA-03139,48200003139,5199,18,50,сірий,draft
Тестовий світильник 3140,QA-03140,48200003140,5699,19,75,чорний,draft
Тестовий світильник 3141,QA-03141,48200003141,3699,0,100,зелений,draft
Тестовий світильник 3142,QA-03142,48200003142,4199,1,50,сірий,draft
Тестовий світильник 3143,QA-03143,48200003143,4699,2,75,чорний,draft
Тестовий світильник 3144,QA-03144,48200003144,5199,3,100,зелений,draft
Тестовий світильник 3145,QA-03145,48200003145,5699,4,50,сірий,draft
Тестовий світильник 3146,QA-03146,48200003146,3699,5,75,чорний,draft
Тестовий світильник 3147,QA-03147,48200003147,4199,6,100,зелений,draft
Тестовий світильник 3148,QA-03148,48200003148,4699,7,50,сірий,draft
Тестовий світильник 3149,QA-03149,48200003149,5199,8,75,чорний,draft
Тестовий світильник 3150,QA-03150,48200003150,5699,9,100,зелений,draft
Тестовий світильник 3151,QA-03151,48200003151,3699,10,50,сірий,draft
Тестовий світильник 3152,QA-03152,48200003152,4199,11,75,чорний,draft
Тестовий світильник 3153,QA-03153,48200003153,4699,12,100,зелений,draft
Тестовий світильник 3154,QA-03154,48200003154,5199,13,50,сірий,draft
Тестовий світильник 3155,QA-03155,48200003155,5699,14,75,чорний,draft
Тестовий світильник 3156,QA-03156,48200003156,3699,15,100,зелений,draft
Тестовий світильник 3157,QA-03157,48200003157,4199,16,50,сірий,draft
Тестовий світильник 3158,QA-03158,48200003158,4699,17,75,чорний,draft
Тестовий світильник 3159,QA-03159,48200003159,5199,18,100,зелений,draft
Тестовий світильник 3160,QA-03160,48200003160,5699,19,50,сірий,draft
Тестовий світильник 3161,QA-03161,48200003161,3699,0,75,чорний,draft
Тестовий світильник 3162,QA-03162,48200003162,4199,1,100,зелений,draft
Тестовий світильник 3163,QA-03163,48200003163,4699,2,50,сірий,draft
Тестовий світильник 3164,QA-03164,48200003164,5199,3,75,чорний,draft
Тестовий світильник 3165,QA-03165,48200003165,5699,4,100,зелений,draft
Тестовий світильник 3166,QA-03166,48200003166,3699,5,50,сірий,draft
Тестовий світильник 3167,QA-03167,48200003167,4199,6,75,чорний,draft
Тестовий світильник 3168,QA-03168,48200003168,4699,7,100,зелений,draft
Тестовий світильник 3169,QA-03169,48200003169,5199,8,50,сірий,draft
Тестовий світильник 3170,QA-03170,48200003170,5699,9,75,чорний,draft
Тестовий світильник 3171,QA-03171,48200003171,3699,10,100,зелений,draft
Тестовий світильник 3172,QA-03172,48200003172,4199,11,50,сірий,draft
Тестовий світильник 3173,QA-03173,48200003173,4699,12,75,чорний,draft
Тестовий світильник 3174,QA-03174,48200003174,5199,13,100,зелений,draft
Тестовий світильник 3175,QA-03175,48200003175,5699,14,50,сірий,draft
Тестовий світильник 3176,QA-03176,48200003176,3699,15,75,чорний,draft
Тестовий світильник 3177,QA-03177,48200003177,4199,16,100,зелений,draft
Тестовий світильник 3178,QA-03178,48200003178,4699,17,50,сірий,draft
Тестовий світильник 3179,QA-03179,48200003179,5199,18,75,чорний,draft
Тестовий світильник 3180,QA-03180,48200003180,5699,19,100,зелений,draft
Тестовий світильник 3181,QA-03181,48200003181,3699,0,50,сірий,draft
Тестовий світильник 3182,QA-03182,48200003182,4199,1,75,чорний,draft
Тестовий світильник 3183,QA-03183,48200003183,4699,2,100,зелений,draft
Тестовий світильник 3184,QA-03184,48200003184,5199,3,50,сірий,draft
Тестовий світильник 3185,QA-03185,48200003185,5699,4,75,чорний,draft
Тестовий світильник 3186,QA-03186,48200003186,3699,5,100,зелений,draft
Тестовий світильник 3187,QA-03187,48200003187,4199,6,50,сірий,draft
Тестовий світильник 3188,QA-03188,48200003188,4699,7,75,чорний,draft
Тестовий світильник 3189,QA-03189,48200003189,5199,8,100,зелений,draft
Тестовий світильник 3190,QA-03190,48200003190,5699,9,50,сірий,draft
Тестовий світильник 3191,QA-03191,48200003191,3699,10,75,чорний,draft
Тестовий світильник 3192,QA-03192,48200003192,4199,11,100,зелений,draft
Тестовий світильник 3193,QA-03193,48200003193,4699,12,50,сірий,draft
Тестовий світильник 3194,QA-03194,48200003194,5199,13,75,чорний,draft
Тестовий світильник 3195,QA-03195,48200003195,5699,14,100,зелений,draft
Тестовий світильник 3196,QA-03196,48200003196,3699,15,50,сірий,draft
Тестовий світильник 3197,QA-03197,48200003197,4199,16,75,чорний,draft
Тестовий світильник 3198,QA-03198,48200003198,4699,17,100,зелений,draft
Тестовий світильник 3199,QA-03199,48200003199,5199,18,50,сірий,draft
Тестовий світильник 3200,QA-03200,48200003200,5699,19,75,чорний,draft
Тестовий світильник 3201,QA-03201,48200003201,3699,0,100,зелений,draft
Тестовий світильник 3202,QA-03202,48200003202,4199,1,50,сірий,draft
Тестовий світильник 3203,QA-03203,48200003203,4699,2,75,чорний,draft
Тестовий світильник 3204,QA-03204,48200003204,5199,3,100,зелений,draft
Тестовий світильник 3205,QA-03205,48200003205,5699,4,50,сірий,draft
Тестовий світильник 3206,QA-03206,48200003206,3699,5,75,чорний,draft
Тестовий світильник 3207,QA-03207,48200003207,4199,6,100,зелений,draft
Тестовий світильник 3208,QA-03208,48200003208,4699,7,50,сірий,draft
Тестовий світильник 3209,QA-03209,48200003209,5199,8,75,чорний,draft
Тестовий світильник 3210,QA-03210,48200003210,5699,9,100,зелений,draft
Тестовий світильник 3211,QA-03211,48200003211,3699,10,50,сірий,draft
Тестовий світильник 3212,QA-03212,48200003212,4199,11,75,чорний,draft
Тестовий світильник 3213,QA-03213,48200003213,4699,12,100,зелений,draft
Тестовий світильник 3214,QA-03214,48200003214,5199,13,50,сірий,draft
Тестовий світильник 3215,QA-03215,48200003215,5699,14,75,чорний,draft
Тестовий світильник 3216,QA-03216,48200003216,3699,15,100,зелений,draft
Тестовий світильник 3217,QA-03217,48200003217,4199,16,50,сірий,draft
Тестовий світильник 3218,QA-03218,48200003218,4699,17,75,чорний,draft
Тестовий світильник 3219,QA-03219,48200003219,5199,18,100,зелений,draft
Тестовий світильник 3220,QA-03220,48200003220,5699,19,50,сірий,draft
Тестовий світильник 3221,QA-03221,48200003221,3699,0,75,чорний,draft
Тестовий світильник 3222,QA-03222,48200003222,4199,1,100,зелений,draft
Тестовий світильник 3223,QA-03223,48200003223,4699,2,50,сірий,draft
Тестовий світильник 3224,QA-03224,48200003224,5199,3,75,чорний,draft
Тестовий світильник 3225,QA-03225,48200003225,5699,4,100,зелений,draft
Тестовий світильник 3226,QA-03226,48200003226,3699,5,50,сірий,draft
Тестовий світильник 3227,QA-03227,48200003227,4199,6,75,чорний,draft
Тестовий світильник 3228,QA-03228,48200003228,4699,7,100,зелений,draft
Тестовий світильник 3229,QA-03229,48200003229,5199,8,50,сірий,draft
Тестовий світильник 3230,QA-03230,48200003230,5699,9,75,чорний,draft
Тестовий світильник 3231,QA-03231,48200003231,3699,10,100,зелений,draft
Тестовий світильник 3232,QA-03232,48200003232,4199,11,50,сірий,draft
Тестовий світильник 3233,QA-03233,48200003233,4699,12,75,чорний,draft
Тестовий світильник 3234,QA-03234,48200003234,5199,13,100,зелений,draft
Тестовий світильник 3235,QA-03235,48200003235,5699,14,50,сірий,draft
Тестовий світильник 3236,QA-03236,48200003236,3699,15,75,чорний,draft
Тестовий світильник 3237,QA-03237,48200003237,4199,16,100,зелений,draft
Тестовий світильник 3238,QA-03238,48200003238,4699,17,50,сірий,draft
Тестовий світильник 3239,QA-03239,48200003239,5199,18,75,чорний,draft
Тестовий світильник 3240,QA-03240,48200003240,5699,19,100,зелений,draft
Тестовий світильник 3241,QA-03241,48200003241,3699,0,50,сірий,draft
Тестовий світильник 3242,QA-03242,48200003242,4199,1,75,чорний,draft
Тестовий світильник 3243,QA-03243,48200003243,4699,2,100,зелений,draft
Тестовий світильник 3244,QA-03244,48200003244,5199,3,50,сірий,draft
Тестовий світильник 3245,QA-03245,48200003245,5699,4,75,чорний,draft
Тестовий світильник 3246,QA-03246,48200003246,3699,5,100,зелений,draft
Тестовий світильник 3247,QA-03247,48200003247,4199,6,50,сірий,draft
Тестовий світильник 3248,QA-03248,48200003248,4699,7,75,чорний,draft
Тестовий світильник 3249,QA-03249,48200003249,5199,8,100,зелений,draft
Тестовий світильник 3250,QA-03250,48200003250,5699,9,50,сірий,draft
Тестовий світильник 3251,QA-03251,48200003251,3699,10,75,чорний,draft
Тестовий світильник 3252,QA-03252,48200003252,4199,11,100,зелений,draft
Тестовий світильник 3253,QA-03253,48200003253,4699,12,50,сірий,draft
Тестовий світильник 3254,QA-03254,48200003254,5199,13,75,чорний,draft
Тестовий світильник 3255,QA-03255,48200003255,5699,14,100,зелений,draft
Тестовий світильник 3256,QA-03256,48200003256,3699,15,50,сірий,draft
Тестовий світильник 3257,QA-03257,48200003257,4199,16,75,чорний,draft
Тестовий світильник 3258,QA-03258,48200003258,4699,17,100,зелений,draft
Тестовий світильник 3259,QA-03259,48200003259,5199,18,50,сірий,draft
Тестовий світильник 3260,QA-03260,48200003260,5699,19,75,чорний,draft
Тестовий світильник 3261,QA-03261,48200003261,3699,0,100,зелений,draft
Тестовий світильник 3262,QA-03262,48200003262,4199,1,50,сірий,draft
Тестовий світильник 3263,QA-03263,48200003263,4699,2,75,чорний,draft
Тестовий світильник 3264,QA-03264,48200003264,5199,3,100,зелений,draft
Тестовий світильник 3265,QA-03265,48200003265,5699,4,50,сірий,draft
Тестовий світильник 3266,QA-03266,48200003266,3699,5,75,чорний,draft
Тестовий світильник 3267,QA-03267,48200003267,4199,6,100,зелений,draft
Тестовий світильник 3268,QA-03268,48200003268,4699,7,50,сірий,draft
Тестовий світильник 3269,QA-03269,48200003269,5199,8,75,чорний,draft
Тестовий світильник 3270,QA-03270,48200003270,5699,9,100,зелений,draft
Тестовий світильник 3271,QA-03271,48200003271,3699,10,50,сірий,draft
Тестовий світильник 3272,QA-03272,48200003272,4199,11,75,чорний,draft
Тестовий світильник 3273,QA-03273,48200003273,4699,12,100,зелений,draft
Тестовий світильник 3274,QA-03274,48200003274,5199,13,50,сірий,draft
Тестовий світильник 3275,QA-03275,48200003275,5699,14,75,чорний,draft
Тестовий світильник 3276,QA-03276,48200003276,3699,15,100,зелений,draft
Тестовий світильник 3277,QA-03277,48200003277,4199,16,50,сірий,draft
Тестовий світильник 3278,QA-03278,48200003278,4699,17,75,чорний,draft
Тестовий світильник 3279,QA-03279,48200003279,5199,18,100,зелений,draft
Тестовий світильник 3280,QA-03280,48200003280,5699,19,50,сірий,draft
Тестовий світильник 3281,QA-03281,48200003281,3699,0,75,чорний,draft
Тестовий світильник 3282,QA-03282,48200003282,4199,1,100,зелений,draft
Тестовий світильник 3283,QA-03283,48200003283,4699,2,50,сірий,draft
Тестовий світильник 3284,QA-03284,48200003284,5199,3,75,чорний,draft
Тестовий світильник 3285,QA-03285,48200003285,5699,4,100,зелений,draft
Тестовий світильник 3286,QA-03286,48200003286,3699,5,50,сірий,draft
Тестовий світильник 3287,QA-03287,48200003287,4199,6,75,чорний,draft
Тестовий світильник 3288,QA-03288,48200003288,4699,7,100,зелений,draft
Тестовий світильник 3289,QA-03289,48200003289,5199,8,50,сірий,draft
Тестовий світильник 3290,QA-03290,48200003290,5699,9,75,чорний,draft
Тестовий світильник 3291,QA-03291,48200003291,3699,10,100,зелений,draft
Тестовий світильник 3292,QA-03292,48200003292,4199,11,50,сірий,draft
Тестовий світильник 3293,QA-03293,48200003293,4699,12,75,чорний,draft
Тестовий світильник 3294,QA-03294,48200003294,5199,13,100,зелений,draft
Тестовий світильник 3295,QA-03295,48200003295,5699,14,50,сірий,draft
Тестовий світильник 3296,QA-03296,48200003296,3699,15,75,чорний,draft
Тестовий світильник 3297,QA-03297,48200003297,4199,16,100,зелений,draft
Тестовий світильник 3298,QA-03298,48200003298,4699,17,50,сірий,draft
Тестовий світильник 3299,QA-03299,48200003299,5199,18,75,чорний,draft
Тестовий світильник 3300,QA-03300,48200003300,5699,19,100,зелений,draft
Тестовий світильник 3301,QA-03301,48200003301,3699,0,50,сірий,draft
Тестовий світильник 3302,QA-03302,48200003302,4199,1,75,чорний,draft
Тестовий світильник 3303,QA-03303,48200003303,4699,2,100,зелений,draft
Тестовий світильник 3304,QA-03304,48200003304,5199,3,50,сірий,draft
Тестовий світильник 3305,QA-03305,48200003305,5699,4,75,чорний,draft
Тестовий світильник 3306,QA-03306,48200003306,3699,5,100,зелений,draft
Тестовий світильник 3307,QA-03307,48200003307,4199,6,50,сірий,draft
Тестовий світильник 3308,QA-03308,48200003308,4699,7,75,чорний,draft
Тестовий світильник 3309,QA-03309,48200003309,5199,8,100,зелений,draft
Тестовий світильник 3310,QA-03310,48200003310,5699,9,50,сірий,draft
Тестовий світильник 3311,QA-03311,48200003311,3699,10,75,чорний,draft
Тестовий світильник 3312,QA-03312,48200003312,4199,11,100,зелений,draft
Тестовий світильник 3313,QA-03313,48200003313,4699,12,50,сірий,draft
Тестовий світильник 3314,QA-03314,48200003314,5199,13,75,чорний,draft
Тестовий світильник 3315,QA-03315,48200003315,5699,14,100,зелений,draft
Тестовий світильник 3316,QA-03316,48200003316,3699,15,50,сірий,draft
Тестовий світильник 3317,QA-03317,48200003317,4199,16,75,чорний,draft
Тестовий світильник 3318,QA-03318,48200003318,4699,17,100,зелений,draft
Тестовий світильник 3319,QA-03319,48200003319,5199,18,50,сірий,draft
Тестовий світильник 3320,QA-03320,48200003320,5699,19,75,чорний,draft
Тестовий світильник 3321,QA-03321,48200003321,3699,0,100,зелений,draft
Тестовий світильник 3322,QA-03322,48200003322,4199,1,50,сірий,draft
Тестовий світильник 3323,QA-03323,48200003323,4699,2,75,чорний,draft
Тестовий світильник 3324,QA-03324,48200003324,5199,3,100,зелений,draft
Тестовий світильник 3325,QA-03325,48200003325,5699,4,50,сірий,draft
Тестовий світильник 3326,QA-03326,48200003326,3699,5,75,чорний,draft
Тестовий світильник 3327,QA-03327,48200003327,4199,6,100,зелений,draft
Тестовий світильник 3328,QA-03328,48200003328,4699,7,50,сірий,draft
Тестовий світильник 3329,QA-03329,48200003329,5199,8,75,чорний,draft
Тестовий світильник 3330,QA-03330,48200003330,5699,9,100,зелений,draft
Тестовий світильник 3331,QA-03331,48200003331,3699,10,50,сірий,draft
Тестовий світильник 3332,QA-03332,48200003332,4199,11,75,чорний,draft
Тестовий світильник 3333,QA-03333,48200003333,4699,12,100,зелений,draft
Тестовий світильник 3334,QA-03334,48200003334,5199,13,50,сірий,draft
Тестовий світильник 3335,QA-03335,48200003335,5699,14,75,чорний,draft
Тестовий світильник 3336,QA-03336,48200003336,3699,15,100,зелений,draft
Тестовий світильник 3337,QA-03337,48200003337,4199,16,50,сірий,draft
Тестовий світильник 3338,QA-03338,48200003338,4699,17,75,чорний,draft
Тестовий світильник 3339,QA-03339,48200003339,5199,18,100,зелений,draft
Тестовий світильник 3340,QA-03340,48200003340,5699,19,50,сірий,draft
Тестовий світильник 3341,QA-03341,48200003341,3699,0,75,чорний,draft
Тестовий світильник 3342,QA-03342,48200003342,4199,1,100,зелений,draft
Тестовий світильник 3343,QA-03343,48200003343,4699,2,50,сірий,draft
Тестовий світильник 3344,QA-03344,48200003344,5199,3,75,чорний,draft
Тестовий світильник 3345,QA-03345,48200003345,5699,4,100,зелений,draft
Тестовий світильник 3346,QA-03346,48200003346,3699,5,50,сірий,draft
Тестовий світильник 3347,QA-03347,48200003347,4199,6,75,чорний,draft
Тестовий світильник 3348,QA-03348,48200003348,4699,7,100,зелений,draft
Тестовий світильник 3349,QA-03349,48200003349,5199,8,50,сірий,draft
Тестовий світильник 3350,QA-03350,48200003350,5699,9,75,чорний,draft
Тестовий світильник 3351,QA-03351,48200003351,3699,10,100,зелений,draft
Тестовий світильник 3352,QA-03352,48200003352,4199,11,50,сірий,draft
Тестовий світильник 3353,QA-03353,48200003353,4699,12,75,чорний,draft
Тестовий світильник 3354,QA-03354,48200003354,5199,13,100,зелений,draft
Тестовий світильник 3355,QA-03355,48200003355,5699,14,50,сірий,draft
Тестовий світильник 3356,QA-03356,48200003356,3699,15,75,чорний,draft
Тестовий світильник 3357,QA-03357,48200003357,4199,16,100,зелений,draft
Тестовий світильник 3358,QA-03358,48200003358,4699,17,50,сірий,draft
Тестовий світильник 3359,QA-03359,48200003359,5199,18,75,чорний,draft
Тестовий світильник 3360,QA-03360,48200003360,5699,19,100,зелений,draft
Тестовий світильник 3361,QA-03361,48200003361,3699,0,50,сірий,draft
Тестовий світильник 3362,QA-03362,48200003362,4199,1,75,чорний,draft
Тестовий світильник 3363,QA-03363,48200003363,4699,2,100,зелений,draft
Тестовий світильник 3364,QA-03364,48200003364,5199,3,50,сірий,draft
Тестовий світильник 3365,QA-03365,48200003365,5699,4,75,чорний,draft
Тестовий світильник 3366,QA-03366,48200003366,3699,5,100,зелений,draft
Тестовий світильник 3367,QA-03367,48200003367,4199,6,50,сірий,draft
Тестовий світильник 3368,QA-03368,48200003368,4699,7,75,чорний,draft
Тестовий світильник 3369,QA-03369,48200003369,5199,8,100,зелений,draft
Тестовий світильник 3370,QA-03370,48200003370,5699,9,50,сірий,draft
Тестовий світильник 3371,QA-03371,48200003371,3699,10,75,чорний,draft
Тестовий світильник 3372,QA-03372,48200003372,4199,11,100,зелений,draft
Тестовий світильник 3373,QA-03373,48200003373,4699,12,50,сірий,draft
Тестовий світильник 3374,QA-03374,48200003374,5199,13,75,чорний,draft
Тестовий світильник 3375,QA-03375,48200003375,5699,14,100,зелений,draft
Тестовий світильник 3376,QA-03376,48200003376,3699,15,50,сірий,draft
Тестовий світильник 3377,QA-03377,48200003377,4199,16,75,чорний,draft
Тестовий світильник 3378,QA-03378,48200003378,4699,17,100,зелений,draft
Тестовий світильник 3379,QA-03379,48200003379,5199,18,50,сірий,draft
Тестовий світильник 3380,QA-03380,48200003380,5699,19,75,чорний,draft
Тестовий світильник 3381,QA-03381,48200003381,3699,0,100,зелений,draft
Тестовий світильник 3382,QA-03382,48200003382,4199,1,50,сірий,draft
Тестовий світильник 3383,QA-03383,48200003383,4699,2,75,чорний,draft
Тестовий світильник 3384,QA-03384,48200003384,5199,3,100,зелений,draft
Тестовий світильник 3385,QA-03385,48200003385,5699,4,50,сірий,draft
Тестовий світильник 3386,QA-03386,48200003386,3699,5,75,чорний,draft
Тестовий світильник 3387,QA-03387,48200003387,4199,6,100,зелений,draft
Тестовий світильник 3388,QA-03388,48200003388,4699,7,50,сірий,draft
Тестовий світильник 3389,QA-03389,48200003389,5199,8,75,чорний,draft
Тестовий світильник 3390,QA-03390,48200003390,5699,9,100,зелений,draft
Тестовий світильник 3391,QA-03391,48200003391,3699,10,50,сірий,draft
Тестовий світильник 3392,QA-03392,48200003392,4199,11,75,чорний,draft
Тестовий світильник 3393,QA-03393,48200003393,4699,12,100,зелений,draft
Тестовий світильник 3394,QA-03394,48200003394,5199,13,50,сірий,draft
Тестовий світильник 3395,QA-03395,48200003395,5699,14,75,чорний,draft
Тестовий світильник 3396,QA-03396,48200003396,3699,15,100,зелений,draft
Тестовий світильник 3397,QA-03397,48200003397,4199,16,50,сірий,draft
Тестовий світильник 3398,QA-03398,48200003398,4699,17,75,чорний,draft
Тестовий світильник 3399,QA-03399,48200003399,5199,18,100,зелений,draft
Тестовий світильник 3400,QA-03400,48200003400,5699,19,50,сірий,draft
Тестовий світильник 3401,QA-03401,48200003401,3699,0,75,чорний,draft
Тестовий світильник 3402,QA-03402,48200003402,4199,1,100,зелений,draft
Тестовий світильник 3403,QA-03403,48200003403,4699,2,50,сірий,draft
Тестовий світильник 3404,QA-03404,48200003404,5199,3,75,чорний,draft
Тестовий світильник 3405,QA-03405,48200003405,5699,4,100,зелений,draft
Тестовий світильник 3406,QA-03406,48200003406,3699,5,50,сірий,draft
Тестовий світильник 3407,QA-03407,48200003407,4199,6,75,чорний,draft
Тестовий світильник 3408,QA-03408,48200003408,4699,7,100,зелений,draft
Тестовий світильник 3409,QA-03409,48200003409,5199,8,50,сірий,draft
Тестовий світильник 3410,QA-03410,48200003410,5699,9,75,чорний,draft
Тестовий світильник 3411,QA-03411,48200003411,3699,10,100,зелений,draft
Тестовий світильник 3412,QA-03412,48200003412,4199,11,50,сірий,draft
Тестовий світильник 3413,QA-03413,48200003413,4699,12,75,чорний,draft
Тестовий світильник 3414,QA-03414,48200003414,5199,13,100,зелений,draft
Тестовий світильник 3415,QA-03415,48200003415,5699,14,50,сірий,draft
Тестовий світильник 3416,QA-03416,48200003416,3699,15,75,чорний,draft
Тестовий світильник 3417,QA-03417,48200003417,4199,16,100,зелений,draft
Тестовий світильник 3418,QA-03418,48200003418,4699,17,50,сірий,draft
Тестовий світильник 3419,QA-03419,48200003419,5199,18,75,чорний,draft
Тестовий світильник 3420,QA-03420,48200003420,5699,19,100,зелений,draft
Тестовий світильник 3421,QA-03421,48200003421,3699,0,50,сірий,draft
Тестовий світильник 3422,QA-03422,48200003422,4199,1,75,чорний,draft
Тестовий світильник 3423,QA-03423,48200003423,4699,2,100,зелений,draft
Тестовий світильник 3424,QA-03424,48200003424,5199,3,50,сірий,draft
Тестовий світильник 3425,QA-03425,48200003425,5699,4,75,чорний,draft
Тестовий світильник 3426,QA-03426,48200003426,3699,5,100,зелений,draft
Тестовий світильник 3427,QA-03427,48200003427,4199,6,50,сірий,draft
Тестовий світильник 3428,QA-03428,48200003428,4699,7,75,чорний,draft
Тестовий світильник 3429,QA-03429,48200003429,5199,8,100,зелений,draft
Тестовий світильник 3430,QA-03430,48200003430,5699,9,50,сірий,draft
Тестовий світильник 3431,QA-03431,48200003431,3699,10,75,чорний,draft
Тестовий світильник 3432,QA-03432,48200003432,4199,11,100,зелений,draft
Тестовий світильник 3433,QA-03433,48200003433,4699,12,50,сірий,draft
Тестовий світильник 3434,QA-03434,48200003434,5199,13,75,чорний,draft
Тестовий світильник 3435,QA-03435,48200003435,5699,14,100,зелений,draft
Тестовий світильник 3436,QA-03436,48200003436,3699,15,50,сірий,draft
Тестовий світильник 3437,QA-03437,48200003437,4199,16,75,чорний,draft
Тестовий світильник 3438,QA-03438,48200003438,4699,17,100,зелений,draft
Тестовий світильник 3439,QA-03439,48200003439,5199,18,50,сірий,draft
Тестовий світильник 3440,QA-03440,48200003440,5699,19,75,чорний,draft
Тестовий світильник 3441,QA-03441,48200003441,3699,0,100,зелений,draft
Тестовий світильник 3442,QA-03442,48200003442,4199,1,50,сірий,draft
Тестовий світильник 3443,QA-03443,48200003443,4699,2,75,чорний,draft
Тестовий світильник 3444,QA-03444,48200003444,5199,3,100,зелений,draft
Тестовий світильник 3445,QA-03445,48200003445,5699,4,50,сірий,draft
Тестовий світильник 3446,QA-03446,48200003446,3699,5,75,чорний,draft
Тестовий світильник 3447,QA-03447,48200003447,4199,6,100,зелений,draft
Тестовий світильник 3448,QA-03448,48200003448,4699,7,50,сірий,draft
Тестовий світильник 3449,QA-03449,48200003449,5199,8,75,чорний,draft
Тестовий світильник 3450,QA-03450,48200003450,5699,9,100,зелений,draft
Тестовий світильник 3451,QA-03451,48200003451,3699,10,50,сірий,draft
Тестовий світильник 3452,QA-03452,48200003452,4199,11,75,чорний,draft
Тестовий світильник 3453,QA-03453,48200003453,4699,12,100,зелений,draft
Тестовий світильник 3454,QA-03454,48200003454,5199,13,50,сірий,draft
Тестовий світильник 3455,QA-03455,48200003455,5699,14,75,чорний,draft
Тестовий світильник 3456,QA-03456,48200003456,3699,15,100,зелений,draft
Тестовий світильник 3457,QA-03457,48200003457,4199,16,50,сірий,draft
Тестовий світильник 3458,QA-03458,48200003458,4699,17,75,чорний,draft
Тестовий світильник 3459,QA-03459,48200003459,5199,18,100,зелений,draft
Тестовий світильник 3460,QA-03460,48200003460,5699,19,50,сірий,draft
Тестовий світильник 3461,QA-03461,48200003461,3699,0,75,чорний,draft
Тестовий світильник 3462,QA-03462,48200003462,4199,1,100,зелений,draft
Тестовий світильник 3463,QA-03463,48200003463,4699,2,50,сірий,draft
Тестовий світильник 3464,QA-03464,48200003464,5199,3,75,чорний,draft
Тестовий світильник 3465,QA-03465,48200003465,5699,4,100,зелений,draft
Тестовий світильник 3466,QA-03466,48200003466,3699,5,50,сірий,draft
Тестовий світильник 3467,QA-03467,48200003467,4199,6,75,чорний,draft
Тестовий світильник 3468,QA-03468,48200003468,4699,7,100,зелений,draft
Тестовий світильник 3469,QA-03469,48200003469,5199,8,50,сірий,draft
Тестовий світильник 3470,QA-03470,48200003470,5699,9,75,чорний,draft
Тестовий світильник 3471,QA-03471,48200003471,3699,10,100,зелений,draft
Тестовий світильник 3472,QA-03472,48200003472,4199,11,50,сірий,draft
Тестовий світильник 3473,QA-03473,48200003473,4699,12,75,чорний,draft
Тестовий світильник 3474,QA-03474,48200003474,5199,13,100,зелений,draft
Тестовий світильник 3475,QA-03475,48200003475,5699,14,50,сірий,draft
Тестовий світильник 3476,QA-03476,48200003476,3699,15,75,чорний,draft
Тестовий світильник 3477,QA-03477,48200003477,4199,16,100,зелений,draft
Тестовий світильник 3478,QA-03478,48200003478,4699,17,50,сірий,draft
Тестовий світильник 3479,QA-03479,48200003479,5199,18,75,чорний,draft
Тестовий світильник 3480,QA-03480,48200003480,5699,19,100,зелений,draft
Тестовий світильник 3481,QA-03481,48200003481,3699,0,50,сірий,draft
Тестовий світильник 3482,QA-03482,48200003482,4199,1,75,чорний,draft
Тестовий світильник 3483,QA-03483,48200003483,4699,2,100,зелений,draft
Тестовий світильник 3484,QA-03484,48200003484,5199,3,50,сірий,draft
Тестовий світильник 3485,QA-03485,48200003485,5699,4,75,чорний,draft
Тестовий світильник 3486,QA-03486,48200003486,3699,5,100,зелений,draft
Тестовий світильник 3487,QA-03487,48200003487,4199,6,50,сірий,draft
Тестовий світильник 3488,QA-03488,48200003488,4699,7,75,чорний,draft
Тестовий світильник 3489,QA-03489,48200003489,5199,8,100,зелений,draft
Тестовий світильник 3490,QA-03490,48200003490,5699,9,50,сірий,draft
Тестовий світильник 3491,QA-03491,48200003491,3699,10,75,чорний,draft
Тестовий світильник 3492,QA-03492,48200003492,4199,11,100,зелений,draft
Тестовий світильник 3493,QA-03493,48200003493,4699,12,50,сірий,draft
Тестовий світильник 3494,QA-03494,48200003494,5199,13,75,чорний,draft
Тестовий світильник 3495,QA-03495,48200003495,5699,14,100,зелений,draft
Тестовий світильник 3496,QA-03496,48200003496,3699,15,50,сірий,draft
Тестовий світильник 3497,QA-03497,48200003497,4199,16,75,чорний,draft
Тестовий світильник 3498,QA-03498,48200003498,4699,17,100,зелений,draft
Тестовий світильник 3499,QA-03499,48200003499,5199,18,50,сірий,draft
Тестовий світильник 3500,QA-03500,48200003500,5699,19,75,чорний,draft
Тестовий світильник 3501,QA-03501,48200003501,3699,0,100,зелений,draft
Тестовий світильник 3502,QA-03502,48200003502,4199,1,50,сірий,draft
Тестовий світильник 3503,QA-03503,48200003503,4699,2,75,чорний,draft
Тестовий світильник 3504,QA-03504,48200003504,5199,3,100,зелений,draft
Тестовий світильник 3505,QA-03505,48200003505,5699,4,50,сірий,draft
Тестовий світильник 3506,QA-03506,48200003506,3699,5,75,чорний,draft
Тестовий світильник 3507,QA-03507,48200003507,4199,6,100,зелений,draft
Тестовий світильник 3508,QA-03508,48200003508,4699,7,50,сірий,draft
Тестовий світильник 3509,QA-03509,48200003509,5199,8,75,чорний,draft
Тестовий світильник 3510,QA-03510,48200003510,5699,9,100,зелений,draft
Тестовий світильник 3511,QA-03511,48200003511,3699,10,50,сірий,draft
Тестовий світильник 3512,QA-03512,48200003512,4199,11,75,чорний,draft
Тестовий світильник 3513,QA-03513,48200003513,4699,12,100,зелений,draft
Тестовий світильник 3514,QA-03514,48200003514,5199,13,50,сірий,draft
Тестовий світильник 3515,QA-03515,48200003515,5699,14,75,чорний,draft
Тестовий світильник 3516,QA-03516,48200003516,3699,15,100,зелений,draft
Тестовий світильник 3517,QA-03517,48200003517,4199,16,50,сірий,draft
Тестовий світильник 3518,QA-03518,48200003518,4699,17,75,чорний,draft
Тестовий світильник 3519,QA-03519,48200003519,5199,18,100,зелений,draft
Тестовий світильник 3520,QA-03520,48200003520,5699,19,50,сірий,draft
Тестовий світильник 3521,QA-03521,48200003521,3699,0,75,чорний,draft
Тестовий світильник 3522,QA-03522,48200003522,4199,1,100,зелений,draft
Тестовий світильник 3523,QA-03523,48200003523,4699,2,50,сірий,draft
Тестовий світильник 3524,QA-03524,48200003524,5199,3,75,чорний,draft
Тестовий світильник 3525,QA-03525,48200003525,5699,4,100,зелений,draft
Тестовий світильник 3526,QA-03526,48200003526,3699,5,50,сірий,draft
Тестовий світильник 3527,QA-03527,48200003527,4199,6,75,чорний,draft
Тестовий світильник 3528,QA-03528,48200003528,4699,7,100,зелений,draft
Тестовий світильник 3529,QA-03529,48200003529,5199,8,50,сірий,draft
Тестовий світильник 3530,QA-03530,48200003530,5699,9,75,чорний,draft
Тестовий світильник 3531,QA-03531,48200003531,3699,10,100,зелений,draft
Тестовий світильник 3532,QA-03532,48200003532,4199,11,50,сірий,draft
Тестовий світильник 3533,QA-03533,48200003533,4699,12,75,чорний,draft
Тестовий світильник 3534,QA-03534,48200003534,5199,13,100,зелений,draft
Тестовий світильник 3535,QA-03535,48200003535,5699,14,50,сірий,draft
Тестовий світильник 3536,QA-03536,48200003536,3699,15,75,чорний,draft
Тестовий світильник 3537,QA-03537,48200003537,4199,16,100,зелений,draft
Тестовий світильник 3538,QA-03538,48200003538,4699,17,50,сірий,draft
Тестовий світильник 3539,QA-03539,48200003539,5199,18,75,чорний,draft
Тестовий світильник 3540,QA-03540,48200003540,5699,19,100,зелений,draft
Тестовий світильник 3541,QA-03541,48200003541,3699,0,50,сірий,draft
Тестовий світильник 3542,QA-03542,48200003542,4199,1,75,чорний,draft
Тестовий світильник 3543,QA-03543,48200003543,4699,2,100,зелений,draft
Тестовий світильник 3544,QA-03544,48200003544,5199,3,50,сірий,draft
Тестовий світильник 3545,QA-03545,48200003545,5699,4,75,чорний,draft
Тестовий світильник 3546,QA-03546,48200003546,3699,5,100,зелений,draft
Тестовий світильник 3547,QA-03547,48200003547,4199,6,50,сірий,draft
Тестовий світильник 3548,QA-03548,48200003548,4699,7,75,чорний,draft
Тестовий світильник 3549,QA-03549,48200003549,5199,8,100,зелений,draft
Тестовий світильник 3550,QA-03550,48200003550,5699,9,50,сірий,draft
Тестовий світильник 3551,QA-03551,48200003551,3699,10,75,чорний,draft
Тестовий світильник 3552,QA-03552,48200003552,4199,11,100,зелений,draft
Тестовий світильник 3553,QA-03553,48200003553,4699,12,50,сірий,draft
Тестовий світильник 3554,QA-03554,48200003554,5199,13,75,чорний,draft
Тестовий світильник 3555,QA-03555,48200003555,5699,14,100,зелений,draft
Тестовий світильник 3556,QA-03556,48200003556,3699,15,50,сірий,draft
Тестовий світильник 3557,QA-03557,48200003557,4199,16,75,чорний,draft
Тестовий світильник 3558,QA-03558,48200003558,4699,17,100,зелений,draft
Тестовий світильник 3559,QA-03559,48200003559,5199,18,50,сірий,draft
Тестовий світильник 3560,QA-03560,48200003560,5699,19,75,чорний,draft
Тестовий світильник 3561,QA-03561,48200003561,3699,0,100,зелений,draft
Тестовий світильник 3562,QA-03562,48200003562,4199,1,50,сірий,draft
Тестовий світильник 3563,QA-03563,48200003563,4699,2,75,чорний,draft
Тестовий світильник 3564,QA-03564,48200003564,5199,3,100,зелений,draft
Тестовий світильник 3565,QA-03565,48200003565,5699,4,50,сірий,draft
Тестовий світильник 3566,QA-03566,48200003566,3699,5,75,чорний,draft
Тестовий світильник 3567,QA-03567,48200003567,4199,6,100,зелений,draft
Тестовий світильник 3568,QA-03568,48200003568,4699,7,50,сірий,draft
Тестовий світильник 3569,QA-03569,48200003569,5199,8,75,чорний,draft
Тестовий світильник 3570,QA-03570,48200003570,5699,9,100,зелений,draft
Тестовий світильник 3571,QA-03571,48200003571,3699,10,50,сірий,draft
Тестовий світильник 3572,QA-03572,48200003572,4199,11,75,чорний,draft
Тестовий світильник 3573,QA-03573,48200003573,4699,12,100,зелений,draft
Тестовий світильник 3574,QA-03574,48200003574,5199,13,50,сірий,draft
Тестовий світильник 3575,QA-03575,48200003575,5699,14,75,чорний,draft
Тестовий світильник 3576,QA-03576,48200003576,3699,15,100,зелений,draft
Тестовий світильник 3577,QA-03577,48200003577,4199,16,50,сірий,draft
Тестовий світильник 3578,QA-03578,48200003578,4699,17,75,чорний,draft
Тестовий світильник 3579,QA-03579,48200003579,5199,18,100,зелений,draft
Тестовий світильник 3580,QA-03580,48200003580,5699,19,50,сірий,draft
Тестовий світильник 3581,QA-03581,48200003581,3699,0,75,чорний,draft
Тестовий світильник 3582,QA-03582,48200003582,4199,1,100,зелений,draft
Тестовий світильник 3583,QA-03583,48200003583,4699,2,50,сірий,draft
Тестовий світильник 3584,QA-03584,48200003584,5199,3,75,чорний,draft
Тестовий світильник 3585,QA-03585,48200003585,5699,4,100,зелений,draft
Тестовий світильник 3586,QA-03586,48200003586,3699,5,50,сірий,draft
Тестовий світильник 3587,QA-03587,48200003587,4199,6,75,чорний,draft
Тестовий світильник 3588,QA-03588,48200003588,4699,7,100,зелений,draft
Тестовий світильник 3589,QA-03589,48200003589,5199,8,50,сірий,draft
Тестовий світильник 3590,QA-03590,48200003590,5699,9,75,чорний,draft
Тестовий світильник 3591,QA-03591,48200003591,3699,10,100,зелений,draft
Тестовий світильник 3592,QA-03592,48200003592,4199,11,50,сірий,draft
Тестовий світильник 3593,QA-03593,48200003593,4699,12,75,чорний,draft
Тестовий світильник 3594,QA-03594,48200003594,5199,13,100,зелений,draft
Тестовий світильник 3595,QA-03595,48200003595,5699,14,50,сірий,draft
Тестовий світильник 3596,QA-03596,48200003596,3699,15,75,чорний,draft
Тестовий світильник 3597,QA-03597,48200003597,4199,16,100,зелений,draft
Тестовий світильник 3598,QA-03598,48200003598,4699,17,50,сірий,draft
Тестовий світильник 3599,QA-03599,48200003599,5199,18,75,чорний,draft
Тестовий світильник 3600,QA-03600,48200003600,5699,19,100,зелений,draft
Тестовий світильник 3601,QA-03601,48200003601,3699,0,50,сірий,draft
Тестовий світильник 3602,QA-03602,48200003602,4199,1,75,чорний,draft
Тестовий світильник 3603,QA-03603,48200003603,4699,2,100,зелений,draft
Тестовий світильник 3604,QA-03604,48200003604,5199,3,50,сірий,draft
Тестовий світильник 3605,QA-03605,48200003605,5699,4,75,чорний,draft
Тестовий світильник 3606,QA-03606,48200003606,3699,5,100,зелений,draft
Тестовий світильник 3607,QA-03607,48200003607,4199,6,50,сірий,draft
Тестовий світильник 3608,QA-03608,48200003608,4699,7,75,чорний,draft
Тестовий світильник 3609,QA-03609,48200003609,5199,8,100,зелений,draft
Тестовий світильник 3610,QA-03610,48200003610,5699,9,50,сірий,draft
Тестовий світильник 3611,QA-03611,48200003611,3699,10,75,чорний,draft
Тестовий світильник 3612,QA-03612,48200003612,4199,11,100,зелений,draft
Тестовий світильник 3613,QA-03613,48200003613,4699,12,50,сірий,draft
Тестовий світильник 3614,QA-03614,48200003614,5199,13,75,чорний,draft
Тестовий світильник 3615,QA-03615,48200003615,5699,14,100,зелений,draft
Тестовий світильник 3616,QA-03616,48200003616,3699,15,50,сірий,draft
Тестовий світильник 3617,QA-03617,48200003617,4199,16,75,чорний,draft
Тестовий світильник 3618,QA-03618,48200003618,4699,17,100,зелений,draft
Тестовий світильник 3619,QA-03619,48200003619,5199,18,50,сірий,draft
Тестовий світильник 3620,QA-03620,48200003620,5699,19,75,чорний,draft
Тестовий світильник 3621,QA-03621,48200003621,3699,0,100,зелений,draft
Тестовий світильник 3622,QA-03622,48200003622,4199,1,50,сірий,draft
Тестовий світильник 3623,QA-03623,48200003623,4699,2,75,чорний,draft
Тестовий світильник 3624,QA-03624,48200003624,5199,3,100,зелений,draft
Тестовий світильник 3625,QA-03625,48200003625,5699,4,50,сірий,draft
Тестовий світильник 3626,QA-03626,48200003626,3699,5,75,чорний,draft
Тестовий світильник 3627,QA-03627,48200003627,4199,6,100,зелений,draft
Тестовий світильник 3628,QA-03628,48200003628,4699,7,50,сірий,draft
Тестовий світильник 3629,QA-03629,48200003629,5199,8,75,чорний,draft
Тестовий світильник 3630,QA-03630,48200003630,5699,9,100,зелений,draft
Тестовий світильник 3631,QA-03631,48200003631,3699,10,50,сірий,draft
Тестовий світильник 3632,QA-03632,48200003632,4199,11,75,чорний,draft
Тестовий світильник 3633,QA-03633,48200003633,4699,12,100,зелений,draft
Тестовий світильник 3634,QA-03634,48200003634,5199,13,50,сірий,draft
Тестовий світильник 3635,QA-03635,48200003635,5699,14,75,чорний,draft
Тестовий світильник 3636,QA-03636,48200003636,3699,15,100,зелений,draft
Тестовий світильник 3637,QA-03637,48200003637,4199,16,50,сірий,draft
Тестовий світильник 3638,QA-03638,48200003638,4699,17,75,чорний,draft
Тестовий світильник 3639,QA-03639,48200003639,5199,18,100,зелений,draft
Тестовий світильник 3640,QA-03640,48200003640,5699,19,50,сірий,draft
Тестовий світильник 3641,QA-03641,48200003641,3699,0,75,чорний,draft
Тестовий світильник 3642,QA-03642,48200003642,4199,1,100,зелений,draft
Тестовий світильник 3643,QA-03643,48200003643,4699,2,50,сірий,draft
Тестовий світильник 3644,QA-03644,48200003644,5199,3,75,чорний,draft
Тестовий світильник 3645,QA-03645,48200003645,5699,4,100,зелений,draft
Тестовий світильник 3646,QA-03646,48200003646,3699,5,50,сірий,draft
Тестовий світильник 3647,QA-03647,48200003647,4199,6,75,чорний,draft
Тестовий світильник 3648,QA-03648,48200003648,4699,7,100,зелений,draft
Тестовий світильник 3649,QA-03649,48200003649,5199,8,50,сірий,draft
Тестовий світильник 3650,QA-03650,48200003650,5699,9,75,чорний,draft
Тестовий світильник 3651,QA-03651,48200003651,3699,10,100,зелений,draft
Тестовий світильник 3652,QA-03652,48200003652,4199,11,50,сірий,draft
Тестовий світильник 3653,QA-03653,48200003653,4699,12,75,чорний,draft
Тестовий світильник 3654,QA-03654,48200003654,5199,13,100,зелений,draft
Тестовий світильник 3655,QA-03655,48200003655,5699,14,50,сірий,draft
Тестовий світильник 3656,QA-03656,48200003656,3699,15,75,чорний,draft
Тестовий світильник 3657,QA-03657,48200003657,4199,16,100,зелений,draft
Тестовий світильник 3658,QA-03658,48200003658,4699,17,50,сірий,draft
Тестовий світильник 3659,QA-03659,48200003659,5199,18,75,чорний,draft
Тестовий світильник 3660,QA-03660,48200003660,5699,19,100,зелений,draft
Тестовий світильник 3661,QA-03661,48200003661,3699,0,50,сірий,draft
Тестовий світильник 3662,QA-03662,48200003662,4199,1,75,чорний,draft
Тестовий світильник 3663,QA-03663,48200003663,4699,2,100,зелений,draft
Тестовий світильник 3664,QA-03664,48200003664,5199,3,50,сірий,draft
Тестовий світильник 3665,QA-03665,48200003665,5699,4,75,чорний,draft
Тестовий світильник 3666,QA-03666,48200003666,3699,5,100,зелений,draft
Тестовий світильник 3667,QA-03667,48200003667,4199,6,50,сірий,draft
Тестовий світильник 3668,QA-03668,48200003668,4699,7,75,чорний,draft
Тестовий світильник 3669,QA-03669,48200003669,5199,8,100,зелений,draft
Тестовий світильник 3670,QA-03670,48200003670,5699,9,50,сірий,draft
Тестовий світильник 3671,QA-03671,48200003671,3699,10,75,чорний,draft
Тестовий світильник 3672,QA-03672,48200003672,4199,11,100,зелений,draft
Тестовий світильник 3673,QA-03673,48200003673,4699,12,50,сірий,draft
Тестовий світильник 3674,QA-03674,48200003674,5199,13,75,чорний,draft
Тестовий світильник 3675,QA-03675,48200003675,5699,14,100,зелений,draft
Тестовий світильник 3676,QA-03676,48200003676,3699,15,50,сірий,draft
Тестовий світильник 3677,QA-03677,48200003677,4199,16,75,чорний,draft
Тестовий світильник 3678,QA-03678,48200003678,4699,17,100,зелений,draft
Тестовий світильник 3679,QA-03679,48200003679,5199,18,50,сірий,draft
Тестовий світильник 3680,QA-03680,48200003680,5699,19,75,чорний,draft
Тестовий світильник 3681,QA-03681,48200003681,3699,0,100,зелений,draft
Тестовий світильник 3682,QA-03682,48200003682,4199,1,50,сірий,draft
Тестовий світильник 3683,QA-03683,48200003683,4699,2,75,чорний,draft
Тестовий світильник 3684,QA-03684,48200003684,5199,3,100,зелений,draft
Тестовий світильник 3685,QA-03685,48200003685,5699,4,50,сірий,draft
Тестовий світильник 3686,QA-03686,48200003686,3699,5,75,чорний,draft
Тестовий світильник 3687,QA-03687,48200003687,4199,6,100,зелений,draft
Тестовий світильник 3688,QA-03688,48200003688,4699,7,50,сірий,draft
Тестовий світильник 3689,QA-03689,48200003689,5199,8,75,чорний,draft
Тестовий світильник 3690,QA-03690,48200003690,5699,9,100,зелений,draft
Тестовий світильник 3691,QA-03691,48200003691,3699,10,50,сірий,draft
Тестовий світильник 3692,QA-03692,48200003692,4199,11,75,чорний,draft
Тестовий світильник 3693,QA-03693,48200003693,4699,12,100,зелений,draft
Тестовий світильник 3694,QA-03694,48200003694,5199,13,50,сірий,draft
Тестовий світильник 3695,QA-03695,48200003695,5699,14,75,чорний,draft
Тестовий світильник 3696,QA-03696,48200003696,3699,15,100,зелений,draft
Тестовий світильник 3697,QA-03697,48200003697,4199,16,50,сірий,draft
Тестовий світильник 3698,QA-03698,48200003698,4699,17,75,чорний,draft
Тестовий світильник 3699,QA-03699,48200003699,5199,18,100,зелений,draft
Тестовий світильник 3700,QA-03700,48200003700,5699,19,50,сірий,draft
Тестовий світильник 3701,QA-03701,48200003701,3699,0,75,чорний,draft
Тестовий світильник 3702,QA-03702,48200003702,4199,1,100,зелений,draft
Тестовий світильник 3703,QA-03703,48200003703,4699,2,50,сірий,draft
Тестовий світильник 3704,QA-03704,48200003704,5199,3,75,чорний,draft
Тестовий світильник 3705,QA-03705,48200003705,5699,4,100,зелений,draft
Тестовий світильник 3706,QA-03706,48200003706,3699,5,50,сірий,draft
Тестовий світильник 3707,QA-03707,48200003707,4199,6,75,чорний,draft
Тестовий світильник 3708,QA-03708,48200003708,4699,7,100,зелений,draft
Тестовий світильник 3709,QA-03709,48200003709,5199,8,50,сірий,draft
Тестовий світильник 3710,QA-03710,48200003710,5699,9,75,чорний,draft
Тестовий світильник 3711,QA-03711,48200003711,3699,10,100,зелений,draft
Тестовий світильник 3712,QA-03712,48200003712,4199,11,50,сірий,draft
Тестовий світильник 3713,QA-03713,48200003713,4699,12,75,чорний,draft
Тестовий світильник 3714,QA-03714,48200003714,5199,13,100,зелений,draft
Тестовий світильник 3715,QA-03715,48200003715,5699,14,50,сірий,draft
Тестовий світильник 3716,QA-03716,48200003716,3699,15,75,чорний,draft
Тестовий світильник 3717,QA-03717,48200003717,4199,16,100,зелений,draft
Тестовий світильник 3718,QA-03718,48200003718,4699,17,50,сірий,draft
Тестовий світильник 3719,QA-03719,48200003719,5199,18,75,чорний,draft
Тестовий світильник 3720,QA-03720,48200003720,5699,19,100,зелений,draft
Тестовий світильник 3721,QA-03721,48200003721,3699,0,50,сірий,draft
Тестовий світильник 3722,QA-03722,48200003722,4199,1,75,чорний,draft
Тестовий світильник 3723,QA-03723,48200003723,4699,2,100,зелений,draft
Тестовий світильник 3724,QA-03724,48200003724,5199,3,50,сірий,draft
Тестовий світильник 3725,QA-03725,48200003725,5699,4,75,чорний,draft
Тестовий світильник 3726,QA-03726,48200003726,3699,5,100,зелений,draft
Тестовий світильник 3727,QA-03727,48200003727,4199,6,50,сірий,draft
Тестовий світильник 3728,QA-03728,48200003728,4699,7,75,чорний,draft
Тестовий світильник 3729,QA-03729,48200003729,5199,8,100,зелений,draft
Тестовий світильник 3730,QA-03730,48200003730,5699,9,50,сірий,draft
Тестовий світильник 3731,QA-03731,48200003731,3699,10,75,чорний,draft
Тестовий світильник 3732,QA-03732,48200003732,4199,11,100,зелений,draft
Тестовий світильник 3733,QA-03733,48200003733,4699,12,50,сірий,draft
Тестовий світильник 3734,QA-03734,48200003734,5199,13,75,чорний,draft
Тестовий світильник 3735,QA-03735,48200003735,5699,14,100,зелений,draft
Тестовий світильник 3736,QA-03736,48200003736,3699,15,50,сірий,draft
Тестовий світильник 3737,QA-03737,48200003737,4199,16,75,чорний,draft
Тестовий світильник 3738,QA-03738,48200003738,4699,17,100,зелений,draft
Тестовий світильник 3739,QA-03739,48200003739,5199,18,50,сірий,draft
Тестовий світильник 3740,QA-03740,48200003740,5699,19,75,чорний,draft
Тестовий світильник 3741,QA-03741,48200003741,3699,0,100,зелений,draft
Тестовий світильник 3742,QA-03742,48200003742,4199,1,50,сірий,draft
Тестовий світильник 3743,QA-03743,48200003743,4699,2,75,чорний,draft
Тестовий світильник 3744,QA-03744,48200003744,5199,3,100,зелений,draft
Тестовий світильник 3745,QA-03745,48200003745,5699,4,50,сірий,draft
Тестовий світильник 3746,QA-03746,48200003746,3699,5,75,чорний,draft
Тестовий світильник 3747,QA-03747,48200003747,4199,6,100,зелений,draft
Тестовий світильник 3748,QA-03748,48200003748,4699,7,50,сірий,draft
Тестовий світильник 3749,QA-03749,48200003749,5199,8,75,чорний,draft
Тестовий світильник 3750,QA-03750,48200003750,5699,9,100,зелений,draft
Тестовий світильник 3751,QA-03751,48200003751,3699,10,50,сірий,draft
Тестовий світильник 3752,QA-03752,48200003752,4199,11,75,чорний,draft
Тестовий світильник 3753,QA-03753,48200003753,4699,12,100,зелений,draft
Тестовий світильник 3754,QA-03754,48200003754,5199,13,50,сірий,draft
Тестовий світильник 3755,QA-03755,48200003755,5699,14,75,чорний,draft
Тестовий світильник 3756,QA-03756,48200003756,3699,15,100,зелений,draft
Тестовий світильник 3757,QA-03757,48200003757,4199,16,50,сірий,draft
Тестовий світильник 3758,QA-03758,48200003758,4699,17,75,чорний,draft
Тестовий світильник 3759,QA-03759,48200003759,5199,18,100,зелений,draft
Тестовий світильник 3760,QA-03760,48200003760,5699,19,50,сірий,draft
Тестовий світильник 3761,QA-03761,48200003761,3699,0,75,чорний,draft
Тестовий світильник 3762,QA-03762,48200003762,4199,1,100,зелений,draft
Тестовий світильник 3763,QA-03763,48200003763,4699,2,50,сірий,draft
Тестовий світильник 3764,QA-03764,48200003764,5199,3,75,чорний,draft
Тестовий світильник 3765,QA-03765,48200003765,5699,4,100,зелений,draft
Тестовий світильник 3766,QA-03766,48200003766,3699,5,50,сірий,draft
Тестовий світильник 3767,QA-03767,48200003767,4199,6,75,чорний,draft
Тестовий світильник 3768,QA-03768,48200003768,4699,7,100,зелений,draft
Тестовий світильник 3769,QA-03769,48200003769,5199,8,50,сірий,draft
Тестовий світильник 3770,QA-03770,48200003770,5699,9,75,чорний,draft
Тестовий світильник 3771,QA-03771,48200003771,3699,10,100,зелений,draft
Тестовий світильник 3772,QA-03772,48200003772,4199,11,50,сірий,draft
Тестовий світильник 3773,QA-03773,48200003773,4699,12,75,чорний,draft
Тестовий світильник 3774,QA-03774,48200003774,5199,13,100,зелений,draft
Тестовий світильник 3775,QA-03775,48200003775,5699,14,50,сірий,draft
Тестовий світильник 3776,QA-03776,48200003776,3699,15,75,чорний,draft
Тестовий світильник 3777,QA-03777,48200003777,4199,16,100,зелений,draft
Тестовий світильник 3778,QA-03778,48200003778,4699,17,50,сірий,draft
Тестовий світильник 3779,QA-03779,48200003779,5199,18,75,чорний,draft
Тестовий світильник 3780,QA-03780,48200003780,5699,19,100,зелений,draft
Тестовий світильник 3781,QA-03781,48200003781,3699,0,50,сірий,draft
Тестовий світильник 3782,QA-03782,48200003782,4199,1,75,чорний,draft
Тестовий світильник 3783,QA-03783,48200003783,4699,2,100,зелений,draft
Тестовий світильник 3784,QA-03784,48200003784,5199,3,50,сірий,draft
Тестовий світильник 3785,QA-03785,48200003785,5699,4,75,чорний,draft
Тестовий світильник 3786,QA-03786,48200003786,3699,5,100,зелений,draft
Тестовий світильник 3787,QA-03787,48200003787,4199,6,50,сірий,draft
Тестовий світильник 3788,QA-03788,48200003788,4699,7,75,чорний,draft
Тестовий світильник 3789,QA-03789,48200003789,5199,8,100,зелений,draft
Тестовий світильник 3790,QA-03790,48200003790,5699,9,50,сірий,draft
Тестовий світильник 3791,QA-03791,48200003791,3699,10,75,чорний,draft
Тестовий світильник 3792,QA-03792,48200003792,4199,11,100,зелений,draft
Тестовий світильник 3793,QA-03793,48200003793,4699,12,50,сірий,draft
Тестовий світильник 3794,QA-03794,48200003794,5199,13,75,чорний,draft
Тестовий світильник 3795,QA-03795,48200003795,5699,14,100,зелений,draft
Тестовий світильник 3796,QA-03796,48200003796,3699,15,50,сірий,draft
Тестовий світильник 3797,QA-03797,48200003797,4199,16,75,чорний,draft
Тестовий світильник 3798,QA-03798,48200003798,4699,17,100,зелений,draft
Тестовий світильник 3799,QA-03799,48200003799,5199,18,50,сірий,draft
Тестовий світильник 3800,QA-03800,48200003800,5699,19,75,чорний,draft
Тестовий світильник 3801,QA-03801,48200003801,3699,0,100,зелений,draft
Тестовий світильник 3802,QA-03802,48200003802,4199,1,50,сірий,draft
Тестовий світильник 3803,QA-03803,48200003803,4699,2,75,чорний,draft
Тестовий світильник 3804,QA-03804,48200003804,5199,3,100,зелений,draft
Тестовий світильник 3805,QA-03805,48200003805,5699,4,50,сірий,draft
Тестовий світильник 3806,QA-03806,48200003806,3699,5,75,чорний,draft
Тестовий світильник 3807,QA-03807,48200003807,4199,6,100,зелений,draft
Тестовий світильник 3808,QA-03808,48200003808,4699,7,50,сірий,draft
Тестовий світильник 3809,QA-03809,48200003809,5199,8,75,чорний,draft
Тестовий світильник 3810,QA-03810,48200003810,5699,9,100,зелений,draft
Тестовий світильник 3811,QA-03811,48200003811,3699,10,50,сірий,draft
Тестовий світильник 3812,QA-03812,48200003812,4199,11,75,чорний,draft
Тестовий світильник 3813,QA-03813,48200003813,4699,12,100,зелений,draft
Тестовий світильник 3814,QA-03814,48200003814,5199,13,50,сірий,draft
Тестовий світильник 3815,QA-03815,48200003815,5699,14,75,чорний,draft
Тестовий світильник 3816,QA-03816,48200003816,3699,15,100,зелений,draft
Тестовий світильник 3817,QA-03817,48200003817,4199,16,50,сірий,draft
Тестовий світильник 3818,QA-03818,48200003818,4699,17,75,чорний,draft
Тестовий світильник 3819,QA-03819,48200003819,5199,18,100,зелений,draft
Тестовий світильник 3820,QA-03820,48200003820,5699,19,50,сірий,draft
Тестовий світильник 3821,QA-03821,48200003821,3699,0,75,чорний,draft
Тестовий світильник 3822,QA-03822,48200003822,4199,1,100,зелений,draft
Тестовий світильник 3823,QA-03823,48200003823,4699,2,50,сірий,draft
Тестовий світильник 3824,QA-03824,48200003824,5199,3,75,чорний,draft
Тестовий світильник 3825,QA-03825,48200003825,5699,4,100,зелений,draft
Тестовий світильник 3826,QA-03826,48200003826,3699,5,50,сірий,draft
Тестовий світильник 3827,QA-03827,48200003827,4199,6,75,чорний,draft
Тестовий світильник 3828,QA-03828,48200003828,4699,7,100,зелений,draft
Тестовий світильник 3829,QA-03829,48200003829,5199,8,50,сірий,draft
Тестовий світильник 3830,QA-03830,48200003830,5699,9,75,чорний,draft
Тестовий світильник 3831,QA-03831,48200003831,3699,10,100,зелений,draft
Тестовий світильник 3832,QA-03832,48200003832,4199,11,50,сірий,draft
Тестовий світильник 3833,QA-03833,48200003833,4699,12,75,чорний,draft
Тестовий світильник 3834,QA-03834,48200003834,5199,13,100,зелений,draft
Тестовий світильник 3835,QA-03835,48200003835,5699,14,50,сірий,draft
Тестовий світильник 3836,QA-03836,48200003836,3699,15,75,чорний,draft
Тестовий світильник 3837,QA-03837,48200003837,4199,16,100,зелений,draft
Тестовий світильник 3838,QA-03838,48200003838,4699,17,50,сірий,draft
Тестовий світильник 3839,QA-03839,48200003839,5199,18,75,чорний,draft
Тестовий світильник 3840,QA-03840,48200003840,5699,19,100,зелений,draft
Тестовий світильник 3841,QA-03841,48200003841,3699,0,50,сірий,draft
Тестовий світильник 3842,QA-03842,48200003842,4199,1,75,чорний,draft
Тестовий світильник 3843,QA-03843,48200003843,4699,2,100,зелений,draft
Тестовий світильник 3844,QA-03844,48200003844,5199,3,50,сірий,draft
Тестовий світильник 3845,QA-03845,48200003845,5699,4,75,чорний,draft
Тестовий світильник 3846,QA-03846,48200003846,3699,5,100,зелений,draft
Тестовий світильник 3847,QA-03847,48200003847,4199,6,50,сірий,draft
Тестовий світильник 3848,QA-03848,48200003848,4699,7,75,чорний,draft
Тестовий світильник 3849,QA-03849,48200003849,5199,8,100,зелений,draft
Тестовий світильник 3850,QA-03850,48200003850,5699,9,50,сірий,draft
Тестовий світильник 3851,QA-03851,48200003851,3699,10,75,чорний,draft
Тестовий світильник 3852,QA-03852,48200003852,4199,11,100,зелений,draft
Тестовий світильник 3853,QA-03853,48200003853,4699,12,50,сірий,draft
Тестовий світильник 3854,QA-03854,48200003854,5199,13,75,чорний,draft
Тестовий світильник 3855,QA-03855,48200003855,5699,14,100,зелений,draft
Тестовий світильник 3856,QA-03856,48200003856,3699,15,50,сірий,draft
Тестовий світильник 3857,QA-03857,48200003857,4199,16,75,чорний,draft
Тестовий світильник 3858,QA-03858,48200003858,4699,17,100,зелений,draft
Тестовий світильник 3859,QA-03859,48200003859,5199,18,50,сірий,draft
Тестовий світильник 3860,QA-03860,48200003860,5699,19,75,чорний,draft
Тестовий світильник 3861,QA-03861,48200003861,3699,0,100,зелений,draft
Тестовий світильник 3862,QA-03862,48200003862,4199,1,50,сірий,draft
Тестовий світильник 3863,QA-03863,48200003863,4699,2,75,чорний,draft
Тестовий світильник 3864,QA-03864,48200003864,5199,3,100,зелений,draft
Тестовий світильник 3865,QA-03865,48200003865,5699,4,50,сірий,draft
Тестовий світильник 3866,QA-03866,48200003866,3699,5,75,чорний,draft
Тестовий світильник 3867,QA-03867,48200003867,4199,6,100,зелений,draft
Тестовий світильник 3868,QA-03868,48200003868,4699,7,50,сірий,draft
Тестовий світильник 3869,QA-03869,48200003869,5199,8,75,чорний,draft
Тестовий світильник 3870,QA-03870,48200003870,5699,9,100,зелений,draft
Тестовий світильник 3871,QA-03871,48200003871,3699,10,50,сірий,draft
Тестовий світильник 3872,QA-03872,48200003872,4199,11,75,чорний,draft
Тестовий світильник 3873,QA-03873,48200003873,4699,12,100,зелений,draft
Тестовий світильник 3874,QA-03874,48200003874,5199,13,50,сірий,draft
Тестовий світильник 3875,QA-03875,48200003875,5699,14,75,чорний,draft
Тестовий світильник 3876,QA-03876,48200003876,3699,15,100,зелений,draft
Тестовий світильник 3877,QA-03877,48200003877,4199,16,50,сірий,draft
Тестовий світильник 3878,QA-03878,48200003878,4699,17,75,чорний,draft
Тестовий світильник 3879,QA-03879,48200003879,5199,18,100,зелений,draft
Тестовий світильник 3880,QA-03880,48200003880,5699,19,50,сірий,draft
Тестовий світильник 3881,QA-03881,48200003881,3699,0,75,чорний,draft
Тестовий світильник 3882,QA-03882,48200003882,4199,1,100,зелений,draft
Тестовий світильник 3883,QA-03883,48200003883,4699,2,50,сірий,draft
Тестовий світильник 3884,QA-03884,48200003884,5199,3,75,чорний,draft
Тестовий світильник 3885,QA-03885,48200003885,5699,4,100,зелений,draft
Тестовий світильник 3886,QA-03886,48200003886,3699,5,50,сірий,draft
Тестовий світильник 3887,QA-03887,48200003887,4199,6,75,чорний,draft
Тестовий світильник 3888,QA-03888,48200003888,4699,7,100,зелений,draft
Тестовий світильник 3889,QA-03889,48200003889,5199,8,50,сірий,draft
Тестовий світильник 3890,QA-03890,48200003890,5699,9,75,чорний,draft
Тестовий світильник 3891,QA-03891,48200003891,3699,10,100,зелений,draft
Тестовий світильник 3892,QA-03892,48200003892,4199,11,50,сірий,draft
Тестовий світильник 3893,QA-03893,48200003893,4699,12,75,чорний,draft
Тестовий світильник 3894,QA-03894,48200003894,5199,13,100,зелений,draft
Тестовий світильник 3895,QA-03895,48200003895,5699,14,50,сірий,draft
Тестовий світильник 3896,QA-03896,48200003896,3699,15,75,чорний,draft
Тестовий світильник 3897,QA-03897,48200003897,4199,16,100,зелений,draft
Тестовий світильник 3898,QA-03898,48200003898,4699,17,50,сірий,draft
Тестовий світильник 3899,QA-03899,48200003899,5199,18,75,чорний,draft
Тестовий світильник 3900,QA-03900,48200003900,5699,19,100,зелений,draft
Тестовий світильник 3901,QA-03901,48200003901,3699,0,50,сірий,draft
Тестовий світильник 3902,QA-03902,48200003902,4199,1,75,чорний,draft
Тестовий світильник 3903,QA-03903,48200003903,4699,2,100,зелений,draft
Тестовий світильник 3904,QA-03904,48200003904,5199,3,50,сірий,draft
Тестовий світильник 3905,QA-03905,48200003905,5699,4,75,чорний,draft
Тестовий світильник 3906,QA-03906,48200003906,3699,5,100,зелений,draft
Тестовий світильник 3907,QA-03907,48200003907,4199,6,50,сірий,draft
Тестовий світильник 3908,QA-03908,48200003908,4699,7,75,чорний,draft
Тестовий світильник 3909,QA-03909,48200003909,5199,8,100,зелений,draft
Тестовий світильник 3910,QA-03910,48200003910,5699,9,50,сірий,draft
Тестовий світильник 3911,QA-03911,48200003911,3699,10,75,чорний,draft
Тестовий світильник 3912,QA-03912,48200003912,4199,11,100,зелений,draft
Тестовий світильник 3913,QA-03913,48200003913,4699,12,50,сірий,draft
Тестовий світильник 3914,QA-03914,48200003914,5199,13,75,чорний,draft
Тестовий світильник 3915,QA-03915,48200003915,5699,14,100,зелений,draft
Тестовий світильник 3916,QA-03916,48200003916,3699,15,50,сірий,draft
Тестовий світильник 3917,QA-03917,48200003917,4199,16,75,чорний,draft
Тестовий світильник 3918,QA-03918,48200003918,4699,17,100,зелений,draft
Тестовий світильник 3919,QA-03919,48200003919,5199,18,50,сірий,draft
Тестовий світильник 3920,QA-03920,48200003920,5699,19,75,чорний,draft
Тестовий світильник 3921,QA-03921,48200003921,3699,0,100,зелений,draft
Тестовий світильник 3922,QA-03922,48200003922,4199,1,50,сірий,draft
Тестовий світильник 3923,QA-03923,48200003923,4699,2,75,чорний,draft
Тестовий світильник 3924,QA-03924,48200003924,5199,3,100,зелений,draft
Тестовий світильник 3925,QA-03925,48200003925,5699,4,50,сірий,draft
Тестовий світильник 3926,QA-03926,48200003926,3699,5,75,чорний,draft
Тестовий світильник 3927,QA-03927,48200003927,4199,6,100,зелений,draft
Тестовий світильник 3928,QA-03928,48200003928,4699,7,50,сірий,draft
Тестовий світильник 3929,QA-03929,48200003929,5199,8,75,чорний,draft
Тестовий світильник 3930,QA-03930,48200003930,5699,9,100,зелений,draft
Тестовий світильник 3931,QA-03931,48200003931,3699,10,50,сірий,draft
Тестовий світильник 3932,QA-03932,48200003932,4199,11,75,чорний,draft
Тестовий світильник 3933,QA-03933,48200003933,4699,12,100,зелений,draft
Тестовий світильник 3934,QA-03934,48200003934,5199,13,50,сірий,draft
Тестовий світильник 3935,QA-03935,48200003935,5699,14,75,чорний,draft
Тестовий світильник 3936,QA-03936,48200003936,3699,15,100,зелений,draft
Тестовий світильник 3937,QA-03937,48200003937,4199,16,50,сірий,draft
Тестовий світильник 3938,QA-03938,48200003938,4699,17,75,чорний,draft
Тестовий світильник 3939,QA-03939,48200003939,5199,18,100,зелений,draft
Тестовий світильник 3940,QA-03940,48200003940,5699,19,50,сірий,draft
Тестовий світильник 3941,QA-03941,48200003941,3699,0,75,чорний,draft
Тестовий світильник 3942,QA-03942,48200003942,4199,1,100,зелений,draft
Тестовий світильник 3943,QA-03943,48200003943,4699,2,50,сірий,draft
Тестовий світильник 3944,QA-03944,48200003944,5199,3,75,чорний,draft
Тестовий світильник 3945,QA-03945,48200003945,5699,4,100,зелений,draft
Тестовий світильник 3946,QA-03946,48200003946,3699,5,50,сірий,draft
Тестовий світильник 3947,QA-03947,48200003947,4199,6,75,чорний,draft
Тестовий світильник 3948,QA-03948,48200003948,4699,7,100,зелений,draft
Тестовий світильник 3949,QA-03949,48200003949,5199,8,50,сірий,draft
Тестовий світильник 3950,QA-03950,48200003950,5699,9,75,чорний,draft
Тестовий світильник 3951,QA-03951,48200003951,3699,10,100,зелений,draft
Тестовий світильник 3952,QA-03952,48200003952,4199,11,50,сірий,draft
Тестовий світильник 3953,QA-03953,48200003953,4699,12,75,чорний,draft
Тестовий світильник 3954,QA-03954,48200003954,5199,13,100,зелений,draft
Тестовий світильник 3955,QA-03955,48200003955,5699,14,50,сірий,draft
Тестовий світильник 3956,QA-03956,48200003956,3699,15,75,чорний,draft
Тестовий світильник 3957,QA-03957,48200003957,4199,16,100,зелений,draft
Тестовий світильник 3958,QA-03958,48200003958,4699,17,50,сірий,draft
Тестовий світильник 3959,QA-03959,48200003959,5199,18,75,чорний,draft
Тестовий світильник 3960,QA-03960,48200003960,5699,19,100,зелений,draft
Тестовий світильник 3961,QA-03961,48200003961,3699,0,50,сірий,draft
Тестовий світильник 3962,QA-03962,48200003962,4199,1,75,чорний,draft
Тестовий світильник 3963,QA-03963,48200003963,4699,2,100,зелений,draft
Тестовий світильник 3964,QA-03964,48200003964,5199,3,50,сірий,draft
Тестовий світильник 3965,QA-03965,48200003965,5699,4,75,чорний,draft
Тестовий світильник 3966,QA-03966,48200003966,3699,5,100,зелений,draft
Тестовий світильник 3967,QA-03967,48200003967,4199,6,50,сірий,draft
Тестовий світильник 3968,QA-03968,48200003968,4699,7,75,чорний,draft
Тестовий світильник 3969,QA-03969,48200003969,5199,8,100,зелений,draft
Тестовий світильник 3970,QA-03970,48200003970,5699,9,50,сірий,draft
Тестовий світильник 3971,QA-03971,48200003971,3699,10,75,чорний,draft
Тестовий світильник 3972,QA-03972,48200003972,4199,11,100,зелений,draft
Тестовий світильник 3973,QA-03973,48200003973,4699,12,50,сірий,draft
Тестовий світильник 3974,QA-03974,48200003974,5199,13,75,чорний,draft
Тестовий світильник 3975,QA-03975,48200003975,5699,14,100,зелений,draft
Тестовий світильник 3976,QA-03976,48200003976,3699,15,50,сірий,draft
Тестовий світильник 3977,QA-03977,48200003977,4199,16,75,чорний,draft
Тестовий світильник 3978,QA-03978,48200003978,4699,17,100,зелений,draft
Тестовий світильник 3979,QA-03979,48200003979,5199,18,50,сірий,draft
Тестовий світильник 3980,QA-03980,48200003980,5699,19,75,чорний,draft
Тестовий світильник 3981,QA-03981,48200003981,3699,0,100,зелений,draft
Тестовий світильник 3982,QA-03982,48200003982,4199,1,50,сірий,draft
Тестовий світильник 3983,QA-03983,48200003983,4699,2,75,чорний,draft
Тестовий світильник 3984,QA-03984,48200003984,5199,3,100,зелений,draft
Тестовий світильник 3985,QA-03985,48200003985,5699,4,50,сірий,draft
Тестовий світильник 3986,QA-03986,48200003986,3699,5,75,чорний,draft
Тестовий світильник 3987,QA-03987,48200003987,4199,6,100,зелений,draft
Тестовий світильник 3988,QA-03988,48200003988,4699,7,50,сірий,draft
Тестовий світильник 3989,QA-03989,48200003989,5199,8,75,чорний,draft
Тестовий світильник 3990,QA-03990,48200003990,5699,9,100,зелений,draft
Тестовий світильник 3991,QA-03991,48200003991,3699,10,50,сірий,draft
Тестовий світильник 3992,QA-03992,48200003992,4199,11,75,чорний,draft
Тестовий світильник 3993,QA-03993,48200003993,4699,12,100,зелений,draft
Тестовий світильник 3994,QA-03994,48200003994,5199,13,50,сірий,draft
Тестовий світильник 3995,QA-03995,48200003995,5699,14,75,чорний,draft
Тестовий світильник 3996,QA-03996,48200003996,3699,15,100,зелений,draft
Тестовий світильник 3997,QA-03997,48200003997,4199,16,50,сірий,draft
Тестовий світильник 3998,QA-03998,48200003998,4699,17,75,чорний,draft
Тестовий світильник 3999,QA-03999,48200003999,5199,18,100,зелений,draft
Тестовий світильник 4000,QA-04000,48200004000,5699,19,50,сірий,draft
Тестовий світильник 4001,QA-04001,48200004001,3699,0,75,чорний,draft
Тестовий світильник 4002,QA-04002,48200004002,4199,1,100,зелений,draft
Тестовий світильник 4003,QA-04003,48200004003,4699,2,50,сірий,draft
Тестовий світильник 4004,QA-04004,48200004004,5199,3,75,чорний,draft
Тестовий світильник 4005,QA-04005,48200004005,5699,4,100,зелений,draft
Тестовий світильник 4006,QA-04006,48200004006,3699,5,50,сірий,draft
Тестовий світильник 4007,QA-04007,48200004007,4199,6,75,чорний,draft
Тестовий світильник 4008,QA-04008,48200004008,4699,7,100,зелений,draft
Тестовий світильник 4009,QA-04009,48200004009,5199,8,50,сірий,draft
Тестовий світильник 4010,QA-04010,48200004010,5699,9,75,чорний,draft
Тестовий світильник 4011,QA-04011,48200004011,3699,10,100,зелений,draft
Тестовий світильник 4012,QA-04012,48200004012,4199,11,50,сірий,draft
Тестовий світильник 4013,QA-04013,48200004013,4699,12,75,чорний,draft
Тестовий світильник 4014,QA-04014,48200004014,5199,13,100,зелений,draft
Тестовий світильник 4015,QA-04015,48200004015,5699,14,50,сірий,draft
Тестовий світильник 4016,QA-04016,48200004016,3699,15,75,чорний,draft
Тестовий світильник 4017,QA-04017,48200004017,4199,16,100,зелений,draft
Тестовий світильник 4018,QA-04018,48200004018,4699,17,50,сірий,draft
Тестовий світильник 4019,QA-04019,48200004019,5199,18,75,чорний,draft
Тестовий світильник 4020,QA-04020,48200004020,5699,19,100,зелений,draft
Тестовий світильник 4021,QA-04021,48200004021,3699,0,50,сірий,draft
Тестовий світильник 4022,QA-04022,48200004022,4199,1,75,чорний,draft
Тестовий світильник 4023,QA-04023,48200004023,4699,2,100,зелений,draft
Тестовий світильник 4024,QA-04024,48200004024,5199,3,50,сірий,draft
Тестовий світильник 4025,QA-04025,48200004025,5699,4,75,чорний,draft
Тестовий світильник 4026,QA-04026,48200004026,3699,5,100,зелений,draft
Тестовий світильник 4027,QA-04027,48200004027,4199,6,50,сірий,draft
Тестовий світильник 4028,QA-04028,48200004028,4699,7,75,чорний,draft
Тестовий світильник 4029,QA-04029,48200004029,5199,8,100,зелений,draft
Тестовий світильник 4030,QA-04030,48200004030,5699,9,50,сірий,draft
Тестовий світильник 4031,QA-04031,48200004031,3699,10,75,чорний,draft
Тестовий світильник 4032,QA-04032,48200004032,4199,11,100,зелений,draft
Тестовий світильник 4033,QA-04033,48200004033,4699,12,50,сірий,draft
Тестовий світильник 4034,QA-04034,48200004034,5199,13,75,чорний,draft
Тестовий світильник 4035,QA-04035,48200004035,5699,14,100,зелений,draft
Тестовий світильник 4036,QA-04036,48200004036,3699,15,50,сірий,draft
Тестовий світильник 4037,QA-04037,48200004037,4199,16,75,чорний,draft
Тестовий світильник 4038,QA-04038,48200004038,4699,17,100,зелений,draft
Тестовий світильник 4039,QA-04039,48200004039,5199,18,50,сірий,draft
Тестовий світильник 4040,QA-04040,48200004040,5699,19,75,чорний,draft
Тестовий світильник 4041,QA-04041,48200004041,3699,0,100,зелений,draft
Тестовий світильник 4042,QA-04042,48200004042,4199,1,50,сірий,draft
Тестовий світильник 4043,QA-04043,48200004043,4699,2,75,чорний,draft
Тестовий світильник 4044,QA-04044,48200004044,5199,3,100,зелений,draft
Тестовий світильник 4045,QA-04045,48200004045,5699,4,50,сірий,draft
Тестовий світильник 4046,QA-04046,48200004046,3699,5,75,чорний,draft
Тестовий світильник 4047,QA-04047,48200004047,4199,6,100,зелений,draft
Тестовий світильник 4048,QA-04048,48200004048,4699,7,50,сірий,draft
Тестовий світильник 4049,QA-04049,48200004049,5199,8,75,чорний,draft
Тестовий світильник 4050,QA-04050,48200004050,5699,9,100,зелений,draft
Тестовий світильник 4051,QA-04051,48200004051,3699,10,50,сірий,draft
Тестовий світильник 4052,QA-04052,48200004052,4199,11,75,чорний,draft
Тестовий світильник 4053,QA-04053,48200004053,4699,12,100,зелений,draft
Тестовий світильник 4054,QA-04054,48200004054,5199,13,50,сірий,draft
Тестовий світильник 4055,QA-04055,48200004055,5699,14,75,чорний,draft
Тестовий світильник 4056,QA-04056,48200004056,3699,15,100,зелений,draft
Тестовий світильник 4057,QA-04057,48200004057,4199,16,50,сірий,draft
Тестовий світильник 4058,QA-04058,48200004058,4699,17,75,чорний,draft
Тестовий світильник 4059,QA-04059,48200004059,5199,18,100,зелений,draft
Тестовий світильник 4060,QA-04060,48200004060,5699,19,50,сірий,draft
Тестовий світильник 4061,QA-04061,48200004061,3699,0,75,чорний,draft
Тестовий світильник 4062,QA-04062,48200004062,4199,1,100,зелений,draft
Тестовий світильник 4063,QA-04063,48200004063,4699,2,50,сірий,draft
Тестовий світильник 4064,QA-04064,48200004064,5199,3,75,чорний,draft
Тестовий світильник 4065,QA-04065,48200004065,5699,4,100,зелений,draft
Тестовий світильник 4066,QA-04066,48200004066,3699,5,50,сірий,draft
Тестовий світильник 4067,QA-04067,48200004067,4199,6,75,чорний,draft
Тестовий світильник 4068,QA-04068,48200004068,4699,7,100,зелений,draft
Тестовий світильник 4069,QA-04069,48200004069,5199,8,50,сірий,draft
Тестовий світильник 4070,QA-04070,48200004070,5699,9,75,чорний,draft
Тестовий світильник 4071,QA-04071,48200004071,3699,10,100,зелений,draft
Тестовий світильник 4072,QA-04072,48200004072,4199,11,50,сірий,draft
Тестовий світильник 4073,QA-04073,48200004073,4699,12,75,чорний,draft
Тестовий світильник 4074,QA-04074,48200004074,5199,13,100,зелений,draft
Тестовий світильник 4075,QA-04075,48200004075,5699,14,50,сірий,draft
Тестовий світильник 4076,QA-04076,48200004076,3699,15,75,чорний,draft
Тестовий світильник 4077,QA-04077,48200004077,4199,16,100,зелений,draft
Тестовий світильник 4078,QA-04078,48200004078,4699,17,50,сірий,draft
Тестовий світильник 4079,QA-04079,48200004079,5199,18,75,чорний,draft
Тестовий світильник 4080,QA-04080,48200004080,5699,19,100,зелений,draft
Тестовий світильник 4081,QA-04081,48200004081,3699,0,50,сірий,draft
Тестовий світильник 4082,QA-04082,48200004082,4199,1,75,чорний,draft
Тестовий світильник 4083,QA-04083,48200004083,4699,2,100,зелений,draft
Тестовий світильник 4084,QA-04084,48200004084,5199,3,50,сірий,draft
Тестовий світильник 4085,QA-04085,48200004085,5699,4,75,чорний,draft
Тестовий світильник 4086,QA-04086,48200004086,3699,5,100,зелений,draft
Тестовий світильник 4087,QA-04087,48200004087,4199,6,50,сірий,draft
Тестовий світильник 4088,QA-04088,48200004088,4699,7,75,чорний,draft
Тестовий світильник 4089,QA-04089,48200004089,5199,8,100,зелений,draft
Тестовий світильник 4090,QA-04090,48200004090,5699,9,50,сірий,draft
Тестовий світильник 4091,QA-04091,48200004091,3699,10,75,чорний,draft
Тестовий світильник 4092,QA-04092,48200004092,4199,11,100,зелений,draft
Тестовий світильник 4093,QA-04093,48200004093,4699,12,50,сірий,draft
Тестовий світильник 4094,QA-04094,48200004094,5199,13,75,чорний,draft
Тестовий світильник 4095,QA-04095,48200004095,5699,14,100,зелений,draft
Тестовий світильник 4096,QA-04096,48200004096,3699,15,50,сірий,draft
Тестовий світильник 4097,QA-04097,48200004097,4199,16,75,чорний,draft
Тестовий світильник 4098,QA-04098,48200004098,4699,17,100,зелений,draft
Тестовий світильник 4099,QA-04099,48200004099,5199,18,50,сірий,draft
Тестовий світильник 4100,QA-04100,48200004100,5699,19,75,чорний,draft
Тестовий світильник 4101,QA-04101,48200004101,3699,0,100,зелений,draft
Тестовий світильник 4102,QA-04102,48200004102,4199,1,50,сірий,draft
Тестовий світильник 4103,QA-04103,48200004103,4699,2,75,чорний,draft
Тестовий світильник 4104,QA-04104,48200004104,5199,3,100,зелений,draft
Тестовий світильник 4105,QA-04105,48200004105,5699,4,50,сірий,draft
Тестовий світильник 4106,QA-04106,48200004106,3699,5,75,чорний,draft
Тестовий світильник 4107,QA-04107,48200004107,4199,6,100,зелений,draft
Тестовий світильник 4108,QA-04108,48200004108,4699,7,50,сірий,draft
Тестовий світильник 4109,QA-04109,48200004109,5199,8,75,чорний,draft
Тестовий світильник 4110,QA-04110,48200004110,5699,9,100,зелений,draft
Тестовий світильник 4111,QA-04111,48200004111,3699,10,50,сірий,draft
Тестовий світильник 4112,QA-04112,48200004112,4199,11,75,чорний,draft
Тестовий світильник 4113,QA-04113,48200004113,4699,12,100,зелений,draft
Тестовий світильник 4114,QA-04114,48200004114,5199,13,50,сірий,draft
Тестовий світильник 4115,QA-04115,48200004115,5699,14,75,чорний,draft
Тестовий світильник 4116,QA-04116,48200004116,3699,15,100,зелений,draft
Тестовий світильник 4117,QA-04117,48200004117,4199,16,50,сірий,draft
Тестовий світильник 4118,QA-04118,48200004118,4699,17,75,чорний,draft
Тестовий світильник 4119,QA-04119,48200004119,5199,18,100,зелений,draft
Тестовий світильник 4120,QA-04120,48200004120,5699,19,50,сірий,draft
Тестовий світильник 4121,QA-04121,48200004121,3699,0,75,чорний,draft
Тестовий світильник 4122,QA-04122,48200004122,4199,1,100,зелений,draft
Тестовий світильник 4123,QA-04123,48200004123,4699,2,50,сірий,draft
Тестовий світильник 4124,QA-04124,48200004124,5199,3,75,чорний,draft
Тестовий світильник 4125,QA-04125,48200004125,5699,4,100,зелений,draft
Тестовий світильник 4126,QA-04126,48200004126,3699,5,50,сірий,draft
Тестовий світильник 4127,QA-04127,48200004127,4199,6,75,чорний,draft
Тестовий світильник 4128,QA-04128,48200004128,4699,7,100,зелений,draft
Тестовий світильник 4129,QA-04129,48200004129,5199,8,50,сірий,draft
Тестовий світильник 4130,QA-04130,48200004130,5699,9,75,чорний,draft
Тестовий світильник 4131,QA-04131,48200004131,3699,10,100,зелений,draft
Тестовий світильник 4132,QA-04132,48200004132,4199,11,50,сірий,draft
Тестовий світильник 4133,QA-04133,48200004133,4699,12,75,чорний,draft
Тестовий світильник 4134,QA-04134,48200004134,5199,13,100,зелений,draft
Тестовий світильник 4135,QA-04135,48200004135,5699,14,50,сірий,draft
Тестовий світильник 4136,QA-04136,48200004136,3699,15,75,чорний,draft
Тестовий світильник 4137,QA-04137,48200004137,4199,16,100,зелений,draft
Тестовий світильник 4138,QA-04138,48200004138,4699,17,50,сірий,draft
Тестовий світильник 4139,QA-04139,48200004139,5199,18,75,чорний,draft
Тестовий світильник 4140,QA-04140,48200004140,5699,19,100,зелений,draft
Тестовий світильник 4141,QA-04141,48200004141,3699,0,50,сірий,draft
Тестовий світильник 4142,QA-04142,48200004142,4199,1,75,чорний,draft
Тестовий світильник 4143,QA-04143,48200004143,4699,2,100,зелений,draft
Тестовий світильник 4144,QA-04144,48200004144,5199,3,50,сірий,draft
Тестовий світильник 4145,QA-04145,48200004145,5699,4,75,чорний,draft
Тестовий світильник 4146,QA-04146,48200004146,3699,5,100,зелений,draft
Тестовий світильник 4147,QA-04147,48200004147,4199,6,50,сірий,draft
Тестовий світильник 4148,QA-04148,48200004148,4699,7,75,чорний,draft
Тестовий світильник 4149,QA-04149,48200004149,5199,8,100,зелений,draft
Тестовий світильник 4150,QA-04150,48200004150,5699,9,50,сірий,draft
Тестовий світильник 4151,QA-04151,48200004151,3699,10,75,чорний,draft
Тестовий світильник 4152,QA-04152,48200004152,4199,11,100,зелений,draft
Тестовий світильник 4153,QA-04153,48200004153,4699,12,50,сірий,draft
Тестовий світильник 4154,QA-04154,48200004154,5199,13,75,чорний,draft
Тестовий світильник 4155,QA-04155,48200004155,5699,14,100,зелений,draft
Тестовий світильник 4156,QA-04156,48200004156,3699,15,50,сірий,draft
Тестовий світильник 4157,QA-04157,48200004157,4199,16,75,чорний,draft
Тестовий світильник 4158,QA-04158,48200004158,4699,17,100,зелений,draft
Тестовий світильник 4159,QA-04159,48200004159,5199,18,50,сірий,draft
Тестовий світильник 4160,QA-04160,48200004160,5699,19,75,чорний,draft
Тестовий світильник 4161,QA-04161,48200004161,3699,0,100,зелений,draft
Тестовий світильник 4162,QA-04162,48200004162,4199,1,50,сірий,draft
Тестовий світильник 4163,QA-04163,48200004163,4699,2,75,чорний,draft
Тестовий світильник 4164,QA-04164,48200004164,5199,3,100,зелений,draft
Тестовий світильник 4165,QA-04165,48200004165,5699,4,50,сірий,draft
Тестовий світильник 4166,QA-04166,48200004166,3699,5,75,чорний,draft
Тестовий світильник 4167,QA-04167,48200004167,4199,6,100,зелений,draft
Тестовий світильник 4168,QA-04168,48200004168,4699,7,50,сірий,draft
Тестовий світильник 4169,QA-04169,48200004169,5199,8,75,чорний,draft
Тестовий світильник 4170,QA-04170,48200004170,5699,9,100,зелений,draft
Тестовий світильник 4171,QA-04171,48200004171,3699,10,50,сірий,draft
Тестовий світильник 4172,QA-04172,48200004172,4199,11,75,чорний,draft
Тестовий світильник 4173,QA-04173,48200004173,4699,12,100,зелений,draft
Тестовий світильник 4174,QA-04174,48200004174,5199,13,50,сірий,draft
Тестовий світильник 4175,QA-04175,48200004175,5699,14,75,чорний,draft
Тестовий світильник 4176,QA-04176,48200004176,3699,15,100,зелений,draft
Тестовий світильник 4177,QA-04177,48200004177,4199,16,50,сірий,draft
Тестовий світильник 4178,QA-04178,48200004178,4699,17,75,чорний,draft
Тестовий світильник 4179,QA-04179,48200004179,5199,18,100,зелений,draft
Тестовий світильник 4180,QA-04180,48200004180,5699,19,50,сірий,draft
Тестовий світильник 4181,QA-04181,48200004181,3699,0,75,чорний,draft
Тестовий світильник 4182,QA-04182,48200004182,4199,1,100,зелений,draft
Тестовий світильник 4183,QA-04183,48200004183,4699,2,50,сірий,draft
Тестовий світильник 4184,QA-04184,48200004184,5199,3,75,чорний,draft
Тестовий світильник 4185,QA-04185,48200004185,5699,4,100,зелений,draft
Тестовий світильник 4186,QA-04186,48200004186,3699,5,50,сірий,draft
Тестовий світильник 4187,QA-04187,48200004187,4199,6,75,чорний,draft
Тестовий світильник 4188,QA-04188,48200004188,4699,7,100,зелений,draft
Тестовий світильник 4189,QA-04189,48200004189,5199,8,50,сірий,draft
Тестовий світильник 4190,QA-04190,48200004190,5699,9,75,чорний,draft
Тестовий світильник 4191,QA-04191,48200004191,3699,10,100,зелений,draft
Тестовий світильник 4192,QA-04192,48200004192,4199,11,50,сірий,draft
Тестовий світильник 4193,QA-04193,48200004193,4699,12,75,чорний,draft
Тестовий світильник 4194,QA-04194,48200004194,5199,13,100,зелений,draft
Тестовий світильник 4195,QA-04195,48200004195,5699,14,50,сірий,draft
Тестовий світильник 4196,QA-04196,48200004196,3699,15,75,чорний,draft
Тестовий світильник 4197,QA-04197,48200004197,4199,16,100,зелений,draft
Тестовий світильник 4198,QA-04198,48200004198,4699,17,50,сірий,draft
Тестовий світильник 4199,QA-04199,48200004199,5199,18,75,чорний,draft
Тестовий світильник 4200,QA-04200,48200004200,5699,19,100,зелений,draft
Тестовий світильник 4201,QA-04201,48200004201,3699,0,50,сірий,draft
Тестовий світильник 4202,QA-04202,48200004202,4199,1,75,чорний,draft
Тестовий світильник 4203,QA-04203,48200004203,4699,2,100,зелений,draft
Тестовий світильник 4204,QA-04204,48200004204,5199,3,50,сірий,draft
Тестовий світильник 4205,QA-04205,48200004205,5699,4,75,чорний,draft
Тестовий світильник 4206,QA-04206,48200004206,3699,5,100,зелений,draft
Тестовий світильник 4207,QA-04207,48200004207,4199,6,50,сірий,draft
Тестовий світильник 4208,QA-04208,48200004208,4699,7,75,чорний,draft
Тестовий світильник 4209,QA-04209,48200004209,5199,8,100,зелений,draft
Тестовий світильник 4210,QA-04210,48200004210,5699,9,50,сірий,draft
Тестовий світильник 4211,QA-04211,48200004211,3699,10,75,чорний,draft
Тестовий світильник 4212,QA-04212,48200004212,4199,11,100,зелений,draft
Тестовий світильник 4213,QA-04213,48200004213,4699,12,50,сірий,draft
Тестовий світильник 4214,QA-04214,48200004214,5199,13,75,чорний,draft
Тестовий світильник 4215,QA-04215,48200004215,5699,14,100,зелений,draft
Тестовий світильник 4216,QA-04216,48200004216,3699,15,50,сірий,draft
Тестовий світильник 4217,QA-04217,48200004217,4199,16,75,чорний,draft
Тестовий світильник 4218,QA-04218,48200004218,4699,17,100,зелений,draft
Тестовий світильник 4219,QA-04219,48200004219,5199,18,50,сірий,draft
Тестовий світильник 4220,QA-04220,48200004220,5699,19,75,чорний,draft
Тестовий світильник 4221,QA-04221,48200004221,3699,0,100,зелений,draft
Тестовий світильник 4222,QA-04222,48200004222,4199,1,50,сірий,draft
Тестовий світильник 4223,QA-04223,48200004223,4699,2,75,чорний,draft
Тестовий світильник 4224,QA-04224,48200004224,5199,3,100,зелений,draft
Тестовий світильник 4225,QA-04225,48200004225,5699,4,50,сірий,draft
Тестовий світильник 4226,QA-04226,48200004226,3699,5,75,чорний,draft
Тестовий світильник 4227,QA-04227,48200004227,4199,6,100,зелений,draft
Тестовий світильник 4228,QA-04228,48200004228,4699,7,50,сірий,draft
Тестовий світильник 4229,QA-04229,48200004229,5199,8,75,чорний,draft
Тестовий світильник 4230,QA-04230,48200004230,5699,9,100,зелений,draft
Тестовий світильник 4231,QA-04231,48200004231,3699,10,50,сірий,draft
Тестовий світильник 4232,QA-04232,48200004232,4199,11,75,чорний,draft
Тестовий світильник 4233,QA-04233,48200004233,4699,12,100,зелений,draft
Тестовий світильник 4234,QA-04234,48200004234,5199,13,50,сірий,draft
Тестовий світильник 4235,QA-04235,48200004235,5699,14,75,чорний,draft
Тестовий світильник 4236,QA-04236,48200004236,3699,15,100,зелений,draft
Тестовий світильник 4237,QA-04237,48200004237,4199,16,50,сірий,draft
Тестовий світильник 4238,QA-04238,48200004238,4699,17,75,чорний,draft
Тестовий світильник 4239,QA-04239,48200004239,5199,18,100,зелений,draft
Тестовий світильник 4240,QA-04240,48200004240,5699,19,50,сірий,draft
Тестовий світильник 4241,QA-04241,48200004241,3699,0,75,чорний,draft
Тестовий світильник 4242,QA-04242,48200004242,4199,1,100,зелений,draft
Тестовий світильник 4243,QA-04243,48200004243,4699,2,50,сірий,draft
Тестовий світильник 4244,QA-04244,48200004244,5199,3,75,чорний,draft
Тестовий світильник 4245,QA-04245,48200004245,5699,4,100,зелений,draft
Тестовий світильник 4246,QA-04246,48200004246,3699,5,50,сірий,draft
Тестовий світильник 4247,QA-04247,48200004247,4199,6,75,чорний,draft
Тестовий світильник 4248,QA-04248,48200004248,4699,7,100,зелений,draft
Тестовий світильник 4249,QA-04249,48200004249,5199,8,50,сірий,draft
Тестовий світильник 4250,QA-04250,48200004250,5699,9,75,чорний,draft
Тестовий світильник 4251,QA-04251,48200004251,3699,10,100,зелений,draft
Тестовий світильник 4252,QA-04252,48200004252,4199,11,50,сірий,draft
Тестовий світильник 4253,QA-04253,48200004253,4699,12,75,чорний,draft
Тестовий світильник 4254,QA-04254,48200004254,5199,13,100,зелений,draft
Тестовий світильник 4255,QA-04255,48200004255,5699,14,50,сірий,draft
Тестовий світильник 4256,QA-04256,48200004256,3699,15,75,чорний,draft
Тестовий світильник 4257,QA-04257,48200004257,4199,16,100,зелений,draft
Тестовий світильник 4258,QA-04258,48200004258,4699,17,50,сірий,draft
Тестовий світильник 4259,QA-04259,48200004259,5199,18,75,чорний,draft
Тестовий світильник 4260,QA-04260,48200004260,5699,19,100,зелений,draft
Тестовий світильник 4261,QA-04261,48200004261,3699,0,50,сірий,draft
Тестовий світильник 4262,QA-04262,48200004262,4199,1,75,чорний,draft
Тестовий світильник 4263,QA-04263,48200004263,4699,2,100,зелений,draft
Тестовий світильник 4264,QA-04264,48200004264,5199,3,50,сірий,draft
Тестовий світильник 4265,QA-04265,48200004265,5699,4,75,чорний,draft
Тестовий світильник 4266,QA-04266,48200004266,3699,5,100,зелений,draft
Тестовий світильник 4267,QA-04267,48200004267,4199,6,50,сірий,draft
Тестовий світильник 4268,QA-04268,48200004268,4699,7,75,чорний,draft
Тестовий світильник 4269,QA-04269,48200004269,5199,8,100,зелений,draft
Тестовий світильник 4270,QA-04270,48200004270,5699,9,50,сірий,draft
Тестовий світильник 4271,QA-04271,48200004271,3699,10,75,чорний,draft
Тестовий світильник 4272,QA-04272,48200004272,4199,11,100,зелений,draft
Тестовий світильник 4273,QA-04273,48200004273,4699,12,50,сірий,draft
Тестовий світильник 4274,QA-04274,48200004274,5199,13,75,чорний,draft
Тестовий світильник 4275,QA-04275,48200004275,5699,14,100,зелений,draft
Тестовий світильник 4276,QA-04276,48200004276,3699,15,50,сірий,draft
Тестовий світильник 4277,QA-04277,48200004277,4199,16,75,чорний,draft
Тестовий світильник 4278,QA-04278,48200004278,4699,17,100,зелений,draft
Тестовий світильник 4279,QA-04279,48200004279,5199,18,50,сірий,draft
Тестовий світильник 4280,QA-04280,48200004280,5699,19,75,чорний,draft
Тестовий світильник 4281,QA-04281,48200004281,3699,0,100,зелений,draft
Тестовий світильник 4282,QA-04282,48200004282,4199,1,50,сірий,draft
Тестовий світильник 4283,QA-04283,48200004283,4699,2,75,чорний,draft
Тестовий світильник 4284,QA-04284,48200004284,5199,3,100,зелений,draft
Тестовий світильник 4285,QA-04285,48200004285,5699,4,50,сірий,draft
Тестовий світильник 4286,QA-04286,48200004286,3699,5,75,чорний,draft
Тестовий світильник 4287,QA-04287,48200004287,4199,6,100,зелений,draft
Тестовий світильник 4288,QA-04288,48200004288,4699,7,50,сірий,draft
Тестовий світильник 4289,QA-04289,48200004289,5199,8,75,чорний,draft
Тестовий світильник 4290,QA-04290,48200004290,5699,9,100,зелений,draft
Тестовий світильник 4291,QA-04291,48200004291,3699,10,50,сірий,draft
Тестовий світильник 4292,QA-04292,48200004292,4199,11,75,чорний,draft
Тестовий світильник 4293,QA-04293,48200004293,4699,12,100,зелений,draft
Тестовий світильник 4294,QA-04294,48200004294,5199,13,50,сірий,draft
Тестовий світильник 4295,QA-04295,48200004295,5699,14,75,чорний,draft
Тестовий світильник 4296,QA-04296,48200004296,3699,15,100,зелений,draft
Тестовий світильник 4297,QA-04297,48200004297,4199,16,50,сірий,draft
Тестовий світильник 4298,QA-04298,48200004298,4699,17,75,чорний,draft
Тестовий світильник 4299,QA-04299,48200004299,5199,18,100,зелений,draft
Тестовий світильник 4300,QA-04300,48200004300,5699,19,50,сірий,draft
Тестовий світильник 4301,QA-04301,48200004301,3699,0,75,чорний,draft
Тестовий світильник 4302,QA-04302,48200004302,4199,1,100,зелений,draft
Тестовий світильник 4303,QA-04303,48200004303,4699,2,50,сірий,draft
Тестовий світильник 4304,QA-04304,48200004304,5199,3,75,чорний,draft
Тестовий світильник 4305,QA-04305,48200004305,5699,4,100,зелений,draft
Тестовий світильник 4306,QA-04306,48200004306,3699,5,50,сірий,draft
Тестовий світильник 4307,QA-04307,48200004307,4199,6,75,чорний,draft
Тестовий світильник 4308,QA-04308,48200004308,4699,7,100,зелений,draft
Тестовий світильник 4309,QA-04309,48200004309,5199,8,50,сірий,draft
Тестовий світильник 4310,QA-04310,48200004310,5699,9,75,чорний,draft
Тестовий світильник 4311,QA-04311,48200004311,3699,10,100,зелений,draft
Тестовий світильник 4312,QA-04312,48200004312,4199,11,50,сірий,draft
Тестовий світильник 4313,QA-04313,48200004313,4699,12,75,чорний,draft
Тестовий світильник 4314,QA-04314,48200004314,5199,13,100,зелений,draft
Тестовий світильник 4315,QA-04315,48200004315,5699,14,50,сірий,draft
Тестовий світильник 4316,QA-04316,48200004316,3699,15,75,чорний,draft
Тестовий світильник 4317,QA-04317,48200004317,4199,16,100,зелений,draft
Тестовий світильник 4318,QA-04318,48200004318,4699,17,50,сірий,draft
Тестовий світильник 4319,QA-04319,48200004319,5199,18,75,чорний,draft
Тестовий світильник 4320,QA-04320,48200004320,5699,19,100,зелений,draft
Тестовий світильник 4321,QA-04321,48200004321,3699,0,50,сірий,draft
Тестовий світильник 4322,QA-04322,48200004322,4199,1,75,чорний,draft
Тестовий світильник 4323,QA-04323,48200004323,4699,2,100,зелений,draft
Тестовий світильник 4324,QA-04324,48200004324,5199,3,50,сірий,draft
Тестовий світильник 4325,QA-04325,48200004325,5699,4,75,чорний,draft
Тестовий світильник 4326,QA-04326,48200004326,3699,5,100,зелений,draft
Тестовий світильник 4327,QA-04327,48200004327,4199,6,50,сірий,draft
Тестовий світильник 4328,QA-04328,48200004328,4699,7,75,чорний,draft
Тестовий світильник 4329,QA-04329,48200004329,5199,8,100,зелений,draft
Тестовий світильник 4330,QA-04330,48200004330,5699,9,50,сірий,draft
Тестовий світильник 4331,QA-04331,48200004331,3699,10,75,чорний,draft
Тестовий світильник 4332,QA-04332,48200004332,4199,11,100,зелений,draft
Тестовий світильник 4333,QA-04333,48200004333,4699,12,50,сірий,draft
Тестовий світильник 4334,QA-04334,48200004334,5199,13,75,чорний,draft
Тестовий світильник 4335,QA-04335,48200004335,5699,14,100,зелений,draft
Тестовий світильник 4336,QA-04336,48200004336,3699,15,50,сірий,draft
Тестовий світильник 4337,QA-04337,48200004337,4199,16,75,чорний,draft
Тестовий світильник 4338,QA-04338,48200004338,4699,17,100,зелений,draft
Тестовий світильник 4339,QA-04339,48200004339,5199,18,50,сірий,draft
Тестовий світильник 4340,QA-04340,48200004340,5699,19,75,чорний,draft
Тестовий світильник 4341,QA-04341,48200004341,3699,0,100,зелений,draft
Тестовий світильник 4342,QA-04342,48200004342,4199,1,50,сірий,draft
Тестовий світильник 4343,QA-04343,48200004343,4699,2,75,чорний,draft
Тестовий світильник 4344,QA-04344,48200004344,5199,3,100,зелений,draft
Тестовий світильник 4345,QA-04345,48200004345,5699,4,50,сірий,draft
Тестовий світильник 4346,QA-04346,48200004346,3699,5,75,чорний,draft
Тестовий світильник 4347,QA-04347,48200004347,4199,6,100,зелений,draft
Тестовий світильник 4348,QA-04348,48200004348,4699,7,50,сірий,draft
Тестовий світильник 4349,QA-04349,48200004349,5199,8,75,чорний,draft
Тестовий світильник 4350,QA-04350,48200004350,5699,9,100,зелений,draft
Тестовий світильник 4351,QA-04351,48200004351,3699,10,50,сірий,draft
Тестовий світильник 4352,QA-04352,48200004352,4199,11,75,чорний,draft
Тестовий світильник 4353,QA-04353,48200004353,4699,12,100,зелений,draft
Тестовий світильник 4354,QA-04354,48200004354,5199,13,50,сірий,draft
Тестовий світильник 4355,QA-04355,48200004355,5699,14,75,чорний,draft
Тестовий світильник 4356,QA-04356,48200004356,3699,15,100,зелений,draft
Тестовий світильник 4357,QA-04357,48200004357,4199,16,50,сірий,draft
Тестовий світильник 4358,QA-04358,48200004358,4699,17,75,чорний,draft
Тестовий світильник 4359,QA-04359,48200004359,5199,18,100,зелений,draft
Тестовий світильник 4360,QA-04360,48200004360,5699,19,50,сірий,draft
Тестовий світильник 4361,QA-04361,48200004361,3699,0,75,чорний,draft
Тестовий світильник 4362,QA-04362,48200004362,4199,1,100,зелений,draft
Тестовий світильник 4363,QA-04363,48200004363,4699,2,50,сірий,draft
Тестовий світильник 4364,QA-04364,48200004364,5199,3,75,чорний,draft
Тестовий світильник 4365,QA-04365,48200004365,5699,4,100,зелений,draft
Тестовий світильник 4366,QA-04366,48200004366,3699,5,50,сірий,draft
Тестовий світильник 4367,QA-04367,48200004367,4199,6,75,чорний,draft
Тестовий світильник 4368,QA-04368,48200004368,4699,7,100,зелений,draft
Тестовий світильник 4369,QA-04369,48200004369,5199,8,50,сірий,draft
Тестовий світильник 4370,QA-04370,48200004370,5699,9,75,чорний,draft
Тестовий світильник 4371,QA-04371,48200004371,3699,10,100,зелений,draft
Тестовий світильник 4372,QA-04372,48200004372,4199,11,50,сірий,draft
Тестовий світильник 4373,QA-04373,48200004373,4699,12,75,чорний,draft
Тестовий світильник 4374,QA-04374,48200004374,5199,13,100,зелений,draft
Тестовий світильник 4375,QA-04375,48200004375,5699,14,50,сірий,draft
Тестовий світильник 4376,QA-04376,48200004376,3699,15,75,чорний,draft
Тестовий світильник 4377,QA-04377,48200004377,4199,16,100,зелений,draft
Тестовий світильник 4378,QA-04378,48200004378,4699,17,50,сірий,draft
Тестовий світильник 4379,QA-04379,48200004379,5199,18,75,чорний,draft
Тестовий світильник 4380,QA-04380,48200004380,5699,19,100,зелений,draft
Тестовий світильник 4381,QA-04381,48200004381,3699,0,50,сірий,draft
Тестовий світильник 4382,QA-04382,48200004382,4199,1,75,чорний,draft
Тестовий світильник 4383,QA-04383,48200004383,4699,2,100,зелений,draft
Тестовий світильник 4384,QA-04384,48200004384,5199,3,50,сірий,draft
Тестовий світильник 4385,QA-04385,48200004385,5699,4,75,чорний,draft
Тестовий світильник 4386,QA-04386,48200004386,3699,5,100,зелений,draft
Тестовий світильник 4387,QA-04387,48200004387,4199,6,50,сірий,draft
Тестовий світильник 4388,QA-04388,48200004388,4699,7,75,чорний,draft
Тестовий світильник 4389,QA-04389,48200004389,5199,8,100,зелений,draft
Тестовий світильник 4390,QA-04390,48200004390,5699,9,50,сірий,draft
Тестовий світильник 4391,QA-04391,48200004391,3699,10,75,чорний,draft
Тестовий світильник 4392,QA-04392,48200004392,4199,11,100,зелений,draft
Тестовий світильник 4393,QA-04393,48200004393,4699,12,50,сірий,draft
Тестовий світильник 4394,QA-04394,48200004394,5199,13,75,чорний,draft
Тестовий світильник 4395,QA-04395,48200004395,5699,14,100,зелений,draft
Тестовий світильник 4396,QA-04396,48200004396,3699,15,50,сірий,draft
Тестовий світильник 4397,QA-04397,48200004397,4199,16,75,чорний,draft
Тестовий світильник 4398,QA-04398,48200004398,4699,17,100,зелений,draft
Тестовий світильник 4399,QA-04399,48200004399,5199,18,50,сірий,draft
Тестовий світильник 4400,QA-04400,48200004400,5699,19,75,чорний,draft
Тестовий світильник 4401,QA-04401,48200004401,3699,0,100,зелений,draft
Тестовий світильник 4402,QA-04402,48200004402,4199,1,50,сірий,draft
Тестовий світильник 4403,QA-04403,48200004403,4699,2,75,чорний,draft
Тестовий світильник 4404,QA-04404,48200004404,5199,3,100,зелений,draft
Тестовий світильник 4405,QA-04405,48200004405,5699,4,50,сірий,draft
Тестовий світильник 4406,QA-04406,48200004406,3699,5,75,чорний,draft
Тестовий світильник 4407,QA-04407,48200004407,4199,6,100,зелений,draft
Тестовий світильник 4408,QA-04408,48200004408,4699,7,50,сірий,draft
Тестовий світильник 4409,QA-04409,48200004409,5199,8,75,чорний,draft
Тестовий світильник 4410,QA-04410,48200004410,5699,9,100,зелений,draft
Тестовий світильник 4411,QA-04411,48200004411,3699,10,50,сірий,draft
Тестовий світильник 4412,QA-04412,48200004412,4199,11,75,чорний,draft
Тестовий світильник 4413,QA-04413,48200004413,4699,12,100,зелений,draft
Тестовий світильник 4414,QA-04414,48200004414,5199,13,50,сірий,draft
Тестовий світильник 4415,QA-04415,48200004415,5699,14,75,чорний,draft
Тестовий світильник 4416,QA-04416,48200004416,3699,15,100,зелений,draft
Тестовий світильник 4417,QA-04417,48200004417,4199,16,50,сірий,draft
Тестовий світильник 4418,QA-04418,48200004418,4699,17,75,чорний,draft
Тестовий світильник 4419,QA-04419,48200004419,5199,18,100,зелений,draft
Тестовий світильник 4420,QA-04420,48200004420,5699,19,50,сірий,draft
Тестовий світильник 4421,QA-04421,48200004421,3699,0,75,чорний,draft
Тестовий світильник 4422,QA-04422,48200004422,4199,1,100,зелений,draft
Тестовий світильник 4423,QA-04423,48200004423,4699,2,50,сірий,draft
Тестовий світильник 4424,QA-04424,48200004424,5199,3,75,чорний,draft
Тестовий світильник 4425,QA-04425,48200004425,5699,4,100,зелений,draft
Тестовий світильник 4426,QA-04426,48200004426,3699,5,50,сірий,draft
Тестовий світильник 4427,QA-04427,48200004427,4199,6,75,чорний,draft
Тестовий світильник 4428,QA-04428,48200004428,4699,7,100,зелений,draft
Тестовий світильник 4429,QA-04429,48200004429,5199,8,50,сірий,draft
Тестовий світильник 4430,QA-04430,48200004430,5699,9,75,чорний,draft
Тестовий світильник 4431,QA-04431,48200004431,3699,10,100,зелений,draft
Тестовий світильник 4432,QA-04432,48200004432,4199,11,50,сірий,draft
Тестовий світильник 4433,QA-04433,48200004433,4699,12,75,чорний,draft
Тестовий світильник 4434,QA-04434,48200004434,5199,13,100,зелений,draft
Тестовий світильник 4435,QA-04435,48200004435,5699,14,50,сірий,draft
Тестовий світильник 4436,QA-04436,48200004436,3699,15,75,чорний,draft
Тестовий світильник 4437,QA-04437,48200004437,4199,16,100,зелений,draft
Тестовий світильник 4438,QA-04438,48200004438,4699,17,50,сірий,draft
Тестовий світильник 4439,QA-04439,48200004439,5199,18,75,чорний,draft
Тестовий світильник 4440,QA-04440,48200004440,5699,19,100,зелений,draft
Тестовий світильник 4441,QA-04441,48200004441,3699,0,50,сірий,draft
Тестовий світильник 4442,QA-04442,48200004442,4199,1,75,чорний,draft
Тестовий світильник 4443,QA-04443,48200004443,4699,2,100,зелений,draft
Тестовий світильник 4444,QA-04444,48200004444,5199,3,50,сірий,draft
Тестовий світильник 4445,QA-04445,48200004445,5699,4,75,чорний,draft
Тестовий світильник 4446,QA-04446,48200004446,3699,5,100,зелений,draft
Тестовий світильник 4447,QA-04447,48200004447,4199,6,50,сірий,draft
Тестовий світильник 4448,QA-04448,48200004448,4699,7,75,чорний,draft
Тестовий світильник 4449,QA-04449,48200004449,5199,8,100,зелений,draft
Тестовий світильник 4450,QA-04450,48200004450,5699,9,50,сірий,draft
Тестовий світильник 4451,QA-04451,48200004451,3699,10,75,чорний,draft
Тестовий світильник 4452,QA-04452,48200004452,4199,11,100,зелений,draft
Тестовий світильник 4453,QA-04453,48200004453,4699,12,50,сірий,draft
Тестовий світильник 4454,QA-04454,48200004454,5199,13,75,чорний,draft
Тестовий світильник 4455,QA-04455,48200004455,5699,14,100,зелений,draft
Тестовий світильник 4456,QA-04456,48200004456,3699,15,50,сірий,draft
Тестовий світильник 4457,QA-04457,48200004457,4199,16,75,чорний,draft
Тестовий світильник 4458,QA-04458,48200004458,4699,17,100,зелений,draft
Тестовий світильник 4459,QA-04459,48200004459,5199,18,50,сірий,draft
Тестовий світильник 4460,QA-04460,48200004460,5699,19,75,чорний,draft
Тестовий світильник 4461,QA-04461,48200004461,3699,0,100,зелений,draft
Тестовий світильник 4462,QA-04462,48200004462,4199,1,50,сірий,draft
Тестовий світильник 4463,QA-04463,48200004463,4699,2,75,чорний,draft
Тестовий світильник 4464,QA-04464,48200004464,5199,3,100,зелений,draft
Тестовий світильник 4465,QA-04465,48200004465,5699,4,50,сірий,draft
Тестовий світильник 4466,QA-04466,48200004466,3699,5,75,чорний,draft
Тестовий світильник 4467,QA-04467,48200004467,4199,6,100,зелений,draft
Тестовий світильник 4468,QA-04468,48200004468,4699,7,50,сірий,draft
Тестовий світильник 4469,QA-04469,48200004469,5199,8,75,чорний,draft
Тестовий світильник 4470,QA-04470,48200004470,5699,9,100,зелений,draft
Тестовий світильник 4471,QA-04471,48200004471,3699,10,50,сірий,draft
Тестовий світильник 4472,QA-04472,48200004472,4199,11,75,чорний,draft
Тестовий світильник 4473,QA-04473,48200004473,4699,12,100,зелений,draft
Тестовий світильник 4474,QA-04474,48200004474,5199,13,50,сірий,draft
Тестовий світильник 4475,QA-04475,48200004475,5699,14,75,чорний,draft
Тестовий світильник 4476,QA-04476,48200004476,3699,15,100,зелений,draft
Тестовий світильник 4477,QA-04477,48200004477,4199,16,50,сірий,draft
Тестовий світильник 4478,QA-04478,48200004478,4699,17,75,чорний,draft
Тестовий світильник 4479,QA-04479,48200004479,5199,18,100,зелений,draft
Тестовий світильник 4480,QA-04480,48200004480,5699,19,50,сірий,draft
Тестовий світильник 4481,QA-04481,48200004481,3699,0,75,чорний,draft
Тестовий світильник 4482,QA-04482,48200004482,4199,1,100,зелений,draft
Тестовий світильник 4483,QA-04483,48200004483,4699,2,50,сірий,draft
Тестовий світильник 4484,QA-04484,48200004484,5199,3,75,чорний,draft
Тестовий світильник 4485,QA-04485,48200004485,5699,4,100,зелений,draft
Тестовий світильник 4486,QA-04486,48200004486,3699,5,50,сірий,draft
Тестовий світильник 4487,QA-04487,48200004487,4199,6,75,чорний,draft
Тестовий світильник 4488,QA-04488,48200004488,4699,7,100,зелений,draft
Тестовий світильник 4489,QA-04489,48200004489,5199,8,50,сірий,draft
Тестовий світильник 4490,QA-04490,48200004490,5699,9,75,чорний,draft
Тестовий світильник 4491,QA-04491,48200004491,3699,10,100,зелений,draft
Тестовий світильник 4492,QA-04492,48200004492,4199,11,50,сірий,draft
Тестовий світильник 4493,QA-04493,48200004493,4699,12,75,чорний,draft
Тестовий світильник 4494,QA-04494,48200004494,5199,13,100,зелений,draft
Тестовий світильник 4495,QA-04495,48200004495,5699,14,50,сірий,draft
Тестовий світильник 4496,QA-04496,48200004496,3699,15,75,чорний,draft
Тестовий світильник 4497,QA-04497,48200004497,4199,16,100,зелений,draft
Тестовий світильник 4498,QA-04498,48200004498,4699,17,50,сірий,draft
Тестовий світильник 4499,QA-04499,48200004499,5199,18,75,чорний,draft
Тестовий світильник 4500,QA-04500,48200004500,5699,19,100,зелений,draft
Тестовий світильник 4501,QA-04501,48200004501,3699,0,50,сірий,draft
Тестовий світильник 4502,QA-04502,48200004502,4199,1,75,чорний,draft
Тестовий світильник 4503,QA-04503,48200004503,4699,2,100,зелений,draft
Тестовий світильник 4504,QA-04504,48200004504,5199,3,50,сірий,draft
Тестовий світильник 4505,QA-04505,48200004505,5699,4,75,чорний,draft
Тестовий світильник 4506,QA-04506,48200004506,3699,5,100,зелений,draft
Тестовий світильник 4507,QA-04507,48200004507,4199,6,50,сірий,draft
Тестовий світильник 4508,QA-04508,48200004508,4699,7,75,чорний,draft
Тестовий світильник 4509,QA-04509,48200004509,5199,8,100,зелений,draft
Тестовий світильник 4510,QA-04510,48200004510,5699,9,50,сірий,draft
Тестовий світильник 4511,QA-04511,48200004511,3699,10,75,чорний,draft
Тестовий світильник 4512,QA-04512,48200004512,4199,11,100,зелений,draft
Тестовий світильник 4513,QA-04513,48200004513,4699,12,50,сірий,draft
Тестовий світильник 4514,QA-04514,48200004514,5199,13,75,чорний,draft
Тестовий світильник 4515,QA-04515,48200004515,5699,14,100,зелений,draft
Тестовий світильник 4516,QA-04516,48200004516,3699,15,50,сірий,draft
Тестовий світильник 4517,QA-04517,48200004517,4199,16,75,чорний,draft
Тестовий світильник 4518,QA-04518,48200004518,4699,17,100,зелений,draft
Тестовий світильник 4519,QA-04519,48200004519,5199,18,50,сірий,draft
Тестовий світильник 4520,QA-04520,48200004520,5699,19,75,чорний,draft
Тестовий світильник 4521,QA-04521,48200004521,3699,0,100,зелений,draft
Тестовий світильник 4522,QA-04522,48200004522,4199,1,50,сірий,draft
Тестовий світильник 4523,QA-04523,48200004523,4699,2,75,чорний,draft
Тестовий світильник 4524,QA-04524,48200004524,5199,3,100,зелений,draft
Тестовий світильник 4525,QA-04525,48200004525,5699,4,50,сірий,draft
Тестовий світильник 4526,QA-04526,48200004526,3699,5,75,чорний,draft
Тестовий світильник 4527,QA-04527,48200004527,4199,6,100,зелений,draft
Тестовий світильник 4528,QA-04528,48200004528,4699,7,50,сірий,draft
Тестовий світильник 4529,QA-04529,48200004529,5199,8,75,чорний,draft
Тестовий світильник 4530,QA-04530,48200004530,5699,9,100,зелений,draft
Тестовий світильник 4531,QA-04531,48200004531,3699,10,50,сірий,draft
Тестовий світильник 4532,QA-04532,48200004532,4199,11,75,чорний,draft
Тестовий світильник 4533,QA-04533,48200004533,4699,12,100,зелений,draft
Тестовий світильник 4534,QA-04534,48200004534,5199,13,50,сірий,draft
Тестовий світильник 4535,QA-04535,48200004535,5699,14,75,чорний,draft
Тестовий світильник 4536,QA-04536,48200004536,3699,15,100,зелений,draft
Тестовий світильник 4537,QA-04537,48200004537,4199,16,50,сірий,draft
Тестовий світильник 4538,QA-04538,48200004538,4699,17,75,чорний,draft
Тестовий світильник 4539,QA-04539,48200004539,5199,18,100,зелений,draft
Тестовий світильник 4540,QA-04540,48200004540,5699,19,50,сірий,draft
Тестовий світильник 4541,QA-04541,48200004541,3699,0,75,чорний,draft
Тестовий світильник 4542,QA-04542,48200004542,4199,1,100,зелений,draft
Тестовий світильник 4543,QA-04543,48200004543,4699,2,50,сірий,draft
Тестовий світильник 4544,QA-04544,48200004544,5199,3,75,чорний,draft
Тестовий світильник 4545,QA-04545,48200004545,5699,4,100,зелений,draft
Тестовий світильник 4546,QA-04546,48200004546,3699,5,50,сірий,draft
Тестовий світильник 4547,QA-04547,48200004547,4199,6,75,чорний,draft
Тестовий світильник 4548,QA-04548,48200004548,4699,7,100,зелений,draft
Тестовий світильник 4549,QA-04549,48200004549,5199,8,50,сірий,draft
Тестовий світильник 4550,QA-04550,48200004550,5699,9,75,чорний,draft
Тестовий світильник 4551,QA-04551,48200004551,3699,10,100,зелений,draft
Тестовий світильник 4552,QA-04552,48200004552,4199,11,50,сірий,draft
Тестовий світильник 4553,QA-04553,48200004553,4699,12,75,чорний,draft
Тестовий світильник 4554,QA-04554,48200004554,5199,13,100,зелений,draft
Тестовий світильник 4555,QA-04555,48200004555,5699,14,50,сірий,draft
Тестовий світильник 4556,QA-04556,48200004556,3699,15,75,чорний,draft
Тестовий світильник 4557,QA-04557,48200004557,4199,16,100,зелений,draft
Тестовий світильник 4558,QA-04558,48200004558,4699,17,50,сірий,draft
Тестовий світильник 4559,QA-04559,48200004559,5199,18,75,чорний,draft
Тестовий світильник 4560,QA-04560,48200004560,5699,19,100,зелений,draft
Тестовий світильник 4561,QA-04561,48200004561,3699,0,50,сірий,draft
Тестовий світильник 4562,QA-04562,48200004562,4199,1,75,чорний,draft
Тестовий світильник 4563,QA-04563,48200004563,4699,2,100,зелений,draft
Тестовий світильник 4564,QA-04564,48200004564,5199,3,50,сірий,draft
Тестовий світильник 4565,QA-04565,48200004565,5699,4,75,чорний,draft
Тестовий світильник 4566,QA-04566,48200004566,3699,5,100,зелений,draft
Тестовий світильник 4567,QA-04567,48200004567,4199,6,50,сірий,draft
Тестовий світильник 4568,QA-04568,48200004568,4699,7,75,чорний,draft
Тестовий світильник 4569,QA-04569,48200004569,5199,8,100,зелений,draft
Тестовий світильник 4570,QA-04570,48200004570,5699,9,50,сірий,draft
Тестовий світильник 4571,QA-04571,48200004571,3699,10,75,чорний,draft
Тестовий світильник 4572,QA-04572,48200004572,4199,11,100,зелений,draft
Тестовий світильник 4573,QA-04573,48200004573,4699,12,50,сірий,draft
Тестовий світильник 4574,QA-04574,48200004574,5199,13,75,чорний,draft
Тестовий світильник 4575,QA-04575,48200004575,5699,14,100,зелений,draft
Тестовий світильник 4576,QA-04576,48200004576,3699,15,50,сірий,draft
Тестовий світильник 4577,QA-04577,48200004577,4199,16,75,чорний,draft
Тестовий світильник 4578,QA-04578,48200004578,4699,17,100,зелений,draft
Тестовий світильник 4579,QA-04579,48200004579,5199,18,50,сірий,draft
Тестовий світильник 4580,QA-04580,48200004580,5699,19,75,чорний,draft
Тестовий світильник 4581,QA-04581,48200004581,3699,0,100,зелений,draft
Тестовий світильник 4582,QA-04582,48200004582,4199,1,50,сірий,draft
Тестовий світильник 4583,QA-04583,48200004583,4699,2,75,чорний,draft
Тестовий світильник 4584,QA-04584,48200004584,5199,3,100,зелений,draft
Тестовий світильник 4585,QA-04585,48200004585,5699,4,50,сірий,draft
Тестовий світильник 4586,QA-04586,48200004586,3699,5,75,чорний,draft
Тестовий світильник 4587,QA-04587,48200004587,4199,6,100,зелений,draft
Тестовий світильник 4588,QA-04588,48200004588,4699,7,50,сірий,draft
Тестовий світильник 4589,QA-04589,48200004589,5199,8,75,чорний,draft
Тестовий світильник 4590,QA-04590,48200004590,5699,9,100,зелений,draft
Тестовий світильник 4591,QA-04591,48200004591,3699,10,50,сірий,draft
Тестовий світильник 4592,QA-04592,48200004592,4199,11,75,чорний,draft
Тестовий світильник 4593,QA-04593,48200004593,4699,12,100,зелений,draft
Тестовий світильник 4594,QA-04594,48200004594,5199,13,50,сірий,draft
Тестовий світильник 4595,QA-04595,48200004595,5699,14,75,чорний,draft
Тестовий світильник 4596,QA-04596,48200004596,3699,15,100,зелений,draft
Тестовий світильник 4597,QA-04597,48200004597,4199,16,50,сірий,draft
Тестовий світильник 4598,QA-04598,48200004598,4699,17,75,чорний,draft
Тестовий світильник 4599,QA-04599,48200004599,5199,18,100,зелений,draft
Тестовий світильник 4600,QA-04600,48200004600,5699,19,50,сірий,draft
Тестовий світильник 4601,QA-04601,48200004601,3699,0,75,чорний,draft
Тестовий світильник 4602,QA-04602,48200004602,4199,1,100,зелений,draft
Тестовий світильник 4603,QA-04603,48200004603,4699,2,50,сірий,draft
Тестовий світильник 4604,QA-04604,48200004604,5199,3,75,чорний,draft
Тестовий світильник 4605,QA-04605,48200004605,5699,4,100,зелений,draft
Тестовий світильник 4606,QA-04606,48200004606,3699,5,50,сірий,draft
Тестовий світильник 4607,QA-04607,48200004607,4199,6,75,чорний,draft
Тестовий світильник 4608,QA-04608,48200004608,4699,7,100,зелений,draft
Тестовий світильник 4609,QA-04609,48200004609,5199,8,50,сірий,draft
Тестовий світильник 4610,QA-04610,48200004610,5699,9,75,чорний,draft
Тестовий світильник 4611,QA-04611,48200004611,3699,10,100,зелений,draft
Тестовий світильник 4612,QA-04612,48200004612,4199,11,50,сірий,draft
Тестовий світильник 4613,QA-04613,48200004613,4699,12,75,чорний,draft
Тестовий світильник 4614,QA-04614,48200004614,5199,13,100,зелений,draft
Тестовий світильник 4615,QA-04615,48200004615,5699,14,50,сірий,draft
Тестовий світильник 4616,QA-04616,48200004616,3699,15,75,чорний,draft
Тестовий світильник 4617,QA-04617,48200004617,4199,16,100,зелений,draft
Тестовий світильник 4618,QA-04618,48200004618,4699,17,50,сірий,draft
Тестовий світильник 4619,QA-04619,48200004619,5199,18,75,чорний,draft
Тестовий світильник 4620,QA-04620,48200004620,5699,19,100,зелений,draft
Тестовий світильник 4621,QA-04621,48200004621,3699,0,50,сірий,draft
Тестовий світильник 4622,QA-04622,48200004622,4199,1,75,чорний,draft
Тестовий світильник 4623,QA-04623,48200004623,4699,2,100,зелений,draft
Тестовий світильник 4624,QA-04624,48200004624,5199,3,50,сірий,draft
Тестовий світильник 4625,QA-04625,48200004625,5699,4,75,чорний,draft
Тестовий світильник 4626,QA-04626,48200004626,3699,5,100,зелений,draft
Тестовий світильник 4627,QA-04627,48200004627,4199,6,50,сірий,draft
Тестовий світильник 4628,QA-04628,48200004628,4699,7,75,чорний,draft
Тестовий світильник 4629,QA-04629,48200004629,5199,8,100,зелений,draft
Тестовий світильник 4630,QA-04630,48200004630,5699,9,50,сірий,draft
Тестовий світильник 4631,QA-04631,48200004631,3699,10,75,чорний,draft
Тестовий світильник 4632,QA-04632,48200004632,4199,11,100,зелений,draft
Тестовий світильник 4633,QA-04633,48200004633,4699,12,50,сірий,draft
Тестовий світильник 4634,QA-04634,48200004634,5199,13,75,чорний,draft
Тестовий світильник 4635,QA-04635,48200004635,5699,14,100,зелений,draft
Тестовий світильник 4636,QA-04636,48200004636,3699,15,50,сірий,draft
Тестовий світильник 4637,QA-04637,48200004637,4199,16,75,чорний,draft
Тестовий світильник 4638,QA-04638,48200004638,4699,17,100,зелений,draft
Тестовий світильник 4639,QA-04639,48200004639,5199,18,50,сірий,draft
Тестовий світильник 4640,QA-04640,48200004640,5699,19,75,чорний,draft
Тестовий світильник 4641,QA-04641,48200004641,3699,0,100,зелений,draft
Тестовий світильник 4642,QA-04642,48200004642,4199,1,50,сірий,draft
Тестовий світильник 4643,QA-04643,48200004643,4699,2,75,чорний,draft
Тестовий світильник 4644,QA-04644,48200004644,5199,3,100,зелений,draft
Тестовий світильник 4645,QA-04645,48200004645,5699,4,50,сірий,draft
Тестовий світильник 4646,QA-04646,48200004646,3699,5,75,чорний,draft
Тестовий світильник 4647,QA-04647,48200004647,4199,6,100,зелений,draft
Тестовий світильник 4648,QA-04648,48200004648,4699,7,50,сірий,draft
Тестовий світильник 4649,QA-04649,48200004649,5199,8,75,чорний,draft
Тестовий світильник 4650,QA-04650,48200004650,5699,9,100,зелений,draft
Тестовий світильник 4651,QA-04651,48200004651,3699,10,50,сірий,draft
Тестовий світильник 4652,QA-04652,48200004652,4199,11,75,чорний,draft
Тестовий світильник 4653,QA-04653,48200004653,4699,12,100,зелений,draft
Тестовий світильник 4654,QA-04654,48200004654,5199,13,50,сірий,draft
Тестовий світильник 4655,QA-04655,48200004655,5699,14,75,чорний,draft
Тестовий світильник 4656,QA-04656,48200004656,3699,15,100,зелений,draft
Тестовий світильник 4657,QA-04657,48200004657,4199,16,50,сірий,draft
Тестовий світильник 4658,QA-04658,48200004658,4699,17,75,чорний,draft
Тестовий світильник 4659,QA-04659,48200004659,5199,18,100,зелений,draft
Тестовий світильник 4660,QA-04660,48200004660,5699,19,50,сірий,draft
Тестовий світильник 4661,QA-04661,48200004661,3699,0,75,чорний,draft
Тестовий світильник 4662,QA-04662,48200004662,4199,1,100,зелений,draft
Тестовий світильник 4663,QA-04663,48200004663,4699,2,50,сірий,draft
Тестовий світильник 4664,QA-04664,48200004664,5199,3,75,чорний,draft
Тестовий світильник 4665,QA-04665,48200004665,5699,4,100,зелений,draft
Тестовий світильник 4666,QA-04666,48200004666,3699,5,50,сірий,draft
Тестовий світильник 4667,QA-04667,48200004667,4199,6,75,чорний,draft
Тестовий світильник 4668,QA-04668,48200004668,4699,7,100,зелений,draft
Тестовий світильник 4669,QA-04669,48200004669,5199,8,50,сірий,draft
Тестовий світильник 4670,QA-04670,48200004670,5699,9,75,чорний,draft
Тестовий світильник 4671,QA-04671,48200004671,3699,10,100,зелений,draft
Тестовий світильник 4672,QA-04672,48200004672,4199,11,50,сірий,draft
Тестовий світильник 4673,QA-04673,48200004673,4699,12,75,чорний,draft
Тестовий світильник 4674,QA-04674,48200004674,5199,13,100,зелений,draft
Тестовий світильник 4675,QA-04675,48200004675,5699,14,50,сірий,draft
Тестовий світильник 4676,QA-04676,48200004676,3699,15,75,чорний,draft
Тестовий світильник 4677,QA-04677,48200004677,4199,16,100,зелений,draft
Тестовий світильник 4678,QA-04678,48200004678,4699,17,50,сірий,draft
Тестовий світильник 4679,QA-04679,48200004679,5199,18,75,чорний,draft
Тестовий світильник 4680,QA-04680,48200004680,5699,19,100,зелений,draft
Тестовий світильник 4681,QA-04681,48200004681,3699,0,50,сірий,draft
Тестовий світильник 4682,QA-04682,48200004682,4199,1,75,чорний,draft
Тестовий світильник 4683,QA-04683,48200004683,4699,2,100,зелений,draft
Тестовий світильник 4684,QA-04684,48200004684,5199,3,50,сірий,draft
Тестовий світильник 4685,QA-04685,48200004685,5699,4,75,чорний,draft
Тестовий світильник 4686,QA-04686,48200004686,3699,5,100,зелений,draft
Тестовий світильник 4687,QA-04687,48200004687,4199,6,50,сірий,draft
Тестовий світильник 4688,QA-04688,48200004688,4699,7,75,чорний,draft
Тестовий світильник 4689,QA-04689,48200004689,5199,8,100,зелений,draft
Тестовий світильник 4690,QA-04690,48200004690,5699,9,50,сірий,draft
Тестовий світильник 4691,QA-04691,48200004691,3699,10,75,чорний,draft
Тестовий світильник 4692,QA-04692,48200004692,4199,11,100,зелений,draft
Тестовий світильник 4693,QA-04693,48200004693,4699,12,50,сірий,draft
Тестовий світильник 4694,QA-04694,48200004694,5199,13,75,чорний,draft
Тестовий світильник 4695,QA-04695,48200004695,5699,14,100,зелений,draft
Тестовий світильник 4696,QA-04696,48200004696,3699,15,50,сірий,draft
Тестовий світильник 4697,QA-04697,48200004697,4199,16,75,чорний,draft
Тестовий світильник 4698,QA-04698,48200004698,4699,17,100,зелений,draft
Тестовий світильник 4699,QA-04699,48200004699,5199,18,50,сірий,draft
Тестовий світильник 4700,QA-04700,48200004700,5699,19,75,чорний,draft
Тестовий світильник 4701,QA-04701,48200004701,3699,0,100,зелений,draft
Тестовий світильник 4702,QA-04702,48200004702,4199,1,50,сірий,draft
Тестовий світильник 4703,QA-04703,48200004703,4699,2,75,чорний,draft
Тестовий світильник 4704,QA-04704,48200004704,5199,3,100,зелений,draft
Тестовий світильник 4705,QA-04705,48200004705,5699,4,50,сірий,draft
Тестовий світильник 4706,QA-04706,48200004706,3699,5,75,чорний,draft
Тестовий світильник 4707,QA-04707,48200004707,4199,6,100,зелений,draft
Тестовий світильник 4708,QA-04708,48200004708,4699,7,50,сірий,draft
Тестовий світильник 4709,QA-04709,48200004709,5199,8,75,чорний,draft
Тестовий світильник 4710,QA-04710,48200004710,5699,9,100,зелений,draft
Тестовий світильник 4711,QA-04711,48200004711,3699,10,50,сірий,draft
Тестовий світильник 4712,QA-04712,48200004712,4199,11,75,чорний,draft
Тестовий світильник 4713,QA-04713,48200004713,4699,12,100,зелений,draft
Тестовий світильник 4714,QA-04714,48200004714,5199,13,50,сірий,draft
Тестовий світильник 4715,QA-04715,48200004715,5699,14,75,чорний,draft
Тестовий світильник 4716,QA-04716,48200004716,3699,15,100,зелений,draft
Тестовий світильник 4717,QA-04717,48200004717,4199,16,50,сірий,draft
Тестовий світильник 4718,QA-04718,48200004718,4699,17,75,чорний,draft
Тестовий світильник 4719,QA-04719,48200004719,5199,18,100,зелений,draft
Тестовий світильник 4720,QA-04720,48200004720,5699,19,50,сірий,draft
Тестовий світильник 4721,QA-04721,48200004721,3699,0,75,чорний,draft
Тестовий світильник 4722,QA-04722,48200004722,4199,1,100,зелений,draft
Тестовий світильник 4723,QA-04723,48200004723,4699,2,50,сірий,draft
Тестовий світильник 4724,QA-04724,48200004724,5199,3,75,чорний,draft
Тестовий світильник 4725,QA-04725,48200004725,5699,4,100,зелений,draft
Тестовий світильник 4726,QA-04726,48200004726,3699,5,50,сірий,draft
Тестовий світильник 4727,QA-04727,48200004727,4199,6,75,чорний,draft
Тестовий світильник 4728,QA-04728,48200004728,4699,7,100,зелений,draft
Тестовий світильник 4729,QA-04729,48200004729,5199,8,50,сірий,draft
Тестовий світильник 4730,QA-04730,48200004730,5699,9,75,чорний,draft
Тестовий світильник 4731,QA-04731,48200004731,3699,10,100,зелений,draft
Тестовий світильник 4732,QA-04732,48200004732,4199,11,50,сірий,draft
Тестовий світильник 4733,QA-04733,48200004733,4699,12,75,чорний,draft
Тестовий світильник 4734,QA-04734,48200004734,5199,13,100,зелений,draft
Тестовий світильник 4735,QA-04735,48200004735,5699,14,50,сірий,draft
Тестовий світильник 4736,QA-04736,48200004736,3699,15,75,чорний,draft
Тестовий світильник 4737,QA-04737,48200004737,4199,16,100,зелений,draft
Тестовий світильник 4738,QA-04738,48200004738,4699,17,50,сірий,draft
Тестовий світильник 4739,QA-04739,48200004739,5199,18,75,чорний,draft
Тестовий світильник 4740,QA-04740,48200004740,5699,19,100,зелений,draft
Тестовий світильник 4741,QA-04741,48200004741,3699,0,50,сірий,draft
Тестовий світильник 4742,QA-04742,48200004742,4199,1,75,чорний,draft
Тестовий світильник 4743,QA-04743,48200004743,4699,2,100,зелений,draft
Тестовий світильник 4744,QA-04744,48200004744,5199,3,50,сірий,draft
Тестовий світильник 4745,QA-04745,48200004745,5699,4,75,чорний,draft
Тестовий світильник 4746,QA-04746,48200004746,3699,5,100,зелений,draft
Тестовий світильник 4747,QA-04747,48200004747,4199,6,50,сірий,draft
Тестовий світильник 4748,QA-04748,48200004748,4699,7,75,чорний,draft
Тестовий світильник 4749,QA-04749,48200004749,5199,8,100,зелений,draft
Тестовий світильник 4750,QA-04750,48200004750,5699,9,50,сірий,draft
Тестовий світильник 4751,QA-04751,48200004751,3699,10,75,чорний,draft
Тестовий світильник 4752,QA-04752,48200004752,4199,11,100,зелений,draft
Тестовий світильник 4753,QA-04753,48200004753,4699,12,50,сірий,draft
Тестовий світильник 4754,QA-04754,48200004754,5199,13,75,чорний,draft
Тестовий світильник 4755,QA-04755,48200004755,5699,14,100,зелений,draft
Тестовий світильник 4756,QA-04756,48200004756,3699,15,50,сірий,draft
Тестовий світильник 4757,QA-04757,48200004757,4199,16,75,чорний,draft
Тестовий світильник 4758,QA-04758,48200004758,4699,17,100,зелений,draft
Тестовий світильник 4759,QA-04759,48200004759,5199,18,50,сірий,draft
Тестовий світильник 4760,QA-04760,48200004760,5699,19,75,чорний,draft
Тестовий світильник 4761,QA-04761,48200004761,3699,0,100,зелений,draft
Тестовий світильник 4762,QA-04762,48200004762,4199,1,50,сірий,draft
Тестовий світильник 4763,QA-04763,48200004763,4699,2,75,чорний,draft
Тестовий світильник 4764,QA-04764,48200004764,5199,3,100,зелений,draft
Тестовий світильник 4765,QA-04765,48200004765,5699,4,50,сірий,draft
Тестовий світильник 4766,QA-04766,48200004766,3699,5,75,чорний,draft
Тестовий світильник 4767,QA-04767,48200004767,4199,6,100,зелений,draft
Тестовий світильник 4768,QA-04768,48200004768,4699,7,50,сірий,draft
Тестовий світильник 4769,QA-04769,48200004769,5199,8,75,чорний,draft
Тестовий світильник 4770,QA-04770,48200004770,5699,9,100,зелений,draft
Тестовий світильник 4771,QA-04771,48200004771,3699,10,50,сірий,draft
Тестовий світильник 4772,QA-04772,48200004772,4199,11,75,чорний,draft
Тестовий світильник 4773,QA-04773,48200004773,4699,12,100,зелений,draft
Тестовий світильник 4774,QA-04774,48200004774,5199,13,50,сірий,draft
Тестовий світильник 4775,QA-04775,48200004775,5699,14,75,чорний,draft
Тестовий світильник 4776,QA-04776,48200004776,3699,15,100,зелений,draft
Тестовий світильник 4777,QA-04777,48200004777,4199,16,50,сірий,draft
Тестовий світильник 4778,QA-04778,48200004778,4699,17,75,чорний,draft
Тестовий світильник 4779,QA-04779,48200004779,5199,18,100,зелений,draft
Тестовий світильник 4780,QA-04780,48200004780,5699,19,50,сірий,draft
Тестовий світильник 4781,QA-04781,48200004781,3699,0,75,чорний,draft
Тестовий світильник 4782,QA-04782,48200004782,4199,1,100,зелений,draft
Тестовий світильник 4783,QA-04783,48200004783,4699,2,50,сірий,draft
Тестовий світильник 4784,QA-04784,48200004784,5199,3,75,чорний,draft
Тестовий світильник 4785,QA-04785,48200004785,5699,4,100,зелений,draft
Тестовий світильник 4786,QA-04786,48200004786,3699,5,50,сірий,draft
Тестовий світильник 4787,QA-04787,48200004787,4199,6,75,чорний,draft
Тестовий світильник 4788,QA-04788,48200004788,4699,7,100,зелений,draft
Тестовий світильник 4789,QA-04789,48200004789,5199,8,50,сірий,draft
Тестовий світильник 4790,QA-04790,48200004790,5699,9,75,чорний,draft
Тестовий світильник 4791,QA-04791,48200004791,3699,10,100,зелений,draft
Тестовий світильник 4792,QA-04792,48200004792,4199,11,50,сірий,draft
Тестовий світильник 4793,QA-04793,48200004793,4699,12,75,чорний,draft
Тестовий світильник 4794,QA-04794,48200004794,5199,13,100,зелений,draft
Тестовий світильник 4795,QA-04795,48200004795,5699,14,50,сірий,draft
Тестовий світильник 4796,QA-04796,48200004796,3699,15,75,чорний,draft
Тестовий світильник 4797,QA-04797,48200004797,4199,16,100,зелений,draft
Тестовий світильник 4798,QA-04798,48200004798,4699,17,50,сірий,draft
Тестовий світильник 4799,QA-04799,48200004799,5199,18,75,чорний,draft
Тестовий світильник 4800,QA-04800,48200004800,5699,19,100,зелений,draft
Тестовий світильник 4801,QA-04801,48200004801,3699,0,50,сірий,draft
Тестовий світильник 4802,QA-04802,48200004802,4199,1,75,чорний,draft
Тестовий світильник 4803,QA-04803,48200004803,4699,2,100,зелений,draft
Тестовий світильник 4804,QA-04804,48200004804,5199,3,50,сірий,draft
Тестовий світильник 4805,QA-04805,48200004805,5699,4,75,чорний,draft
Тестовий світильник 4806,QA-04806,48200004806,3699,5,100,зелений,draft
Тестовий світильник 4807,QA-04807,48200004807,4199,6,50,сірий,draft
Тестовий світильник 4808,QA-04808,48200004808,4699,7,75,чорний,draft
Тестовий світильник 4809,QA-04809,48200004809,5199,8,100,зелений,draft
Тестовий світильник 4810,QA-04810,48200004810,5699,9,50,сірий,draft
Тестовий світильник 4811,QA-04811,48200004811,3699,10,75,чорний,draft
Тестовий світильник 4812,QA-04812,48200004812,4199,11,100,зелений,draft
Тестовий світильник 4813,QA-04813,48200004813,4699,12,50,сірий,draft
Тестовий світильник 4814,QA-04814,48200004814,5199,13,75,чорний,draft
Тестовий світильник 4815,QA-04815,48200004815,5699,14,100,зелений,draft
Тестовий світильник 4816,QA-04816,48200004816,3699,15,50,сірий,draft
Тестовий світильник 4817,QA-04817,48200004817,4199,16,75,чорний,draft
Тестовий світильник 4818,QA-04818,48200004818,4699,17,100,зелений,draft
Тестовий світильник 4819,QA-04819,48200004819,5199,18,50,сірий,draft
Тестовий світильник 4820,QA-04820,48200004820,5699,19,75,чорний,draft
Тестовий світильник 4821,QA-04821,48200004821,3699,0,100,зелений,draft
Тестовий світильник 4822,QA-04822,48200004822,4199,1,50,сірий,draft
Тестовий світильник 4823,QA-04823,48200004823,4699,2,75,чорний,draft
Тестовий світильник 4824,QA-04824,48200004824,5199,3,100,зелений,draft
Тестовий світильник 4825,QA-04825,48200004825,5699,4,50,сірий,draft
Тестовий світильник 4826,QA-04826,48200004826,3699,5,75,чорний,draft
Тестовий світильник 4827,QA-04827,48200004827,4199,6,100,зелений,draft
Тестовий світильник 4828,QA-04828,48200004828,4699,7,50,сірий,draft
Тестовий світильник 4829,QA-04829,48200004829,5199,8,75,чорний,draft
Тестовий світильник 4830,QA-04830,48200004830,5699,9,100,зелений,draft
Тестовий світильник 4831,QA-04831,48200004831,3699,10,50,сірий,draft
Тестовий світильник 4832,QA-04832,48200004832,4199,11,75,чорний,draft
Тестовий світильник 4833,QA-04833,48200004833,4699,12,100,зелений,draft
Тестовий світильник 4834,QA-04834,48200004834,5199,13,50,сірий,draft
Тестовий світильник 4835,QA-04835,48200004835,5699,14,75,чорний,draft
Тестовий світильник 4836,QA-04836,48200004836,3699,15,100,зелений,draft
Тестовий світильник 4837,QA-04837,48200004837,4199,16,50,сірий,draft
Тестовий світильник 4838,QA-04838,48200004838,4699,17,75,чорний,draft
Тестовий світильник 4839,QA-04839,48200004839,5199,18,100,зелений,draft
Тестовий світильник 4840,QA-04840,48200004840,5699,19,50,сірий,draft
Тестовий світильник 4841,QA-04841,48200004841,3699,0,75,чорний,draft
Тестовий світильник 4842,QA-04842,48200004842,4199,1,100,зелений,draft
Тестовий світильник 4843,QA-04843,48200004843,4699,2,50,сірий,draft
Тестовий світильник 4844,QA-04844,48200004844,5199,3,75,чорний,draft
Тестовий світильник 4845,QA-04845,48200004845,5699,4,100,зелений,draft
Тестовий світильник 4846,QA-04846,48200004846,3699,5,50,сірий,draft
Тестовий світильник 4847,QA-04847,48200004847,4199,6,75,чорний,draft
Тестовий світильник 4848,QA-04848,48200004848,4699,7,100,зелений,draft
Тестовий світильник 4849,QA-04849,48200004849,5199,8,50,сірий,draft
Тестовий світильник 4850,QA-04850,48200004850,5699,9,75,чорний,draft
Тестовий світильник 4851,QA-04851,48200004851,3699,10,100,зелений,draft
Тестовий світильник 4852,QA-04852,48200004852,4199,11,50,сірий,draft
Тестовий світильник 4853,QA-04853,48200004853,4699,12,75,чорний,draft
Тестовий світильник 4854,QA-04854,48200004854,5199,13,100,зелений,draft
Тестовий світильник 4855,QA-04855,48200004855,5699,14,50,сірий,draft
Тестовий світильник 4856,QA-04856,48200004856,3699,15,75,чорний,draft
Тестовий світильник 4857,QA-04857,48200004857,4199,16,100,зелений,draft
Тестовий світильник 4858,QA-04858,48200004858,4699,17,50,сірий,draft
Тестовий світильник 4859,QA-04859,48200004859,5199,18,75,чорний,draft
Тестовий світильник 4860,QA-04860,48200004860,5699,19,100,зелений,draft
Тестовий світильник 4861,QA-04861,48200004861,3699,0,50,сірий,draft
Тестовий світильник 4862,QA-04862,48200004862,4199,1,75,чорний,draft
Тестовий світильник 4863,QA-04863,48200004863,4699,2,100,зелений,draft
Тестовий світильник 4864,QA-04864,48200004864,5199,3,50,сірий,draft
Тестовий світильник 4865,QA-04865,48200004865,5699,4,75,чорний,draft
Тестовий світильник 4866,QA-04866,48200004866,3699,5,100,зелений,draft
Тестовий світильник 4867,QA-04867,48200004867,4199,6,50,сірий,draft
Тестовий світильник 4868,QA-04868,48200004868,4699,7,75,чорний,draft
Тестовий світильник 4869,QA-04869,48200004869,5199,8,100,зелений,draft
Тестовий світильник 4870,QA-04870,48200004870,5699,9,50,сірий,draft
Тестовий світильник 4871,QA-04871,48200004871,3699,10,75,чорний,draft
Тестовий світильник 4872,QA-04872,48200004872,4199,11,100,зелений,draft
Тестовий світильник 4873,QA-04873,48200004873,4699,12,50,сірий,draft
Тестовий світильник 4874,QA-04874,48200004874,5199,13,75,чорний,draft
Тестовий світильник 4875,QA-04875,48200004875,5699,14,100,зелений,draft
Тестовий світильник 4876,QA-04876,48200004876,3699,15,50,сірий,draft
Тестовий світильник 4877,QA-04877,48200004877,4199,16,75,чорний,draft
Тестовий світильник 4878,QA-04878,48200004878,4699,17,100,зелений,draft
Тестовий світильник 4879,QA-04879,48200004879,5199,18,50,сірий,draft
Тестовий світильник 4880,QA-04880,48200004880,5699,19,75,чорний,draft
Тестовий світильник 4881,QA-04881,48200004881,3699,0,100,зелений,draft
Тестовий світильник 4882,QA-04882,48200004882,4199,1,50,сірий,draft
Тестовий світильник 4883,QA-04883,48200004883,4699,2,75,чорний,draft
Тестовий світильник 4884,QA-04884,48200004884,5199,3,100,зелений,draft
Тестовий світильник 4885,QA-04885,48200004885,5699,4,50,сірий,draft
Тестовий світильник 4886,QA-04886,48200004886,3699,5,75,чорний,draft
Тестовий світильник 4887,QA-04887,48200004887,4199,6,100,зелений,draft
Тестовий світильник 4888,QA-04888,48200004888,4699,7,50,сірий,draft
Тестовий світильник 4889,QA-04889,48200004889,5199,8,75,чорний,draft
Тестовий світильник 4890,QA-04890,48200004890,5699,9,100,зелений,draft
Тестовий світильник 4891,QA-04891,48200004891,3699,10,50,сірий,draft
Тестовий світильник 4892,QA-04892,48200004892,4199,11,75,чорний,draft
Тестовий світильник 4893,QA-04893,48200004893,4699,12,100,зелений,draft
Тестовий світильник 4894,QA-04894,48200004894,5199,13,50,сірий,draft
Тестовий світильник 4895,QA-04895,48200004895,5699,14,75,чорний,draft
Тестовий світильник 4896,QA-04896,48200004896,3699,15,100,зелений,draft
Тестовий світильник 4897,QA-04897,48200004897,4199,16,50,сірий,draft
Тестовий світильник 4898,QA-04898,48200004898,4699,17,75,чорний,draft
Тестовий світильник 4899,QA-04899,48200004899,5199,18,100,зелений,draft
Тестовий світильник 4900,QA-04900,48200004900,5699,19,50,сірий,draft
Тестовий світильник 4901,QA-04901,48200004901,3699,0,75,чорний,draft
Тестовий світильник 4902,QA-04902,48200004902,4199,1,100,зелений,draft
Тестовий світильник 4903,QA-04903,48200004903,4699,2,50,сірий,draft
Тестовий світильник 4904,QA-04904,48200004904,5199,3,75,чорний,draft
Тестовий світильник 4905,QA-04905,48200004905,5699,4,100,зелений,draft
Тестовий світильник 4906,QA-04906,48200004906,3699,5,50,сірий,draft
Тестовий світильник 4907,QA-04907,48200004907,4199,6,75,чорний,draft
Тестовий світильник 4908,QA-04908,48200004908,4699,7,100,зелений,draft
Тестовий світильник 4909,QA-04909,48200004909,5199,8,50,сірий,draft
Тестовий світильник 4910,QA-04910,48200004910,5699,9,75,чорний,draft
Тестовий світильник 4911,QA-04911,48200004911,3699,10,100,зелений,draft
Тестовий світильник 4912,QA-04912,48200004912,4199,11,50,сірий,draft
Тестовий світильник 4913,QA-04913,48200004913,4699,12,75,чорний,draft
Тестовий світильник 4914,QA-04914,48200004914,5199,13,100,зелений,draft
Тестовий світильник 4915,QA-04915,48200004915,5699,14,50,сірий,draft
Тестовий світильник 4916,QA-04916,48200004916,3699,15,75,чорний,draft
Тестовий світильник 4917,QA-04917,48200004917,4199,16,100,зелений,draft
Тестовий світильник 4918,QA-04918,48200004918,4699,17,50,сірий,draft
Тестовий світильник 4919,QA-04919,48200004919,5199,18,75,чорний,draft
Тестовий світильник 4920,QA-04920,48200004920,5699,19,100,зелений,draft
Тестовий світильник 4921,QA-04921,48200004921,3699,0,50,сірий,draft
Тестовий світильник 4922,QA-04922,48200004922,4199,1,75,чорний,draft
Тестовий світильник 4923,QA-04923,48200004923,4699,2,100,зелений,draft
Тестовий світильник 4924,QA-04924,48200004924,5199,3,50,сірий,draft
Тестовий світильник 4925,QA-04925,48200004925,5699,4,75,чорний,draft
Тестовий світильник 4926,QA-04926,48200004926,3699,5,100,зелений,draft
Тестовий світильник 4927,QA-04927,48200004927,4199,6,50,сірий,draft
Тестовий світильник 4928,QA-04928,48200004928,4699,7,75,чорний,draft
Тестовий світильник 4929,QA-04929,48200004929,5199,8,100,зелений,draft
Тестовий світильник 4930,QA-04930,48200004930,5699,9,50,сірий,draft
Тестовий світильник 4931,QA-04931,48200004931,3699,10,75,чорний,draft
Тестовий світильник 4932,QA-04932,48200004932,4199,11,100,зелений,draft
Тестовий світильник 4933,QA-04933,48200004933,4699,12,50,сірий,draft
Тестовий світильник 4934,QA-04934,48200004934,5199,13,75,чорний,draft
Тестовий світильник 4935,QA-04935,48200004935,5699,14,100,зелений,draft
Тестовий світильник 4936,QA-04936,48200004936,3699,15,50,сірий,draft
Тестовий світильник 4937,QA-04937,48200004937,4199,16,75,чорний,draft
Тестовий світильник 4938,QA-04938,48200004938,4699,17,100,зелений,draft
Тестовий світильник 4939,QA-04939,48200004939,5199,18,50,сірий,draft
Тестовий світильник 4940,QA-04940,48200004940,5699,19,75,чорний,draft
Тестовий світильник 4941,QA-04941,48200004941,3699,0,100,зелений,draft
Тестовий світильник 4942,QA-04942,48200004942,4199,1,50,сірий,draft
Тестовий світильник 4943,QA-04943,48200004943,4699,2,75,чорний,draft
Тестовий світильник 4944,QA-04944,48200004944,5199,3,100,зелений,draft
Тестовий світильник 4945,QA-04945,48200004945,5699,4,50,сірий,draft
Тестовий світильник 4946,QA-04946,48200004946,3699,5,75,чорний,draft
Тестовий світильник 4947,QA-04947,48200004947,4199,6,100,зелений,draft
Тестовий світильник 4948,QA-04948,48200004948,4699,7,50,сірий,draft
Тестовий світильник 4949,QA-04949,48200004949,5199,8,75,чорний,draft
Тестовий світильник 4950,QA-04950,48200004950,5699,9,100,зелений,draft
Тестовий світильник 4951,QA-04951,48200004951,3699,10,50,сірий,draft
Тестовий світильник 4952,QA-04952,48200004952,4199,11,75,чорний,draft
Тестовий світильник 4953,QA-04953,48200004953,4699,12,100,зелений,draft
Тестовий світильник 4954,QA-04954,48200004954,5199,13,50,сірий,draft
Тестовий світильник 4955,QA-04955,48200004955,5699,14,75,чорний,draft
Тестовий світильник 4956,QA-04956,48200004956,3699,15,100,зелений,draft
Тестовий світильник 4957,QA-04957,48200004957,4199,16,50,сірий,draft
Тестовий світильник 4958,QA-04958,48200004958,4699,17,75,чорний,draft
Тестовий світильник 4959,QA-04959,48200004959,5199,18,100,зелений,draft
Тестовий світильник 4960,QA-04960,48200004960,5699,19,50,сірий,draft
Тестовий світильник 4961,QA-04961,48200004961,3699,0,75,чорний,draft
Тестовий світильник 4962,QA-04962,48200004962,4199,1,100,зелений,draft
Тестовий світильник 4963,QA-04963,48200004963,4699,2,50,сірий,draft
Тестовий світильник 4964,QA-04964,48200004964,5199,3,75,чорний,draft
Тестовий світильник 4965,QA-04965,48200004965,5699,4,100,зелений,draft
Тестовий світильник 4966,QA-04966,48200004966,3699,5,50,сірий,draft
Тестовий світильник 4967,QA-04967,48200004967,4199,6,75,чорний,draft
Тестовий світильник 4968,QA-04968,48200004968,4699,7,100,зелений,draft
Тестовий світильник 4969,QA-04969,48200004969,5199,8,50,сірий,draft
Тестовий світильник 4970,QA-04970,48200004970,5699,9,75,чорний,draft
Тестовий світильник 4971,QA-04971,48200004971,3699,10,100,зелений,draft
Тестовий світильник 4972,QA-04972,48200004972,4199,11,50,сірий,draft
Тестовий світильник 4973,QA-04973,48200004973,4699,12,75,чорний,draft
Тестовий світильник 4974,QA-04974,48200004974,5199,13,100,зелений,draft
Тестовий світильник 4975,QA-04975,48200004975,5699,14,50,сірий,draft
Тестовий світильник 4976,QA-04976,48200004976,3699,15,75,чорний,draft
Тестовий світильник 4977,QA-04977,48200004977,4199,16,100,зелений,draft
Тестовий світильник 4978,QA-04978,48200004978,4699,17,50,сірий,draft
Тестовий світильник 4979,QA-04979,48200004979,5199,18,75,чорний,draft
Тестовий світильник 4980,QA-04980,48200004980,5699,19,100,зелений,draft
Тестовий світильник 4981,QA-04981,48200004981,3699,0,50,сірий,draft
Тестовий світильник 4982,QA-04982,48200004982,4199,1,75,чорний,draft
Тестовий світильник 4983,QA-04983,48200004983,4699,2,100,зелений,draft
Тестовий світильник 4984,QA-04984,48200004984,5199,3,50,сірий,draft
Тестовий світильник 4985,QA-04985,48200004985,5699,4,75,чорний,draft
Тестовий світильник 4986,QA-04986,48200004986,3699,5,100,зелений,draft
Тестовий світильник 4987,QA-04987,48200004987,4199,6,50,сірий,draft
Тестовий світильник 4988,QA-04988,48200004988,4699,7,75,чорний,draft
Тестовий світильник 4989,QA-04989,48200004989,5199,8,100,зелений,draft
Тестовий світильник 4990,QA-04990,48200004990,5699,9,50,сірий,draft
Тестовий світильник 4991,QA-04991,48200004991,3699,10,75,чорний,draft
Тестовий світильник 4992,QA-04992,48200004992,4199,11,100,зелений,draft
Тестовий світильник 4993,QA-04993,48200004993,4699,12,50,сірий,draft
Тестовий світильник 4994,QA-04994,48200004994,5199,13,75,чорний,draft
Тестовий світильник 4995,QA-04995,48200004995,5699,14,100,зелений,draft
Тестовий світильник 4996,QA-04996,48200004996,3699,15,50,сірий,draft
Тестовий світильник 4997,QA-04997,48200004997,4199,16,75,чорний,draft
Тестовий світильник 4998,QA-04998,48200004998,4699,17,100,зелений,draft
Тестовий світильник 4999,QA-04999,48200004999,5199,18,50,сірий,draft
Тестовий світильник 5000,QA-05000,48200005000,5699,19,75,чорний,draft
